source_id,title,classification,score_0_100,meal_type,time_estimate,difficulty,main_ingredients,source_ingredients_full,source_steps_full,source_notes_raw,source_file,why_good_or_bad,reject_reason,duplicate_risk,similar_existing_recipe,cis_availability,nutrition_feasibility,adaptation_needed,manual_review_notes,user_decision
Все рецепты!R89 | SWBAND.CO | page/file 99,Белковые фаршированные мини-перцы с лососем,GOOD_CANDIDATE,92,breakfast,15-30 min,medium,Мини-перцы; Творог 5%; Копчёный лосось; Укроп; Оливковое масло,"Мини-перцы — 12 шт.
• Творог 5% — 250 г
• Копчёный лосось
- 180 г
Укроп — 15 г
Лимонный сок — 10 мл
Оливковое масло — 5 мл
• Чёрный перец —1 г","1.
Разрежьте перцы вдоль и удалите
семена.
2.
Мелко порубите лосось.
З.
Смешайте творог, лосось, укроп,
лимонный сок, масло и перец.
4.
Наполните половинки перцев.
5.
Уберите в холодильник на 20
минут.","О А Творог и копчёный лосось без термообработки — все питательные
вещества сохраняются. Вместе они дают кальций, омега-З и
высококачественный белок. Один средний перец покрывает суточную
норму витамина С.
Показания: при дефиците кальция и омега-З, при беременности.
Быстрая з ку ка езг товки.",[SWBAND.CO] 102 рецепта для снижения веса тела.pdf,clear cooking steps; usable quantities; protein-forward; balanced main ingredients,,low,,medium,good,consider replacing rare/expensive items with CIS supermarket alternatives,SWBAND row came from OCR extraction; verify text and quantities; source notes may contain OCR artifacts,
Все рецепты!R42 | SWBAND.CO | page/file 48,Бургер в хрустящем листе айсберга,GOOD_CANDIDATE,92,unknown,up to 15 min,medium,Говяжий фарш; сыр; Айсберг; Томаты; Красный лук; Соус: греческий йогурт,"• Говяжий фарш — 600 г
• сыр -120 г
Айсберг — 1 кочан
150 г
. Томаты —
Красный лук — 50 г
• Соус: греческий йогурт
- 100 г,
горчица — 10 г, чеснок — 4 г","1.
Сформировать 4 котлеты.
2.
Жарить по 4 мин с каждой стороны.
Листья айсберга разобрать, самые
З.
крупные оставить целыми.
Смешать соус.
4.
Собрать: лист айсберга — соус —
5.
котлета — сыр — томат — лук —
второй лист.","О Замена хлебной булочки листом айсберга убирает около 200 ккал и
40 г углеводов из блюда. Айсберг содержит лактуцин — вещество с
лёгким успокаивающим эффектом. Говяжья котлета с сыром при минимуме
углеводов — вариант для низкоуглеводного питания.
Показания: При диабете, кетодиете и строгом снижении веса. Хорошо
подходит тем, кто из егает глютена.
1 бургер бе
Порция",[SWBAND.CO] 102 рецепта для снижения веса тела.pdf,clear cooking steps; usable quantities; protein-forward; balanced main ingredients,,low,,good,good,,SWBAND row came from OCR extraction; verify text and quantities; source notes may contain OCR artifacts,
Все рецепты!R43 | SWBAND.CO | page/file 49,Бургер в чесночной йогуртовой булочке,GOOD_CANDIDATE,92,unknown,15-30 min,medium,"Мука цельнозерновая; йогурт; Разрыхлитель; Сухой чеснок; Кунжут, желток; Фарш индейки","Мука цельнозерновая — 220 г
йогурт — 180 г
Разрыхлитель — 8 г
Соль — 4 г
Сухой чеснок — 4 г
Кунжут, желток — 1 шт.
• Фарш индейки — 600 г
лук - 60 г
• Соль —8 г, перец —2 г
Начинка:
150 г
. томаты —
• салат — 60 г
• красный лук — 50 г
дзадзики — 120 г","Смешать муку, соль, чеснок, разрыхлитель.
1.
Добавить йогурт, замесить тесто.
2.
Разделить на 4 шарика, смазать желтком,
посыпать кунжутом.
Выпекать 20 мин при 1900С.
З.
Смешать фарш с луком и специями.
4.
Сформировать котлеты.
5.
Жарить по 4 мин с каждой стороны.
Собрать: булочка — соус — салат — котлета —
6.
томат — лук.","О Йогуртовое тесто без дрожжей поднимается за счёт реакции разрыхлителя с молочной
кислотой. Гликемический индекс такой булочки ниже, чем у дрожжевой. Цельнозерновая мука
сохраняет отруби п зароды
летчатку,магний и витамины.группы.
Показания:
и непереносиме
дходит на сни ении веса как
замена фастфуд-бургеру.",[SWBAND.CO] 102 рецепта для снижения веса тела.pdf,clear cooking steps; usable quantities; protein-forward; balanced main ingredients,,low,,good,good,,SWBAND row came from OCR extraction; verify text and quantities; source notes may contain OCR artifacts,
Все рецепты!R80 | SWBAND.CO | page/file 89,Зелёная окрошка на минералке с лососем,GOOD_CANDIDATE,92,lunch,10-20 min,medium,Малосольный лосось; Минералка; Огурцы; Авокадо; Укроп; Зелёный лук,"• Малосольный лосось —
250 г
• Минералка — 1 л
Огурцы - 350 г
• Авокадо — 100 г
Укроп — 20 г
• Зелёный лук — 20 г
• Заправка: греческий йогурт
- 120 г,
лимон — 10 мл
О
А Малосольный лосось содержит омега-З в полном объёме
термообработка не нужна. Минеральная вода делает основу максимально
лёгкой. Авокадо добавляет мононенасыщенные жиры. Солёность лосося
нужно учитывать при добавлении соли — часто она не нужна вовсе.","1.
Лосось нарезать кубиком.
2.
Огурцы и авокадо нарезать мелко.
З.
Смешать йогуртовую заправку.
4.
5.
Перед подачей залить минералкой.","Показания: При дефиците омега-З и в период беременности.
Один из
Порция: —400 П",[SWBAND.CO] 102 рецепта для снижения веса тела.pdf,clear cooking steps; usable quantities; protein-forward; balanced main ingredients,,low,,medium,good,consider replacing rare/expensive items with CIS supermarket alternatives,SWBAND row came from OCR extraction; verify text and quantities; source notes may contain OCR artifacts,
Все рецепты!R75 | SWBAND.CO | page/file 84,Классическая окрошка на квасе с языком,GOOD_CANDIDATE,92,lunch,15-30 min,medium,Отварной говяжий язьк; Несладкий квас; Огурцы; редис; Яйца; отварной картофель,"Отварной говяжий язьк
- 350 г
• Несладкий квас — 1,2 л
Огурцы — 300 г • редис
- 200 г
Яйца — 4 шт. • отварной картофель — 250
Зелёный лук — 30 г • укроп — 20 г
• Соль — 6 г • чёрный перец — 2 г
• Заправка: сметана — 120 г, горчица
— 15 г, тёртый хрен — 10 г
Л После смешивания окрошку обязательно охладите минимум 20 минут
Д
раскрывается только в холодном виде.
О
Говяжий язьк — богатый источник железа, цинка и витамина В12. Квас содержит
витамины группы В, живые дрожжи и молочнокислые бактерии. Хрен в заправке
стимулирует щеварение
, пищеваре в жару. одно","1.
Нарежьте мелким кубиком язьк,
картофель, яйцо, огурцы и редис.
2.
Зелёный лук и укроп мелко нарубите.
Смешайте сметану с горчицей и
З.
хреном.
4.
поперчите.
5.
Перед подачей залейте хорошо
охлаждённым квасом.
Охладите 20 минут.
6.
— вкус",", пищеваре в жару. одно
Показания: При железод
из лучших ле их восстанавливающиЖ'5ћО",[SWBAND.CO] 102 рецепта для снижения веса тела.pdf,clear cooking steps; usable quantities; protein-forward; balanced main ingredients,,low,,good,good,,SWBAND row came from OCR extraction; verify text and quantities; source notes may contain OCR artifacts,
Все рецепты!R41 | SWBAND.CO | page/file 47,Лахмаджун,GOOD_CANDIDATE,92,unknown,up to 15 min,medium,Тонкий лаваш; Говяжий фарш; Томаты; Сулугуни; лук; Паприка,"Тонкий лаваш — 2 листа (160 г)
- 500 г
• Говяжий фарш
• Томаты — 200 г
Сулугуни — 180 г
лук - 70 г
Паприка — 4 г • Соль — 7 г","1.
Лук и томаты очень мелко
нарезать.
2.
Смешать с фаршем и специями.
З.
Разрезать лаваш на 4 части.
4.
Тонко распределить фарш по
поверхности.
5.
Посыпать натёртым сулугуни.
Запекать 12—15 минут при 220 0 С.
6.","О Лаваш снижает калорийность вдвое по сравнению с
традиционным ламаджо. Томаты при 220 0 С увеличивают
биодоступность ликопина.
Показания: Для быстрого обеда с высоким содержанием белка.
Вписывается в рацион при снижении веса",[SWBAND.CO] 102 рецепта для снижения веса тела.pdf,clear cooking steps; usable quantities; protein-forward; balanced main ingredients,,low,,good,good,,SWBAND row came from OCR extraction; verify text and quantities; source notes may contain OCR artifacts,
Все рецепты!R56 | SWBAND.CO | page/file 63,Молодая морковь с йогуртом и фисташками,GOOD_CANDIDATE,92,unknown,15-30 min,medium,Молодая морковь; Рафинированное масло авокадо; мл; для подачи: йогурт; фисташки; оливковое масло extra virgin,"• Молодая морковь — 700 г
• Рафинированное масло авокадо —
15 мл
• для подачи: йогурт — 150 г,
фисташки — 30 г, мята — 10 г,
оливковое масло extra virgin — 10
мл","1.
Морковь смазать маслом.
Запекать 30 мин при 2000С до
2.
мягкости и карамелизации.
Йогурт выложить на блюдо.
З.
Сверху выложить горячую морковь.
4.
5.
Посыпать фисташками и мятой.
Сбрызнуть оливковым маслом.
6.","О Запекание моркови повышает биодоступность бета-каротина —
каротиноиды высвобождаются из разрушенных клеточных стенок.
Оливковое масло при подаче необходимо для их усвоения. Фисташки
содержат витамин Вб, медь и лютеин.
Показания: При дефиците витамина А — сухость кожи, ухудшение
зрения в сумерках. Хорошо подходит для детского питания.
Порция -175 г морк ви• соус",[SWBAND.CO] 102 рецепта для снижения веса тела.pdf,clear cooking steps; usable quantities; protein-forward; balanced main ingredients,,low,,medium,good,consider replacing rare/expensive items with CIS supermarket alternatives,SWBAND row came from OCR extraction; verify text and quantities; source notes may contain OCR artifacts,
Все рецепты!R74 | SWBAND.CO | page/file 82,Обновлённый «Король микробиома»,GOOD_CANDIDATE,92,snack,10-20 min,medium,Топинамбур; Морковь; Свёкла; Сельдерей; Капуста; Шпинат,"Топинамбур — 150 г • Морковь — 100 г
• Свёкла — 100 г • Сельдерей — 100 г
• Капуста — 150 г • Шпинат — 50 г
Яблоко с кожурой — 100 г
Варёный нут — 100 г
Семена чиа — 15 г
• Молотые семена льна — 15 г
Грецкие орехи — 20 г
Заправка: оливковое масло, лимон,
горчица, специи
Д
Вводить в рацион постепенно — большое количество инулина может вызывать
вздутие.
А Топинамбур содержит инулин — один из наиболее эффективных пребиотиков,
О
питающих бифидобактерии. Семена чиа и льна добавляют растворимую клетчатку
и омега-З. Су марно салат наёт околе 40 г клетчатки — двойная уточная норма.","1.
Все овощи и яблоко нарезать или
натереть.
2.
Смешать всё в большой миске.
З.
Добавить нут, семена чиа, льна и орехи.
Заправить оливковым маслом, лимоном
4.
и горчицей.
5.
Перемешать.","Показания: При дисбак
эм холестер е",[SWBAND.CO] 102 рецепта для снижения веса тела.pdf,clear cooking steps; usable quantities; protein-forward; balanced main ingredients,,low,,medium,good,consider replacing rare/expensive items with CIS supermarket alternatives,SWBAND row came from OCR extraction; verify text and quantities; source notes may contain OCR artifacts,
Все рецепты!R79 | SWBAND.CO | page/file 88,Окрошка fit с индюшачьей колбасой,GOOD_CANDIDATE,92,lunch,up to 15 min,easy,Индюшачья варёная колбаса; зоо; Квас; Огурцы; Редис; Яйца,"Индюшачья варёная колбаса
- зоо
• Квас —1 л
Огурцы — 300 г
• Редис — 180 г
Яйца — 4 шт.
• Зелёный лук — 20 г
Укроп — 20 г
• Заправка: сметана — 100 г, горчица
— 10 г
О
А Готовый продукт без необходимости варить мясо. Важно выбирать
колбасу без нитратов и с минимумом добавок. Горчица стимулирует
пищеварение. Это самый быстрый вариант окрошки — готовится за 10 минут.","1.
Колбасу и все овощи нарезать
мелким кубиком.
2.
Яйца сварить, нарезать.
З.
Смешать со сметаной и горчицей.
4.
Залить квасом. Охладить.","Показания: Хорошо подходит как быст ый обе в жару. Качество
колбасы напрямую влияеЂД91
поль Фло о. тайте соста
Порция: -400 мл",[SWBAND.CO] 102 рецепта для снижения веса тела.pdf,clear cooking steps; usable quantities; protein-forward; balanced main ingredients,,low,,medium,good,consider replacing rare/expensive items with CIS supermarket alternatives,SWBAND row came from OCR extraction; verify text and quantities; source notes may contain OCR artifacts,
Все рецепты!R77 | SWBAND.CO | page/file 86,Окрошка на кефире и минералке с индейкой,GOOD_CANDIDATE,92,lunch,15-30 min,medium,Отварная индейка; Кефир; Минералка; Огурцы; Редис; Яйца,"Отварная индейка — 350 г
• Кефир — 700 мл
• Минералка — 500 мл
Огурцы — 300 г
• Редис — 180 г
Яйца — 4 шт.
• Зелёный лук — 20 г
Укроп — 20 г
• Соль —6 г
О
А Кефир с минеральной водой — лёгкая основа без дрожжей квасного
брожения. Минеральная вода добавляет карбонатацию и лёгкую
освежающую кислинку. Индейка — диетическое мясо с высоким
содержанием триптофана. Кефир поставляет пробиотики.","1.
Индейку и все овощи нарезать
мелким кубиком.
2.
Яйца сварить вкрутую, нарезать.
З.
Смешать кефир с минералкой.
4.
Соединить все компоненты.
Посолить.
5.
Охладить минимум 30 мин.","Показания: При непереносимости дрожжей.и.,дисб териозе.
Хорошо пе еносится",[SWBAND.CO] 102 рецепта для снижения веса тела.pdf,clear cooking steps; usable quantities; protein-forward; balanced main ingredients,,low,,medium,good,consider replacing rare/expensive items with CIS supermarket alternatives,SWBAND row came from OCR extraction; verify text and quantities; source notes may contain OCR artifacts,
Все рецепты!R78 | SWBAND.CO | page/file 87,Окрошка на мацони с курицей,GOOD_CANDIDATE,92,lunch,15-30 min,medium,Отварная курица; мацони; Холодная вода; Огурцы - ЗОО г; Яйца; Зелёный лук,"Отварная курица — 350 г
• мацони - 500 г
• Холодная вода — 500 мл
Огурцы - ЗОО г
Яйца — 4 шт.
• Зелёный лук — 25 г
Укроп — 20 г
• Соль —6 г
О
Мацони, разведённый водой, создаёт более мягкую основу, чем
кефир. Живые лактобактерии мацони сохраняются в холодном блюде.
Варёная курица — лёгкий белок, не перегружающий пищеварение в
жару.","1.
Мацони развести холодной водой
до консистенции жидкой сметаны.
2.
Курицу нарезать кубиком.
З.
Яйца сварить вкрутую, нарезать.
Огурцы нарезать.
4.
Всё соединить, посолить.
Охладить 30 мин.
5.","Показания: При гастрите в стадии ремиссии.и....'„њу твительном
ЖКТ. Сама мягкая из",[SWBAND.CO] 102 рецепта для снижения веса тела.pdf,clear cooking steps; usable quantities; protein-forward; balanced main ingredients,,low,,medium,good,consider replacing rare/expensive items with CIS supermarket alternatives,SWBAND row came from OCR extraction; verify text and quantities; source notes may contain OCR artifacts,
Все рецепты!R73 | SWBAND.CO | page/file 81,Салат из запечённых овощей с бабагануш заправкой,GOOD_CANDIDATE,92,snack,45-90 min,medium,Кабачок; Баклажан; Перец сладкий; Морковь; Лук красный; Помидоры черри,"Кабачок (цукини) — 1 шт.
Баклажан — 1 шт.
Перец сладкий — 1 шт.
Морковь — 1 шт.
Лук красный — 1 шт.
Помидоры черри — 150 г
Рафинированное рисовое масло — 1 ч. л.
Заправка: мякоть запечённого баклажана
(1/2 шт.), натуральный йогурт — 2 ст. л. ,
лимонный сок — 1 ст. л., чеснок — V2
зубчика, тахини — 1 ч. л. (по желанию),
копчёная паприка — щепотка, соль, перец
Для подачи: зёрна граната, свежая зелень
(по желанию)
О
Запечённые овощи теряют грубую клетчатку, но увеличивают биодоступность
каротиноидов. Баклажановая заправка содержит хлорогеновую кислоту,
замедляющую усвоение сахара. Тахини в заправке добавляет кальций и жиры,
улучшающие усвоение каротиноидов из перца и мо кови.","1.
Нарезать овощи крупными кусками,
сбрызнуть маслом, запечь при 2000С 25—
30 мин (черри добавить в последние 10
мин).
2.
Для заправки: пробить блендером мякоть
баклажана с йогуртом, лимоном,
чесноком и специями до кремовой
консистенции.
Запечённые овощи выложить на блюдо.
З.
4.
Полить заправкой.
5.
Посыпать зеленью и гранатом.","Показания: При диа и снижении ве а Херошо вписыва ся в
средиземном ский тип пито",[SWBAND.CO] 102 рецепта для снижения веса тела.pdf,clear cooking steps; usable quantities; protein-forward; balanced main ingredients,,low,,medium,good,consider replacing rare/expensive items with CIS supermarket alternatives,SWBAND row came from OCR extraction; verify text and quantities; source notes may contain OCR artifacts,
Все рецепты!R71 | SWBAND.CO | page/file 79,Салат из печёного перца и творога,GOOD_CANDIDATE,92,snack,10-20 min,easy,"Перцы; Творог 5%; Базилик; Петрушка; Чеснок; А Запечённый перец содержит больше витамина С, чем свежий","Перцы — 500 г
Творог 5% — 250 г
Базилик — 15 г
Петрушка — 15 г
Чеснок — З г
Соль
О
А Запечённый перец содержит больше витамина С, чем свежий —
термообработка переводит аскорбиновую кислоту в более
биодоступную форму. Творог добавляет белок и кальций без лишнего
жира. Базилик и петрушка добавляют витамин К.","Перцы запечь при 2200С 20—25
1.
мин до подпалин.
2.
Снять кожицу, нарезать
полосками.
З.
Смешать творог с зеленью и
чесноком.
4.
Выложить слоями: творог — перцы.","Показания: При дефиците витамина С и сниженном иммунитете.
Курящим особенно полезен — потребность в С у них ПОВЫШена в 1,5—2
раза.
Нащ форум:",[SWBAND.CO] 102 рецепта для снижения веса тела.pdf,clear cooking steps; usable quantities; protein-forward; balanced main ingredients,,low,,good,good,,SWBAND row came from OCR extraction; verify text and quantities; source notes may contain OCR artifacts,
Все рецепты!R69 | SWBAND.CO | page/file 77,Салат из цукини с пармезаном и руколой,GOOD_CANDIDATE,92,snack,10-20 min,easy,"Цукини; Пармезан; Рукола; Заправка: лимон; мл, соль; оливковое масло","Цукини — 500 г
• Пармезан — 50 г
Рукола — 80 г
Заправка: лимон — 15 мл,
— 10 мл, соль
оливковое масло","Овощечисткой сделать длинные
1.
ленты из цукини.
2.
Смешать с руколой.
Заправить лимоном и маслом.
З.
4.
Посыпать пармезаном стружкой.","О Сырой цукини содержит витамин С в большем количестве, чем
термически обработанный. Кремний в цукини важен для синтеза
коллагена и здоровья суставов. Пармезан в небольшом количестве (50
г на 4 порции) добавляет кальций и умами-вкус. Лимонная заправка
без нагрева сохраняет максимум витамина С.
Показания: При снижении веса — лёгкий объёмный салат. Хорошо
подходит при диабете.
Порция: Тторелка (—200 г",[SWBAND.CO] 102 рецепта для снижения веса тела.pdf,clear cooking steps; usable quantities; everyday cooking method,,low,,medium,good,consider replacing rare/expensive items with CIS supermarket alternatives,SWBAND row came from OCR extraction; verify text and quantities; source notes may contain OCR artifacts,
Все рецепты!R83 | SWBAND.CO | page/file 92,Свекольник с ацидофилином,GOOD_CANDIDATE,92,lunch,30-60 min,medium,Свёкла; Огурцы; Яйца; Ацидофилин; Укроп,"• Свёкла — 500 г
Огурцы — 250 г
Яйца — 4 шт.
Ацидофилин — 400 г
• Вода — 400 мл
Укроп — 15 г
. Соль —5 г","1.
Свёклу отварить, натереть на
тёрке.
2.
Яйца сварить вкрутую, нарезать
кружочками.
З.
Огурцы нарезать кубиком.
4.
Смешать ацидофилин с водой.
5.
Соединить всё, приправить солью.
6.
Охладить.","О Свёкла содержит нитраты, снижающие артериальное давление, и
бетаин, защищающий клетки печени от жирового перерождения.
Ацидофилин богаче пробиотическими культурами, чем обычный кефир.
Яйца добавляют полноценный белок и витамин В12.
Показания: При
гипертони
ля•поддержкп териозе.
Порция: 00 мл",[SWBAND.CO] 102 рецепта для снижения веса тела.pdf,clear cooking steps; usable quantities; protein-forward; balanced main ingredients,,low,,good,good,,SWBAND row came from OCR extraction; verify text and quantities; source notes may contain OCR artifacts,
Все рецепты!R68 | SWBAND.CO | page/file 76,"Свёкла с йогуртом, фисташками и апельсином",GOOD_CANDIDATE,92,snack,45-90 min,medium,Свёкла; Йогурт; Фисташки; Апельсин; Мята; Свёкла содержит бетаин,"• Свёкла — 500 г
• Йогурт — 150 г
Фисташки — 30 г
Апельсин — 1 шт.
• Мята — 10 г
О
Свёкла содержит бетаин — поддерживает работу печени и
участвует в метилировании ДНК. Нитраты в свёкле расширяют сосуды и
снижают артериальное давление. Апельсин добавляет витамин С,
улучшающий усвоение железа из свёклы. Фисташки содержат витамин Вб
и лютеин.
Хорошо по ходит при жэл","1.
Свёклу завернуть в фольгу, запечь
45-50 мин при 2000С.
2.
Остудить, очистить, нарезать
дольками.
З.
Апельсин очистить сегментами.
4.
Выложить йогурт на блюдо.
5.
Сверху свёклу и апельсин.
Посыпать фисташками и мятой.
подде жки
нкции печени.",Порция: 1 тарелка МОО г) -,[SWBAND.CO] 102 рецепта для снижения веса тела.pdf,clear cooking steps; usable quantities; protein-forward; balanced main ingredients,,low,,good,good,,SWBAND row came from OCR extraction; verify text and quantities; source notes may contain OCR artifacts,
Все рецепты!R53 | SWBAND.CO | page/file 60,Стейки из капусты с тахини-йогуртом и нутом,GOOD_CANDIDATE,92,unknown,15-30 min,medium,Капуста белокочанная; Варёный нут; Зира; Соус: греческий йогурт; тахини; оливковое масло extra virgin,"Капуста белокочанная — 1 кг
Варёный нут — 300 г
Рафинированное масло — 20 мл
Зира —4 г • Соль —8 г
Соус: греческий йогурт
тахини — 30 г, лимонный сок — 20 мл,
оливковое масло extra virgin — 10 мл","1.
Капусту нарезать стейками
толщиной 2—3 см. Смазать маслом,
посолить.
Запекать 30 минут при 210 0 С, пару
2.
раз перевернуть — капуста должна
подрумяниться.
З.
Нут прогреть на сухой сковороде с
зирой и щепоткой соли 4 минуты.
4.
Смешать йогурт, тахини, лимонный
сок и оливковое масло — получится
соус.
5.
Подача: капуста + нут + соус сверху.","О • Белокочанная капуста содержит индол-З-карбинол, который регулирует
метаболизм эстрогенов. Нут добавляет резистентный крахмал — пребиотик
для кишечн а.Тахини в соусе•поставляет•ка
и
Показания: При
ки. Для веге рианцев — как",[SWBAND.CO] 102 рецепта для снижения веса тела.pdf,clear cooking steps; usable quantities; protein-forward; balanced main ingredients,,low,,medium,good,consider replacing rare/expensive items with CIS supermarket alternatives,SWBAND row came from OCR extraction; verify text and quantities; source notes may contain OCR artifacts,
Все рецепты!R45 | SWBAND.CO | page/file 51,Такос на домашней чечевичной лепёшке,GOOD_CANDIDATE,92,unknown,10-20 min,medium,Красная чечевица сухая; Фарш индейки; Авокадо; Томаты; Йогурт; Чечевичная лепёшка,"Красная чечевица сухая — 250 г
• вода - 350 мл
• Соль —6 г
Фарш индейки — 500 г
• Авокадо — 100 г
• Томаты — 200 г
• Йогурт — 100 г
• Соль — 5 г
А
О
Чечевичная лепёшка — безглютеновая альтернатива пшеничной с
низким гликемическим индексом. Чечевица содержит резистентный крахмал,
питающий бифидобактерии и лактобактерии. Фарш индейки добавляет белок
при минимуме жира.","1.
Чечевицу замочить на ночь.
2.
Пробить с водой до консистенции
теста.
З.
Испечь тонкие лепёшки как блины.
4.
Индейку быстро обжарить с солью и
специями.
5.
Пробить блендером авокадо с
йогуртом и чесноком — соус.
6.
Томаты нарезать тонкими слайсами.
7.
Собрать такос: лепёшка — соус —
индейка — томаты.","Показания: ПфйДиабетё'2'Тйп
Хорошо
идеееђ+*ј$ена.
подходит вегетарианцам",[SWBAND.CO] 102 рецепта для снижения веса тела.pdf,clear cooking steps; usable quantities; protein-forward; balanced main ingredients,,low,,medium,good,consider replacing rare/expensive items with CIS supermarket alternatives,SWBAND row came from OCR extraction; verify text and quantities; source notes may contain OCR artifacts,
Все рецепты!R85 | SWBAND.CO | page/file 95,Томатная овсянка с яйцом пашот,GOOD_CANDIDATE,92,breakfast,up to 15 min,medium,"Томаты; Овсяные хлопья; Яйца; Пармезан; Оливковое масло; А Овсяные хлопья содержат бета-глюканы, снижающие уровень","Томаты — 400 г
Овсяные хлопья
- 180 г
вода - 700 мл
Яйца — 4 шт.
Пармезан — 50 г
Оливковое масло — 20 мл
Соль — 6 г • Чёрный перец — 2 г
А Овсяные хлопья содержат бета-глюканы, снижающие уровень
О
холестерина ЛПНП. При тушении томатов повышается биодоступность
ликопина. Это несладкая каша — на первый взгляд необычно, но вкус
насыщенный.
и","1.
Нарежьте томаты кубиком. Тушите с
50 мл воды на среднем огне 7 минут.
2.
Добавьте овсянку и оставшуюся воду.
Варите 15 минут, помешивая.
З.
Добавьте пармезан, масло и соль.
4.
для пашота: вскипятите воду,
уменьшите огонь до слабого кипения.
Аккуратно разбейте яйцо в воду.
5.
Варите З минуты.
6.
Выложите яйцо пашот сверху на
овсянку.","и
Показания: при повы
не — бета-глюкан доказанно
снижают ЛП П. Подходит дляоктивнэго
очего дня.",[SWBAND.CO] 102 рецепта для снижения веса тела.pdf,clear cooking steps; usable quantities; protein-forward; balanced main ingredients,,low,,medium,good,consider replacing rare/expensive items with CIS supermarket alternatives,SWBAND row came from OCR extraction; verify text and quantities; source notes may contain OCR artifacts,
Все рецепты!R62 | SWBAND.CO | page/file 70,Тёплый салат из брокколи и эдамаме,GOOD_CANDIDATE,92,snack,up to 15 min,unknown,"Брокколи; Эдамаме; Заправка: лимонный сок; оливковое масло extra virgin; мл, соль","Брокколи — 500 г
Эдамаме — 300 г
• Рафинированное масло — 15 мл
• Заправка: лимонный сок — 20 мл,
оливковое масло extra virgin — 10
мл, соль — 5 г","1.
Разберите брокколи на соцветия и
быстро обжарьте на сильном огне
в течение 4 минут.
2.
Отварите эдамаме 3—4 минуты.
З.
Смешайте лимонный сок и
оливковое масло.
4.
Полейте тёплые овощи заправкой.
Подавайте сразу.","О А Брокколи содержит сульфорафан — одно из наиболее изученных
противоопухолевых веществ. Быстрая обжарка (4 минуты) сохраняет
максимум сульфорафана. Эдамаме содержит полноценный
растительный белок со всеми незаменимыми аминокислотами —
редкость для бобовых.
Показания: Для он ог
диабете. Дл",[SWBAND.CO] 102 рецепта для снижения веса тела.pdf,clear cooking steps; usable quantities,,low,,good,good,,SWBAND row came from OCR extraction; verify text and quantities; source notes may contain OCR artifacts,
Все рецепты!R67 | SWBAND.CO | page/file 75,"Тёплый салат с кальмарами, фенхелем и апельсином",GOOD_CANDIDATE,92,snack,up to 15 min,medium,Кальмары; ь ¯; Апельсин; Рукола; Заправка: оливковое масло; лимон,"• Кальмары — 500 г
ь ¯ 250 г
Апельсин — 1 шт.
Рукола — 100 г
• Заправка: оливковое масло — 10 мл,
лимон — 10 мл, соль, перец","1.
Кальмары очистить, нарезать
кольцами. Обжарить на сильном
огне по 2 мин.
2.
Фенхель нарезать тонкими
ломтиками.
З.
Апельсин очистить сегментами.
4.
Смешать тёплые кальмары,
фенхель, апельсин и руколу.
5.
Заправить маслом и лимоном.","О Кальмар содержит таурин и йод. Фенхель содержит анетол — снимает
вздутие и спазмы кишечника. Апельсин добавляет витамин С, усиливающий
усвоение негемового железа. Подавать тёплым сразу после приготовления
— кальмар быстро становится резиновым.
Показания: При дефиците йода и склонности к взд ию. Хорошо
подходит как лёгкий белковый обе
орум:
тарелка (—300 г
Порция:",[SWBAND.CO] 102 рецепта для снижения веса тела.pdf,clear cooking steps; usable quantities; protein-forward; balanced main ingredients,,low,,medium,good,consider replacing rare/expensive items with CIS supermarket alternatives,SWBAND row came from OCR extraction; verify text and quantities; source notes may contain OCR artifacts,
Все рецепты!R84 | SWBAND.CO | page/file 93,Холодный суп из авокадо и зелёНОГ0 горошка,GOOD_CANDIDATE,92,lunch,up to 15 min,unknown,Авокадо; Зелёный горошек; Йогурт; Сок лайма; Мята,"• Авокадо — 200 г
• Зелёный горошек
- 350 г
• Йогурт — 200 г
Сок лайма — 15 мл
• Мята — 10 г
• Соль —4 г","Горошек бланшировать 2 мин.
1.
2.
Пробить в блендере авокадо,
горошек, йогурт, лайм, мяту и
соль.
Охладить.
З.
4.
Подавать со льдом.","О Авокадо в холодном супе сохраняет все мононенасыщенные жиры
и витамин Е. Зелёный горошек содержит лютеин — накапливается в
сетчатке и защищает зрение. Мята добавляет ментол и освежает.
Лайм сохраняет зелёный цвет авокадо при хранении.
Показания: При снижении веса и диабете. Хорошо подходит
вегетарианцам и веганам.
: -300 мл
Порци",[SWBAND.CO] 102 рецепта для снижения веса тела.pdf,clear cooking steps; usable quantities; protein-forward; balanced main ingredients,,low,,medium,good,consider replacing rare/expensive items with CIS supermarket alternatives,SWBAND row came from OCR extraction; verify text and quantities; source notes may contain OCR artifacts,
Все рецепты!R59 | SWBAND.CO | page/file 66,Хрустящая зелёная фасоль с кунжутным йогуртом,GOOD_CANDIDATE,92,unknown,up to 15 min,easy,Зелёная фасоль; Соус: йогурт; кунжут,"• Зелёная фасоль — 600 г
• Рафинированное масло — 15 мл
• Соус: йогурт — 150 г, тахини — 20 г,
кунжут — 10 г, лимонный сок — 10 мл","1.
Фасоль обжарить на сильном огне
до хруста 5 мин.
2.
Кунжут подсушить на сухой
сковороде 2 мин.
З.
Смешать йогурт, тахини, лимонный
сок.
4.
Подать фасоль с кунжутным
йогуртом. Посыпать кунжутом.","О А Зелёная фасоль содержит около З г клетчатки на 100 г при
калорийности около 30 ккал. Быстрая обжарка на сильном огне создаёт
хрустящую текстуру без потери питательных веществ. Тахини в соусе
добавляет кальций и полезные жиры. Кунжут содержит сезамин — лигнан с
антиоксидантными свойствами.
Показания: При диабете и снижении веса — большой объём при
минимуме к лорий. Хороуо подходит как лёгкий гарнир.
Порция: -150 г фасол соус",[SWBAND.CO] 102 рецепта для снижения веса тела.pdf,clear cooking steps; usable quantities; protein-forward; balanced main ingredients,,low,,medium,good,consider replacing rare/expensive items with CIS supermarket alternatives,SWBAND row came from OCR extraction; verify text and quantities; source notes may contain OCR artifacts,
Все рецепты!R91 | SWBAND.CO | page/file 101,Хрустящие роллы из рисовой бумаги с креветкой,GOOD_CANDIDATE,92,breakfast,up to 15 min,medium,Рисовая бумага; Креветки очищенные; Морковь; Огурец; Авокадо; Кинза,"Рисовая бумага — 12 листов
Креветки очищенные — 450 г
Морковь — 120 г
Огурец — 150 г
Авокадо — 100 г
Кинза — 15 г
• Рафинированное масло — 10 мл
Соус: греческий йогурт — 120 г, сок
лайма — 15 мл, чеснок — 4 г, соль — З г
о
Рисовая бумага — безглютеновая основа с низкой калорийностью. Авокадо
добавляет мононенасыщенные жиры, повышающие усвоение каротиноидов из
моркови. Йогуртовый соус заменяет традиционный арахисовый соус.","Креветки отварить 2 мин, обсушить.
1.
2.
Морковь и огурец нарезать тонкой
соломкой. Авокадо — полосками.
Смешать соус отдельно.
З.
4.
Листы рисовой бумаги по одному
опускать в тёплую воду на 8—10 сек.
5.
На каждый лист выложить креветки,
овощи, авокадо и кинзу. Свернуть
плотными роллами.
6.
для хрустящей версии: смазать
сковороду маслом, обжарить роллы по 1
мин с каждой стороны.
7.
Подавать с соусом.","Показания: При целиакии и непереносимортищлютен
рошо подходит
для детского тола и лёгкого ерекусо но ижении веса.
Порция: З ролла",[SWBAND.CO] 102 рецепта для снижения веса тела.pdf,clear cooking steps; usable quantities; protein-forward; balanced main ingredients,,low,,medium,good,consider replacing rare/expensive items with CIS supermarket alternatives,SWBAND row came from OCR extraction; verify text and quantities; source notes may contain OCR artifacts,
Все рецепты!R87 | SWBAND.CO | page/file 97,Хрустящие творожно кабачковые оладьи,GOOD_CANDIDATE,92,breakfast,10-20 min,medium,Кабачок; Творог; Яйца; Цельнозерновая мука; Укроп; для подачи: греческий йогурт,"Кабачок — 500 г
Творог — 250 г
Яйца — 2 шт.
Цельнозерновая мука — 40 г
Укроп — 15 г
Соль — 6 г
Рафинированное масло — 15 мл
для подачи: греческий йогурт — 120 г","1.
Кабачок натереть на крупной тёрке.
2.
Хорошо отжать влагу через
полотенце.
Смешать кабачок, творог, яйца, муку,
З.
укроп и соль.
4.
Разогреть масло на сковороде.
5.
Жарить оладьи по З мин с каждой
стороны.
6.
Подавать с йогуртом и свежим
укропом.","О Кабачок на 94% состоит из воды — оладьи объёмные при низкой
калорийности. Творог добавляет белок и кальций, яйца связывают тесто без
большого количества муки. Цельнозерновая мука (40 г на всю порцию)
сохраняет клетчатку и снижает ГИ блюда.
Показания: При снижении веса — большой объём при умеренной
калорийнос и. Хорошо п д дит дляде огоритания от 4 л
Порция: —4 оладьи",[SWBAND.CO] 102 рецепта для снижения веса тела.pdf,clear cooking steps; usable quantities; protein-forward; balanced main ingredients,,low,,good,good,,SWBAND row came from OCR extraction; verify text and quantities; source notes may contain OCR artifacts,
Все рецепты!R52 | SWBAND.CO | page/file 59,Цветная капуста целиком с зелёным соусом,GOOD_CANDIDATE,92,unknown,15-30 min,medium,Цветная капуста; Рафинированное рисовое масло; мл; Зелёный соус: йогурт; петрушка; тахини,"Цветная капуста — 900 г
• Рафинированное рисовое масло
— 15 мл
• Зелёный соус: йогурт — 150 г,
петрушка — 25 г, укроп — 15 г,
тахини — 20 г, лимонный сок — 15
мл, оливковое масло extra virgin —
10 мл","1.
Капусту целиком отварить 8 мин.
2.
Смазать рисовым маслом.
Запечь 30 мин при 2000С до
З.
золотистой корочки.
4.
Для соуса пробить все
5.
Подавать капусту с зелёным
соусом.","О Цветная капуста содержит сульфорафан и глюкозинолОты —
вещества, активирующие ферменты детоксикации в печени. Запекание
целиком сохраняет больше этих веществ, чем нарезка и варка. Тахини в
зелёном соусе добавляет кальций.
Показания: Для детоксикации лечени
тики. Хорошо
подходит вегетарианц
Порция: 1/4 кочана (-225 г) + соус",[SWBAND.CO] 102 рецепта для снижения веса тела.pdf,clear cooking steps; usable quantities; protein-forward; balanced main ingredients,,low,,medium,good,consider replacing rare/expensive items with CIS supermarket alternatives,SWBAND row came from OCR extraction; verify text and quantities; source notes may contain OCR artifacts,
Все рецепты!R63 | SWBAND.CO | page/file 71,"Хрустящий салат из капусты, эдамаме и тахини",GOOD_CANDIDATE,89,snack,up to 15 min,easy,Краснокочанная капуста; Белокочанная капуста; Эдамаме; Огурцы; Зелёный лук; Заправка: тахини,"Краснокочанная капуста — 300 г
• Белокочанная капуста — 300 г
Эдамаме — 250 г
Огурцы — 200 г
• Зелёный лук — 20 г
• Заправка: тахини — 30 г, лимон
- 20
мл, оливковое масло extra virgin
10 мл, вода — 15 мл, соль — 5 г","1.
Нашинковать оба вида капусты
тонко.
2.
Слегка помять с щепоткой соли
руками.
З.
Эдамаме отварить 4 мин.
4.
Огурцы нарезать. Смешать все","О Два вида капусты дают нерастворимую клетчатку (целлюлоза) и
растворимые пектины. Вместе они стимулируют перистальтику и питают
микробиом кишечника. Эдамаме добавляет полноценный растительный
белок и изофлавоны.
Показания: При запорах и дисбактериозе. Хорошо подходит при
высоком хо естерине.—клетчатка связываетыжелчныеки
ты в
кишечнике.",[SWBAND.CO] 102 рецепта для снижения веса тела.pdf,clear cooking steps; usable quantities; everyday cooking method,,low,,medium,good,consider replacing rare/expensive items with CIS supermarket alternatives,SWBAND row came from OCR extraction; verify text and quantities; source notes may contain OCR artifacts,
Все рецепты!R138 | InfoVolna | page/file [InfoVolna.com] Рекомендованый план питания 1300 вариант 5.pdf | variant 5 завтрак,Легкие ленивые вареники,GOOD_CANDIDATE,88,breakfast,10-20 min,easy,Легкие ленивые вареники; творог; яйцо; мука пшеничная; щепотка соли или подсластитель,"Легкие ленивые вареники.
творог - 150 г
1 яйцо
мука пшеничная 30гр (+/-)
щепотка соли или подсластитель","Замесить тесто в миске.
Отщипывая по немного
тесто, скатать шарики.
Отварить в подсоленной
воде пару минут после
всплывания.
Подавать с ягодами","КБЖУ завтрак
345
36
9
29",[InfoVolna.com] Рекомендованый план питания 1300 вариант 5.pdf,clear cooking steps; usable quantities; protein-forward; everyday cooking method,,low,,good,good,,InfoVolna meal-plan row; check it works as a standalone recipe,
Все рецепты!R375 | InfoVolna | page/file [InfoVolna.com] Рекомендованный план питания 2000 вариант 3.pdf | variant 3 обед,макаронник 1 порция,GOOD_CANDIDATE,88,lunch,up to 15 min,unknown,"макаронник; Макароны Barilla или любые из; твердых сортов пшеницы; куринное филе; Луковица; перец, специи, помидор","макаронник 1 порция.
Макароны Barilla или любые из
твердых сортов пшеницы-50гр,
куринное филе 200гр грамм.
Луковица -1 шт. Молоко 1,5- -
100мл, сыр 45% - 20гр, соль
перец, специи, помидор - 1шт,
огурец - 1шт","варим макароны до
готовности. На сковороде
жарим куирное филе мелко
нарезанное, до готовности,
добавляем лук
мелконарезанный,
обжариваем 5-10 мин,
добавляем молоко, сыр и
макароны, соль, специи
доводим до кипения. Блюда
на 1 порцию, если хотите
приготовить на 2 и более
порции умножайте
ингриденты на колчество","КБЖУ обед
596
64
12
54",[InfoVolna.com] Рекомендованный план питания 2000 вариант 3.pdf,clear cooking steps; usable quantities; protein-forward; balanced main ingredients,,low,,good,good,,InfoVolna meal-plan row; check it works as a standalone recipe,
Все рецепты!R188 | InfoVolna | page/file [InfoVolna.com] Рекомендованный план питания 1500 вариант 1.pdf | variant 1 завтрак,Рис (или любая другая крупа) – 40 гр,GOOD_CANDIDATE,88,breakfast,20-45 min,easy,"Рис; гр; Растительное молоко (можно на; воде) 1,5%; Клубника; (любые виды ягод свежих или","Рис (или любая другая крупа) –
40 гр. (в сухом виде);
Растительное молоко (можно на
воде) 1,5% - 100 мл; Клубника
(любые виды ягод свежих или
замороженных) – 50 гр.;
капучино 200 мл
Яйцо – 1 шт.","Отварить рис на
растительном молоке или на
воде. В готовую кашу
добавить
клубнику, по желанию
добавить подсластитель. К
каше добавляем 2 отварных
яйца. Данное количество
ингредиентов рассчитано на
1 раз (или на 1 человека).
Если хотите приготовить
завтрак сразу на 2 дня,
просто увеличьте
ингредиенты вдвое","КБЖУ завтрак
331
15
11
41",[InfoVolna.com] Рекомендованный план питания 1500 вариант 1.pdf,clear cooking steps; usable quantities; protein-forward; balanced main ingredients,,low,,good,good,,InfoVolna meal-plan row; check it works as a standalone recipe,
Все рецепты!R378 | InfoVolna | page/file [InfoVolna.com] Рекомендованный план питания 2000 вариант 4.pdf | variant 4 завтрак,РИСОВЫе БЛИНЫ + Яйца,GOOD_CANDIDATE,88,breakfast,10-20 min,unknown,РИСОВЫе БЛИНЫ + Яйца. Для; блина: 2 яйцо⁣; гр йогурта греческого ТЕОС (; ст.ложка )⁣; гр рисовой муки или; пшеничной ⁣,"РИСОВЫе БЛИНЫ + Яйца. Для
блина: 2 яйцо⁣
25 гр йогурта греческого ТЕОС (
1 ст.ложка )⁣
60 гр рисовой муки или
пшеничной ( 1 ст.ложка )⁣
2 гр разрыхлителя⁣
Подсластитель по вкусу⁣. Кушать
с греческим йогуртом ТЕОС
(140гр) можно подсластить чтоб
сладкий вкус был","Смешиваем все ингредиенты
до однородного теста⁣
Выпекаем блинчик на
антипригарной сковороде,
можно смазать каплей
масла, например кокосового.
Закрываем крышку и даём
пропечься с двух сторон⁣.
Кушаем с отварными ицами","КБЖУ завтрак
470
26
17
50",[InfoVolna.com] Рекомендованный план питания 2000 вариант 4.pdf,clear cooking steps; usable quantities; protein-forward; balanced main ingredients,,low,,good,good,,InfoVolna meal-plan row; check it works as a standalone recipe,
Все рецепты!R423 | InfoVolna | page/file [InfoVolna.com] Рекомендованный план питания 2100-2200 вариант 6.pdf | variant 6 завтрак,"Творог размять вилкой, добавить яйцо и муку, сахзам СЫРНИКИ",GOOD_CANDIDATE,88,breakfast,10-20 min,unknown,"Творог размять вилкой; добавить яйцо и муку, сахзам; СЫРНИКИ. творог 2%; брикет); яйцо; рисовая мука","Творог размять вилкой,
добавить яйцо и муку, сахзам
СЫРНИКИ. творог 2% - 180 гр (1
брикет);
 яйцо - 1 шт;
рисовая мука - 30 гр.
 подсластитель по вкусу.
по вкусу.
 Тщательно перемешать.
 Сформировать сырники.
Выпекать на медленном огне","под крышкой на сухой
сковороде","КБЖУ завтрак
376
41
10
30",[InfoVolna.com] Рекомендованный план питания 2100-2200 вариант 6.pdf,clear cooking steps; usable quantities; protein-forward; balanced main ingredients,,low,,good,good,,InfoVolna meal-plan row; check it works as a standalone recipe,
Все рецепты!R120 | InfoVolna | page/file [InfoVolna.com] Рекомендованый план питания 1300 вариант 1.pdf | variant 1 обед,Грудка индейки с рисом и овощной нарезкой,GOOD_CANDIDATE,83,lunch,20-45 min,unknown,Грудка индейки с рисом и; овощной нарезкой. филе; грудки индейки; шт,"Грудка индейки с рисом и
овощной нарезкой. филе
грудки индейки (в сыром виде) -
150гр. Рис белый (в сухом виде) -
50гр. Огурец -1 шт, помидор - 1
шт","грудку индейки жарим без
масла на антипригарной
сковородке (моэжно на
гриле стейком) , либо
запекаем. Рис варим, овощи
нарезаем","КБЖУ обед
341
39
3
40",[InfoVolna.com] Рекомендованый план питания 1300 вариант 1.pdf,clear cooking steps; usable quantities; protein-forward; balanced main ingredients,,low,,good,good,choose one best source variant before any import,InfoVolna meal-plan row; check it works as a standalone recipe; same source title appears 2 times in this workbook,
Все рецепты!R190 | InfoVolna | page/file [InfoVolna.com] Рекомендованный план питания 1500 вариант 1.pdf | variant 1 обед,Грудка индейки с рисом и овощной нарезкой,GOOD_CANDIDATE,83,lunch,20-45 min,unknown,Грудка индейки с рисом и; овощной нарезкой. филе грудки; индейки; Рис белый; Огурец,"Грудка индейки с рисом и
овощной нарезкой. филе грудки
индейки (в сыром виде) -120гр.
Рис белый (в сухом виде) - 70гр.
Огурец -1 шт, помидор - 1 шт","грудку индейки жарим без
масла на антипригарной
сковородке (моэжно на гриле
стейком) , либо запекаем. Рис
варим, овощи нарезаем","КБЖУ обед
338
31
2
47",[InfoVolna.com] Рекомендованный план питания 1500 вариант 1.pdf,clear cooking steps; usable quantities; protein-forward; balanced main ingredients,,low,,good,good,choose one best source variant before any import,InfoVolna meal-plan row; check it works as a standalone recipe; same source title appears 2 times in this workbook,
Все рецепты!R132 | InfoVolna | page/file [InfoVolna.com] Рекомендованый план питания 1300 вариант 3.pdf | variant 3 ужин,"Салат с семгой, перепелиными яйцами и помидорами черри",GOOD_CANDIDATE,83,dinner,10-20 min,unknown,"Салат с семгой, перепелиными; яйцами и помидорами черри; Семга слабосоленая; Помидоры черри или; коктейльные помидоры; шт","Салат с семгой, перепелиными
яйцами и помидорами черри.
Семга слабосоленая - 100 г
Помидоры черри или
коктейльные помидоры – 10-12
шт. (100-150 г)
Яйца перепелиные - 5 шт.
Салат айсберг – 200 г
Петрушка свежая - 15 г
Лимонный сок - 1 ст.л.
Масло оливковое - 1 ст.л.
Соль - по вкусу
Перец черный свежемолотый –
по вкусу","заправку для салата. В
блендере смешайте листья
петрушки, оливковое масло
и лимонный сок. Измельчите
до почти однородного
состояния, добавьте соль и
черный перец по вкусу.
Заправку охладите. Сверху
на салат из яиц и помидоров
выложите пластинки
красной рыбы.
Салат с семгой,
перепелиными яйцами и
помидорами черри полейте
приготовленной заправкой.","КБЖУ ужин
385
29
29
0",[InfoVolna.com] Рекомендованый план питания 1300 вариант 3.pdf,clear cooking steps; usable quantities; protein-forward; balanced main ingredients,,low,,good,good,choose one best source variant before any import,InfoVolna meal-plan row; check it works as a standalone recipe; same source title appears 2 times in this workbook,
Все рецепты!R202 | InfoVolna | page/file [InfoVolna.com] Рекомендованный план питания 1500 вариант 3.pdf | variant 3 ужин,"Салат с семгой, перепелиными яйцами и помидорами черри",GOOD_CANDIDATE,83,dinner,10-20 min,unknown,"Салат с семгой, перепелиными; яйцами и помидорами черри; Семга слабосоленая; Помидоры черри или; коктейльные помидоры; шт","Салат с семгой, перепелиными
яйцами и помидорами черри.
Семга слабосоленая - 100 г
Помидоры черри или
коктейльные помидоры – 10-12
шт. (100-150 г)
Яйца перепелиные - 3 шт.
Салат айсберг – 200 г
Петрушка свежая - 15 г
Лимонный сок - 1 ст.л.
Масло оливковое - 5гр.
Соль - по вкусу
Перец черный свежемолотый –
по вкусу","заправку для салата. В
блендере смешайте листья
петрушки, оливковое масло и
лимонный сок. Измельчите
до почти однородного
состояния, добавьте соль и
черный перец по вкусу.
Заправку охладите. Сверху на
салат из яиц и помидоров
выложите пластинки красной
рыбы.
Салат с семгой,
перепелиными яйцами и
помидорами черри полейте
приготовленной заправкой.","КБЖУ ужин
300
26
21
0
общее КБЖУ
1504
113
83
71",[InfoVolna.com] Рекомендованный план питания 1500 вариант 3.pdf,clear cooking steps; usable quantities; protein-forward; balanced main ingredients,,low,,good,good,choose one best source variant before any import,InfoVolna meal-plan row; check it works as a standalone recipe; same source title appears 2 times in this workbook,
Все рецепты!R40 | SWBAND.CO | page/file 46,"Шаурма, от которой худеют",GOOD_CANDIDATE,83,unknown,90+ min,hard,Тонкий армянский лаваш; Филе курицы; Греческий йогурт; Огурцы; Томаты; Краснокочанная капуста,"• Тонкий армянский лаваш — 4 листа
(240 г)
• Филе курицы — 700 г
Греческий йогурт — 180 г
Огурцы — 250 г • Томаты — 250 г
Краснокочанная капуста — 180 г
• Чеснок — 8 г • Паприка — 5 г • Соль —
10 г","Замаринуйте куриное филе в йогурте,
1.
паприке и чесноке на 2 часа.
2.
Обжарьте или приготовьте на гриле
8—10 минут. Нарежьте тонкими
ломтиками.
З.
Нарежьте овощи тонкими ломтиками.
Смешайте йогурт, чеснок и лимонный
4.
сок — получится соус.
Соберите шаурму и заверните
5.
конвертом.
6.
Подрумяньте на сухой сковороде с
двух сторон.","О Тонкий лаваш содержит значительно меньше калорий, чем дрожжевой
хлеб. Краснокочанная капуста содержит антоцианы, поддерживающие
здоровье сосудов. Греческий йогурт в соусе заменяет сметану и майонез.
и
Порция: шаурма (-3507 • Подходит я сужения веса к к замена
традиционн й шаурмы.",[SWBAND.CO] 102 рецепта для снижения веса тела.pdf,clear cooking steps; usable quantities; protein-forward; balanced main ingredients,,low,,medium,good,consider replacing rare/expensive items with CIS supermarket alternatives,SWBAND row came from OCR extraction; verify text and quantities; source notes may contain OCR artifacts,
Все рецепты!R357 | InfoVolna | page/file [InfoVolna.com] Рекомендованный план питания 1900 вариант 6.pdf | variant 6 ужин,Салат Цезарь,GOOD_CANDIDATE,82,dinner,90+ min,hard,Салат Цезарь. Ингредиенты на 4; порции; Помидоры Черри; Куриное филе; пармезан; шт Яйцо перепелиное,"Салат Цезарь. Ингредиенты на 4
- порции
Для салата:
Помидоры Черри - 200 гр,
Куриное филе - 400 гр Сыр
пармезан - 100 гр Салат Айсберг
- 1 шт Яйцо перепелиное - 10 шт
Батон Масло Оливковое - 5 ч.л
Чеснок - 2 зубчика Соль, перец-
по вкусу
Для соуса: Яйцо куриное - 2 шт
Горчица - 1 ст.л Масло
Оливковое - 50 мл Чеснок - 2
зубчика Сыр пармезан - 60 гр
Сок лимонный - 2 ст.л
Соль по вкусу","Готовим соус, он должен настояться и
впитать аромат чеснока 🧄
Яйца поварить в течение 1 мин., достать
шумовкой и выпустить в чашу блендера.
Туда же выжать лимонный сок, добавить
очищенный чеснок, пропущенный через
пресс, и натертый мелко сыр. Пробить
блендером до полной однородности.
В заготовку влить масло, положить
горчицу и посолить.
Снова пробить все блендером в течение 1
мин. и отставить в сторону, дать
настояться👌
Готовим сухарики:
Чеснок почистить и выдавить через
чесночницу в сковороду, с нагретым
оливковым маслом.
Духовку нагреть до 170 градусов.
Противень застелить пергаментом или
ковриком для выпечки, разложить в 1
слой кубики батона, полить чесночным
маслом, отправляем в духовку на 20
минут.
Готовим филе:
Куриное филе нарезать на бруски около
10 см. Раскалить в сковороде оливковое
масло, обжарить курятину с обеих сторон
до хорошего румяного оттенка.
Салат сорта Айсберг помыть и обсушить
на кухонном полотенце. Сверху снять
листья и выбросить, остальные порвать
руками!
Помидоры черри помыть и порезать на 4
части или пополам.
Сыр натереть на мелкой терке.
Перепелиные яйца режем дольками.
Дно блюда устелить салатными листьями,
поверх него разложить курицу , яйца,
помидоры.
Присыпать сухарями, полить все
чесночным соусом и посыпать тертым","КБЖУ ужин
523
43
33
10",[InfoVolna.com] Рекомендованный план питания 1900 вариант 6.pdf,clear cooking steps; usable quantities; protein-forward; balanced main ingredients,,low,,medium,good,consider replacing rare/expensive items with CIS supermarket alternatives; choose one best source variant before any import,InfoVolna meal-plan row; check it works as a standalone recipe; same source title appears 2 times in this workbook,
Все рецепты!R392 | InfoVolna | page/file [InfoVolna.com] Рекомендованный план питания 2000 вариант 6.pdf | variant 6 ужин,Салат Цезарь,GOOD_CANDIDATE,82,dinner,90+ min,hard,Салат Цезарь. Ингредиенты на 4; порции; Помидоры Черри; Куриное филе; пармезан; шт Яйцо перепелиное,"Салат Цезарь. Ингредиенты на 4
- порции
Для салата:
Помидоры Черри - 200 гр,
Куриное филе - 400 гр Сыр
пармезан - 100 гр Салат Айсберг
- 1 шт Яйцо перепелиное - 10 шт
Батон Масло Оливковое - 5 ч.л
Чеснок - 2 зубчика Соль, перец-
по вкусу
Для соуса: Яйцо куриное - 2 шт
Горчица - 1 ст.л Масло
Оливковое - 50 мл Чеснок - 2
зубчика Сыр пармезан - 60 гр
Сок лимонный - 2 ст.л
Соль по вкусу","Готовим соус, он должен настояться и
впитать аромат чеснока 🧄
Яйца поварить в течение 1 мин., достать
шумовкой и выпустить в чашу блендера.
Туда же выжать лимонный сок, добавить
очищенный чеснок, пропущенный через
пресс, и натертый мелко сыр. Пробить
блендером до полной однородности.
В заготовку влить масло, положить
горчицу и посолить.
Снова пробить все блендером в течение 1
мин. и отставить в сторону, дать
настояться👌
Готовим сухарики:
Чеснок почистить и выдавить через
чесночницу в сковороду, с нагретым
оливковым маслом.
Духовку нагреть до 170 градусов.
Противень застелить пергаментом или
ковриком для выпечки, разложить в 1
слой кубики батона, полить чесночным
маслом, отправляем в духовку на 20
минут.
Готовим филе:
Куриное филе нарезать на бруски около
10 см. Раскалить в сковороде оливковое
масло, обжарить курятину с обеих сторон
до хорошего румяного оттенка.
Салат сорта Айсберг помыть и обсушить
на кухонном полотенце. Сверху снять
листья и выбросить, остальные порвать
руками!
Помидоры черри помыть и порезать на 4
части или пополам.
Сыр натереть на мелкой терке.
Перепелиные яйца режем дольками.
Дно блюда устелить салатными листьями,
поверх него разложить курицу , яйца,
помидоры.
Присыпать сухарями, полить все
чесночным соусом и посыпать тертым","КБЖУ ужин
523
43
33
10",[InfoVolna.com] Рекомендованный план питания 2000 вариант 6.pdf,clear cooking steps; usable quantities; protein-forward; balanced main ingredients,,low,,medium,good,consider replacing rare/expensive items with CIS supermarket alternatives; choose one best source variant before any import,InfoVolna meal-plan row; check it works as a standalone recipe; same source title appears 2 times in this workbook,
Все рецепты!R145 | InfoVolna | page/file [InfoVolna.com] Рекомендованый план питания 1300 вариант 6.pdf | variant 6 обед,"Картошка, тушенная с куриными сердечками",GOOD_CANDIDATE,79,lunch,90+ min,hard,"Картошка, тушенная с куриными; сердечками. Картофель; Куриные сердечки; Лук репчатый; Чеснок; Масло кокосовое","Картошка, тушенная с куриными
сердечками. Картофель - 150 кг
Куриные сердечки - 150 г
Лук репчатый - 120 г (2 шт.)
Чеснок - 1 зубчика
Масло кокосовое - 5гр. ложки
Паприка молотая - 1/2 ч. ложка
Соль - 1 ч. ложка (по вкусу)
Перец чёрный молотый - 0,2 ч.
ложки (по вкусу). Если готовить
на 2 более порции, ингридиенты
умножаем кратно","В кастрюле с толстым дном или
казанке разогрейте кокосовое
масло, выложите лук и,
помешивая, обжарьте его в
течение 4-5 минут, до
прозрачности. Добавьте
куриные сердечки к луку и,
помешивая, продолжайте
готовить ещё 7-10 минут.
Картофель очистите, вымойте и
нарежьте кусочками средней
величины.
Картофель отправьте в
кастрюлю. Всыпьте паприку и
соль по вкусу. Влейте 150-200
мл воды. Доведите картофель с
сердечками до кипения и
готовьте на минимальном огне
под крышкой около 20 минут.
За это время несколько раз
аккуратно перемешайте блюдо.
Также во время тушения
следите за уровнем жидкости и,
если нужно, влейте немного
воды.","КБЖУ обед
397
27
21
25",[InfoVolna.com] Рекомендованый план питания 1300 вариант 6.pdf,clear cooking steps; usable quantities,,low,,good,good,,InfoVolna meal-plan row; check it works as a standalone recipe,
Все рецепты!R51 | SWBAND.CO | page/file 58,Баклажаны на огне с мацони и гранатом,GOOD_CANDIDATE,76,unknown,30-45 min,medium,"Баклажаны; Рафинированное масло авокадо; мл; Соус: мацони; г, оливковое масло extra virgin; мл, соль","Баклажаны — 700 г
• Рафинированное масло авокадо
— 15 мл
• Соус: мацони — 200 г, чеснок — 5
г, оливковое масло extra virgin —
10 мл, соль — 5 г
• Для подачи: гранат — 80 г, кинза
-15 г","1.
Баклажаны надрезать вдоль.
Смазать маслом.
Запекать 35 минут при 220 0 С.
2.
Смешать мацони, чеснок, соль и
З.
оливковое масло.
4.
Горячие баклажаны полить
соусом.
5.
Посыпать гранатом и кинзой.","О А Баклажан содержит хлорогеновую кислоту — антиоксидант,
замедляющий усвоение глюкозы. Запекание при высокой температуре
разрушает соланин и горечь. Гранат добавляет пуникалагины и
антоцианы. Мацони поставляет пробиотики и кальций.
Показания: ри диа ете -го типа и для про илакт и сердечно-
сосудисть заболеважййЕП",[SWBAND.CO] 102 рецепта для снижения веса тела.pdf,clear cooking steps; usable quantities; everyday cooking method,,low,,poor,good,replace rare or expensive ingredients,SWBAND row came from OCR extraction; verify text and quantities; source notes may contain OCR artifacts,
Все рецепты!R135 | InfoVolna | page/file [InfoVolna.com] Рекомендованый план питания 1300 вариант 4.pdf | variant 4 обед,говяжья печень с отварным картофелем,GOOD_CANDIDATE,72,lunch,90+ min,hard,говяжья печень с отварным; картофелем. Печень говяжья; Лук репчатый; Морковь; Масло кокосое,"говяжья печень с отварным
картофелем. Печень говяжья -
800 г
Лук репчатый - (1 шт.)
Морковь (крупная) - (0,5 шт.)
Масло кокосое 1ст л (10гр)
Соль - по вкусу","Говяжью печень переложите в
миску, залейте холодной водой
и оставьте хотя бы на 30 минут,
а лучше на 1-3 часа. Это избавит
печень от горечи, и в готовом
виде она будет максимально
мягкой. нимите с печени плёнку
удалите прожилки. Нарежьте
печёнку кусочками небольшого
размера.
В сковороде разогрейте
кокосовое масло. Обжарьте лук
на сильном огне, помешивая, до
мягкости, Добавьте морковь к
луку и обжаривайте овощи ещё
3-4 минуты на сильном огне.
Затем в сковороду переложите
говяжью печень. Обжаривайте
печень с овощами на сильном
огне около 5 минут, до
изменения цвета печени.","КБЖУ обед
474
35
15
48",[InfoVolna.com] Рекомендованый план питания 1300 вариант 4.pdf,clear cooking steps; usable quantities; everyday cooking method,,low,,medium,good,consider replacing rare/expensive items with CIS supermarket alternatives,InfoVolna meal-plan row; check it works as a standalone recipe,
Все рецепты!R297 | InfoVolna | page/file [InfoVolna.com] Рекомендованный план питания 1800 вариант 1.pdf | variant 1 ужин,шаурма с курицей без соуса - 1шт,GOOD_CANDIDATE,71,dinner,20-45 min,unknown,шаурма с курицей без соуса,"шаурма с курицей без соуса -
1шт","Шаурму заказываем из
курицы, просим сделать без
соусов. Важно чтоб в шаурме
не было других ингридентов
типа картошки фри и других
углеводов","КБЖУ ужин
503
46
17
39
общее КБЖУ
1810
138
73
138",[InfoVolna.com] Рекомендованный план питания 1800 вариант 1.pdf,clear cooking steps; usable quantities,,low,,good,poor,choose one best source variant before any import,InfoVolna meal-plan row; check it works as a standalone recipe; same source title appears 2 times in this workbook,
Все рецепты!R437 | InfoVolna | page/file [InfoVolna.com] Рекомендованный план питания 2300-2400 вариант 1.pdf | variant 1 ужин,шаурма с курицей без соуса - 1шт,GOOD_CANDIDATE,71,dinner,20-45 min,unknown,шаурма с курицей без соуса,"шаурма с курицей без соуса -
1шт","Шаурму заказываем из
курицы, просим сделать без
соусов. Важно чтоб в шаурме
не было других ингридентов
типа картошки фри и других
углеводов","КБЖУ ужин
503
46
17
39
общее КБЖУ
2336
169
76
241",[InfoVolna.com] Рекомендованный план питания 2300-2400 вариант 1.pdf,clear cooking steps; usable quantities,,low,,good,poor,choose one best source variant before any import,InfoVolna meal-plan row; check it works as a standalone recipe; same source title appears 2 times in this workbook,
Все рецепты!R57 | SWBAND.CO | page/file 64,Запечённые томаты с творожным муссом,GOOD_CANDIDATE,70,unknown,15-30 min,hard,Томаты; Мусс: творог; укроп; оливковое масло; мл,"• Томаты — 700 г
• Рафинированное масло — 10 мл
Мусс: творог — 250 г, базилик — 20 г,
укроп — 10 г, петрушка — 15 г,
оливковое масло — 10 мл, лимон
10 мл","1.
Томаты разрезать пополам.
Смазать маслом, посолить.
Запекать 20 мин при 20000.
2.
З.
Пробить творог с зеленью,
лимонным соком и ОЛИВКОВЫМ
маслом до мусса.
4.
Подать тёплые томаты с творожным
муссом.","О А При запекании томатов ликопин высвобождается из клеточных матриц
его биодоступность увеличивается в 3—4 раза по сравнению со
свежими. Творожный мусс с зеленью даёт белок и кальций. Базилик
содержит эвгегенол с противовоспалительными свойствами.
Показания: Для профилактики сердечно-сосудистых заболеваний.
Хорошо переносится при чувствительном ЖКТ — лёгкое блюдо без грубой
клетчатки.
Порция: —3 половинк • омота-н•",[SWBAND.CO] 102 рецепта для снижения веса тела.pdf,clear cooking steps; usable quantities; protein-forward; balanced main ingredients,,low,,good,good,,SWBAND row came from OCR extraction; verify text and quantities; source notes may contain OCR artifacts,
Все рецепты!R47 | SWBAND.CO | page/file 53,Ленивый хачапури,MAYBE_REVIEW,92,unknown,up to 15 min,medium,Лаваш; Сулугуни light; Творог 5%; Яйца; Укроп,"Лаваш — 2 больших листа
Сулугуни light — 250 г
• Творог 5% — 250 г
Яйца — 2 шт.
Укроп — 20 г","Сулугуни натереть на тёрке.
1.
2.
Смешать сыр с творогом, яйцами
и нарезанным укропом.
З.
Разделить начинку на 4 части.
4.
Каждую завернуть в лаваш
конвертом.
Обжарить на решётке мангала по
5.
4—5 мин с каждой стороны.
Можно на сухой сковороде.","О Сулугуни и творог вместе дают высокую концентрацию кальция и
молочного белка. Творог снижает жирность начинки по сравнению с
мангале создаёт хрустящую корочку без дополнительного жира.
Показания: При дефиците кальция, для беременных и детей.
Хорошо п дходит как перекус,после тренировки
Порция: 1 хачапурю",[SWBAND.CO] 102 рецепта для снижения веса тела.pdf,"possible duplicate; compare with existing: Ленивый хачапури по-аджарски; positive: clear cooking steps, usable quantities",,medium,Ленивый хачапури по-аджарски,good,good,compare with similar existing recipe,SWBAND row came from OCR extraction; verify text and quantities; duplicate similarity score 0.727; source notes may contain OCR artifacts,
Все рецепты!R55 | SWBAND.CO | page/file 62,Печёные перцы с белой фасолью и травами,MAYBE_REVIEW,92,unknown,15-30 min,medium,"Перцы болгарские; Белая фасоль варёная; Заправка: петрушка; г, чеснок; масло extra virgin; мл","• Перцы болгарские — 600 г
• Белая фасоль варёная — 300 г
• Рафинированное масло — 15 мл
• Заправка: петрушка — 20 г, базилик
15 г, чеснок — 5 г, оливковое
масло extra virgin — 15 мл, лимон
10 мл","1.
Перцы смазать маслом. Запечь 25
мин при 20000.
2.
Очистить от кожицы.
З.
Фасоль прогреть на сухой
сковороде.
4.
Смешать травы, чеснок, оливковое
масло и лимон — заправка.
5.
Подать фасоль с перцами и
заправкой.","О А Белая фасоль содержит около 7 г белка и 6 г клетчатки на 100 г. Богата
калием — минералом, снижающим артериальное давление. Запечённый
перец увеличивает биодоступность витамина С. Травяная заправка с
оливковым маслом помогает усвоению жирорастворимых витаминов.
гипертонии и высоком холесте ине. Хо ошо подходит
вегетариа ам как осн в
• -2 перца + фасОћ€€ЗООг
Порция.",[SWBAND.CO] 102 рецепта для снижения веса тела.pdf,"possible duplicate; compare with existing: Куриный суп с белой фасолью и кейлом; positive: clear cooking steps, usable quantities",,medium,Куриный суп с белой фасолью и кейлом,good,good,compare with similar existing recipe,SWBAND row came from OCR extraction; verify text and quantities; duplicate similarity score 0.64; source notes may contain OCR artifacts,
Все рецепты!R65 | SWBAND.CO | page/file 73,"Салат с огурцом, редисом и творожным кремом",MAYBE_REVIEW,92,snack,10-20 min,easy,Огурцы; Редис; Зелёный лук; Укроп; Крем: мягкий творог; греческий йогурт,"Огурцы — 350 г
• Редис — 200 г
• Зелёный лук — 15 г
Укроп — 15 г
Крем: мягкий творог — 220 г,
греческий йогурт — 70 г, лимон —
10 мл, чеснок — Зг
о
Редис содержит рафанин — изотиоцианат с антибактериальными
свойствами в отношении ряда патогенных бактерий дыхательных путей.
Творожный крем с йогуртом заменяет сметану и майонез. Подача
слоями — крем под овощами — позволяет контролировать количество
соуса.","1.
Огурцы нарезать полукружьями.
2.
Редис — тонкими слайсами.
Зелень нарубить.
З.
Смешать творог, йогурт, чеснок и
лимон — крем.
4.
Выложить крем на блюдо. Сверху
— овощи и зелень.","Показания: Весной при сниженном иммунитетеЭ(оро о подходит на
снижении веса как лёгк
Порция: 1 тарелка (—300 г)",[SWBAND.CO] 102 рецепта для снижения веса тела.pdf,"possible duplicate; compare with existing: Омлет с беконом, гаудой и творожным сыром; positive: clear cooking steps, usable quantities",,medium,"Омлет с беконом, гаудой и творожным сыром",good,good,compare with similar existing recipe,SWBAND row came from OCR extraction; verify text and quantities; duplicate similarity score 0.659; source notes may contain OCR artifacts,
Все рецепты!R66 | SWBAND.CO | page/file 74,Томатный салат с белой фасолью и базиликом,MAYBE_REVIEW,92,snack,10-20 min,easy,Томаты; зоо г; Белая фасоль варёная; Красный лук; Базилик; Петрушка,"Томаты - 500 г
- зоо г
Белая фасоль варёная
Красный лук — 50 г
Базилик — 20 г
Петрушка — 15 г
Заправка: оливковое масло — 15
мл, красный винный уксус — 10 мл
О
А Белая фасоль содержит резистентный крахмал, снижающий
гликемический ответ и питающий полезные бактерии кишечника.
Красный винный уксус в заправке добавляет полифенолы. Базилик
содержит эвгенол и линалоол с противовоспалительным действием.","1.
Фасоль обсушить.
2.
Томаты нарезать дольками. Лук —
тонко.
Зелень крупно нарвать.
З.
Смешать всё с заправкой.
4.
Попробовать, посолить.","Показания: При высоком холестерине и для профилактики
сердечно-сосудистых заболеваний. Хорошо подходит вегетарианцам
как белковый салат.
Порция: 1 тарелка",[SWBAND.CO] 102 рецепта для снижения веса тела.pdf,"possible duplicate; compare with existing: Куриный суп с белой фасолью и кейлом; positive: clear cooking steps, usable quantities",,medium,Куриный суп с белой фасолью и кейлом,good,good,compare with similar existing recipe,SWBAND row came from OCR extraction; verify text and quantities; duplicate similarity score 0.692; source notes may contain OCR artifacts,
Все рецепты!R64 | SWBAND.CO | page/file 72,Тёплый салат с чечевицей и томатами,MAYBE_REVIEW,92,snack,15-30 min,easy,Зелёная чечевица сухая; Томаты; Петрушка; Мята; Красный лук; Заправка: лимон,"Зелёная чечевица сухая
- 180 г
Томаты — 300 г
Петрушка — 25 г
• Мята — 10 г
Красный лук — 70 г
Заправка: лимон — 20 мл, оливковое
масло — 10 мл, горчица — 8 г","Чечевицу отварить до al dente
1.
(около 20 мин).
2.
Томаты нарезать кубиком. Лук
тонкими кольцами.
З.
Зелень мелко порубить.
4.
Смешать тёплую чечевицу с
овощами и заправкой.","О Зелёная чечевица содержит один из самых высоких уровней фолата
среди продуктов питания. Фолат необходим для синтеза ДНК и деления
клеток — дефицит опасен в первом триместре беременности. Мята
снижает тяжесть от бобовых.
Показания: Особенно рекомендуется при планировании беременности
и в первом триместре. Подходит при диабете — низкий ГИ чечевицы
обеспечив ет.плавный гликемический отве",[SWBAND.CO] 102 рецепта для снижения веса тела.pdf,"possible duplicate; compare with existing: Зеленое карри с чечевицей и рисом; positive: clear cooking steps, usable quantities",,medium,Зеленое карри с чечевицей и рисом,good,good,compare with similar existing recipe,SWBAND row came from OCR extraction; verify text and quantities; duplicate similarity score 0.618; source notes may contain OCR artifacts,
Все рецепты!R70 | SWBAND.CO | page/file 78,Хрустящий салат с брокколи и нутом,MAYBE_REVIEW,87,snack,up to 15 min,medium,Брокколи; Варёный нут; Красный лук; Соус: тахини; йогурт; Нут,"Брокколи — 400 г
• Варёный нут — 300 г
Красный лук — 50 г
• Соус: тахини — 20 г, лимон — 15 мл,
йогурт — 70 г, соль — 4 г
о
Брокколи и нут вместе дрют сульфорафан и растительный белок. Нут
содержит около 9 г белка на 100 г готового — один из лучших
показателей среди бобовых. Тахини в соусе поставляет кальций.
Бланшировка брокколи на 2 минуты сохраняет хруст и максимум
сульфорафана.","1.
Брокколи разобрать на соцветия,
бланшировать 2 мин.
2.
Нут обсушить.
З.
Лук нарезать тонко.
4.
Смешать соус.
5.
заправить соусом.","Показания: Для онкопрофилактики и при дефиците к ьция. Хорошо
подходит вегетарианц
салат.
Порция: 1 тарелка (—300 г)",[SWBAND.CO] 102 рецепта для снижения веса тела.pdf,"some expensive or less common ingredients; possible duplicate; compare with existing: Марокканский салат с помидорами, корицей и нутом; positive: clear cooking steps, usable quantities",,medium,"Марокканский салат с помидорами, корицей и нутом",medium,good,consider replacing rare/expensive items with CIS supermarket alternatives; compare with similar existing recipe,SWBAND row came from OCR extraction; verify text and quantities; duplicate similarity score 0.617; source notes may contain OCR artifacts,
Все рецепты!R44 | SWBAND.CO | page/file 50,Бургер в пите с тахини йогуртом,MAYBE_REVIEW,83,unknown,up to 15 min,medium,"Цельнозерновая пита; Куриный фарш; Огурец; Томаты; Соус: йогурт; г, лимон","Цельнозерновая пита — 4 шт
Куриный фарш — 600 г
Огурец — 120 г
Томаты —
• Соус: йогурт — 100 г, тахини — 20
г, лимон — 10 мл","1.
Из фарша сформировать котлеты.
2.
Жарить по 4 мин с каждой
стороны.
З.
Питу прогреть.
Смешать соус тахини-йогурт.
4.
5.
Питу смазать соусом, наполнить
овощами и котлетой.","О Цельнозерновая пита содержит больше клетчатки и витаминов
группы В, чем обычная. Тахини-йогуртовый соус добавляет кальций,
пробиотики и полезные жиры. Сочетание белка из котлеты и клетчатки
питы обеспечивает длительную сытость.
Показания: Как сытный обед при умеренном снижении веса.
Хорошо вписывается в средиземноморскии тип питани
Порция: 1 пита",[SWBAND.CO] 102 рецепта для снижения веса тела.pdf,"some expensive or less common ingredients; possible duplicate; compare with existing: Буррито в банке с фасолью и йогуртом; positive: clear cooking steps, usable quantities",,medium,Буррито в банке с фасолью и йогуртом,medium,good,consider replacing rare/expensive items with CIS supermarket alternatives; compare with similar existing recipe,SWBAND row came from OCR extraction; verify text and quantities; duplicate similarity score 0.657; source notes may contain OCR artifacts,
Все рецепты!R49 | SWBAND.CO | page/file 55,Хрустящие рулеты из лаваша с креветкой,MAYBE_REVIEW,83,unknown,up to 15 min,medium,Лаваш; Креветки; Рикотта; Укроп; Яйцо,"• Лаваш — 2 листа
Креветки — 400 г
Рикотта — 180 г
Укроп — 30 г
Яйцо — 1 шт.","1.
Креветки отварить, мелко
порубить.
2.
Смешать с рикоттой и нарезанным
укропом.
З.
Лаваш разрезать на части.
4.
Выложить начинку, свернуть
рулетами.
Смазать яйцом.
5.
Запекать 15 мин при 2000С.
6.","О Лаваш как оболочка даёт хрустящую корочку при запекании без
фритюра. Рикотта содержит сывороточный белок — усваивается быстро.
Креветки богаты йодом и быстроусвояемым белком. Запекание при 2000С
в течение 15 минут полностью пастеризует начинку.
Показания: Как лёгкиу ужин или белковая закуска. Пр дефиците йода.
Порция: 2—3 рулета",[SWBAND.CO] 102 рецепта для снижения веса тела.pdf,"some expensive or less common ingredients; possible duplicate; compare with existing: Рулет из лаваша с тунцом; positive: clear cooking steps, usable quantities",,medium,Рулет из лаваша с тунцом,medium,good,consider replacing rare/expensive items with CIS supermarket alternatives; compare with similar existing recipe,SWBAND row came from OCR extraction; verify text and quantities; duplicate similarity score 0.645; source notes may contain OCR artifacts,
Все рецепты!R76 | SWBAND.CO | page/file 85,Веганская окрошка на квасе с нутом,MAYBE_REVIEW,82,lunch,30-60 min,medium,Варёный нут; Квас; Огурцы; Редис; Авокадо; Зелёный лук,"Варёный нут — 350 г
Квас — 1,2 л
Огурцы — 300 г • Редис — 200 г
• Авокадо — 100 г
• Зелёный лук — 20 г • Укроп — 20 г
• Заправка: горчица — 10 г,
лимонный сок — 15 мл, чёрный
перец","1.
Нут оставьте целым.
2.
Овощи нарежьте мелко. Авокадо
— кубиком.
Смешайте заправку.
З.
Соедините всё, посолите.
4.
5.
Перед подачей залейте
охлаждённым квасом.","О Нут даёт растительный белок и резистентный крахмал. Авокадо
добавляет мононенасыщенные жиры и насыщает. Квас поставляет
витамины группы В. Полностью растительный состав.
Показания: Рекомендуется вегетарианцам и веганам. При",[SWBAND.CO] 102 рецепта для снижения веса тела.pdf,"some expensive or less common ingredients; possible duplicate; compare with existing: Веганская шакшука с тофу; positive: clear cooking steps, usable quantities",,medium,Веганская шакшука с тофу,medium,good,consider replacing rare/expensive items with CIS supermarket alternatives; compare with similar existing recipe,SWBAND row came from OCR extraction; verify text and quantities; duplicate similarity score 0.655; source notes may contain OCR artifacts,
Все рецепты!R72 | SWBAND.CO | page/file 80,Огуречный салат с мацони и грецким орехом,MAYBE_REVIEW,81,snack,10-20 min,easy,"Огурцы; Мацони; Грецкие орехи; Укроп; Чеснок; Соль, перец","Огурцы — 500 г
• Мацони — 200 г
Грецкие орехи — 30 г
Укроп — 15 г
• Чеснок —3 г
• Соль, перец","1.
Мацони смешать с измельчённым
чесноком и укропом.
2.
Огурцы крупно нарезать.
Смешать огурцы с заправкой.
З.
4.
Украсить грецкими орехами.","О Мацони с чесноком — пробиотический соус, поддерживающий
микрофлору кишечника. Огурец добавляет гидратацию и кремний.
Грецкие орехи содержат альфа-линоленовую кислоту (АЛК) —
растительную омега-З. 30 г грецких орехов в день связывают со
снижением риска сердечно-сосудистых заболеваний.
Показания: В жару для поддержания водного баланса. Хорошо
подходит ри дисбактериозе.
Порци : 1 тарелка Оху-",[SWBAND.CO] 102 рецепта для снижения веса тела.pdf,"some expensive or less common ingredients; possible duplicate; compare with existing: Йогурт с ягодным соусом и грецким орехом; positive: clear cooking steps, usable quantities",,medium,Йогурт с ягодным соусом и грецким орехом,medium,good,consider replacing rare/expensive items with CIS supermarket alternatives; compare with similar existing recipe,SWBAND row came from OCR extraction; verify text and quantities; duplicate similarity score 0.667; source notes may contain OCR artifacts,
Все рецепты!R60 | SWBAND.CO | page/file 68,"Салат с арбузом, халуми и мятой",MAYBE_REVIEW,77,snack,10-20 min,unknown,Арбуз; Халуми; Мята; Сок лайма; Подавайте сразу; Арбуз содержит цитруллин,"Арбуз - 500 г
• Халуми — 220 г
• Мята — 15 г
• Сок лайма — 10 мл
Д
Подавайте сразу — арбуз даёт сок при стоянии!
О
Арбуз содержит цитруллин — он расширяет сосуды через синтез оксида
азота (тот же механизм у ряда препаратов от гипертонии). Халуми при
жарке на с хой сковороде теряет жиря.у.тди.","1.
Нарежьте халуми и обжарьте на
сухой сковороде без масла до
золотистой корочки.
2.
Нарежьте арбуз кубиками.
З.
Смешайте арбуз с тёплым халуми и
мятой.
4.
Сбрызните соком лайма. Подавайте
сразу.","Показания: в жару и
зпрнии. Лёгкий етний обед с
хорошим б лансом белка и углеводов.",[SWBAND.CO] 102 рецепта для снижения веса тела.pdf,"some expensive or less common ingredients; possible duplicate; compare with existing: Салат с тунцом, фасолью, яблоком и фетой; positive: clear cooking steps, usable quantities",,medium,"Салат с тунцом, фасолью, яблоком и фетой",medium,good,consider replacing rare/expensive items with CIS supermarket alternatives; compare with similar existing recipe,SWBAND row came from OCR extraction; verify text and quantities; duplicate similarity score 0.618; source notes may contain OCR artifacts,
Все рецепты!R81 | SWBAND.CO | page/file 90,Гаспачо с белой фасолью,MAYBE_REVIEW,74,lunch,90+ min,hard,"Томаты; Болгарский перец; Белая фасоль, варёная; Огурец; Чеснок; Оливковое масло","• Томаты - 800 г
• Болгарский перец — 250 г
• Белая фасоль, варёная — 250 г
Огурец — 150 г • Чеснок — 5 г
Оливковое масло — 10 мл
. Соль —5 г
Д Л Охлаждение минимум 2 часа обязательно
в холодном виде!","1.
Все овощи крупно нарезать.
2.
Пробить блендером до гладкой
консистенции.
Добавить масло и соль.
З.
4.
Охладить минимум 2 ч.
— вкус раскрывается только","О А Оливковое масло необходимо для усвоения ликопина из томатов —
каротиноиды жирорастворимы. Белая фасоль добавляет растительный
белок и кл
Показания: для одходит",[SWBAND.CO] 102 рецепта для снижения веса тела.pdf,"hard/restaurant-style execution; some expensive or less common ingredients; possible duplicate; compare with existing: Куриный суп с белой фасолью и кейлом; positive: clear cooking steps, usable quantities",,medium,Куриный суп с белой фасолью и кейлом,medium,good,consider replacing rare/expensive items with CIS supermarket alternatives; compare with similar existing recipe,SWBAND row came from OCR extraction; verify text and quantities; duplicate similarity score 0.61; source notes may contain OCR artifacts,
Все рецепты!R61 | SWBAND.CO | page/file 69,ПП-та6уле с булгуром и зеленью,MAYBE_REVIEW,72,snack,up to 15 min,medium,Булгур; Петрушка; Мята; Огурцы; томаты; Заправка: лимонный сок,"Булгур — 100 г (сухой)
• Петрушка — 60 г
• Мята — 20 г
Огурцы — 200 г; томаты — 250 г
• Заправка: лимонный сок — 20 мл,
оливковое масло — 10 мл, соль,
перец","1.
Булгур залить кипятком в
соотношении 1:1,5, накрыть и
запарить на 15 минут.
2.
Зелень очень мелко нарубить.
З.
Огурцы и томаты нарезать мелким
кубиком.
4.
Остывший булгур смешать с
овощами и зеленью.
5.
Заправить, перемешать и дать
постоять 10 минут.","О Петрушка содержит больше витамина С, чем апельсин (на 100 г). По
традиционному рецепту зелени должно быть больше, чем булгура.
Булгур — цельнозерновой продукт с гликемическим индексом около 45.
Показания: При дисДУТ9.!71
ики остеоп оза.",[SWBAND.CO] 102 рецепта для снижения веса тела.pdf,"some expensive or less common ingredients; possible duplicate; compare with existing: Омлет с творогом и зеленью; positive: clear cooking steps, usable quantities",,medium,Омлет с творогом и зеленью,medium,good,consider replacing rare/expensive items with CIS supermarket alternatives; compare with similar existing recipe,SWBAND row came from OCR extraction; verify text and quantities; duplicate similarity score 0.643; source notes may contain OCR artifacts,
Все рецепты!R487 | InfoVolna | page/file [InfoVolna.com] Рекомендованный план питания 2500 вариант 4.pdf | variant 4 ужин,Картофель жаренный 250 гр в гот,MAYBE_REVIEW,70,dinner,unknown,easy,"Картофель жаренный; гот. виде (жарить на; подслонечного масла(столовая; ложка)), стейк индейки (вес в; сыром виде, 1/3 пачки; индилайт)","Картофель жаренный 250 гр в
гот. виде (жарить на 15 гр
подслонечного масла(столовая
ложка)), стейк индейки (вес в
сыром виде, 1/3 пачки
индилайт) 170гр, огурцы
помидоры по 1 шт",,"КБЖУ ужин
622
38
25
58",[InfoVolna.com] Рекомендованный план питания 2500 вариант 4.pdf,"missing steps; positive: usable quantities, protein-forward",,low,,good,medium,check quantities before nutrition calculation; choose one best source variant before any import,verify whether this is a no-cook snack or an incomplete recipe; InfoVolna meal-plan row; check it works as a standalone recipe; same source title appears 2 times in this workbook,
Все рецепты!R527 | InfoVolna | page/file [InfoVolna.com] Рекомендованный план питания 2800 вариант 1.pdf | variant 1 ужин,Картофель жаренный 250 гр в гот,MAYBE_REVIEW,70,dinner,unknown,easy,"Картофель жаренный; гот. виде (жарить на; подслонечного масла(столовая; ложка)), стейк индейки (вес в; сыром виде, 1/3 пачки; индилайт)","Картофель жаренный 250 гр в
гот. виде (жарить на 15 гр
подслонечного масла(столовая
ложка)), стейк индейки (вес в
сыром виде, 1/3 пачки
индилайт) 170гр, огурцы
помидоры по 1 шт",,"КБЖУ ужин
622
38
25
58",[InfoVolna.com] Рекомендованный план питания 2800 вариант 1.pdf,"missing steps; positive: usable quantities, protein-forward",,low,,good,medium,check quantities before nutrition calculation; choose one best source variant before any import,verify whether this is a no-cook snack or an incomplete recipe; InfoVolna meal-plan row; check it works as a standalone recipe; same source title appears 2 times in this workbook,
Все рецепты!R471 | InfoVolna | page/file [InfoVolna.com] Рекомендованный план питания 2500 вариант 1.pdf | variant 1 перекус 2,Хлеб с сыром,MAYBE_REVIEW,70,snack,unknown,easy,"Хлеб с сыром. Хлеб; цельнозерновой; небольших ломтика, сыр легкий; гр. Ряженка 3,2 % (или; кефир)","Хлеб с сыром. Хлеб
цельнозерновой (90гр) - 3
небольших ломтика, сыр легкий
-40 гр. Ряженка 3,2 % (или
кефир) - 250 мл",,"перекус КБЖУ
488
20
16
30",[InfoVolna.com] Рекомендованный план питания 2500 вариант 1.pdf,"missing steps; positive: usable quantities, protein-forward",,low,,good,medium,check quantities before nutrition calculation; choose one best source variant before any import,verify whether this is a no-cook snack or an incomplete recipe; InfoVolna meal-plan row; check it works as a standalone recipe; same source title appears 2 times in this workbook,
Все рецепты!R511 | InfoVolna | page/file [InfoVolna.com] Рекомендованный план питания 2700-3000 вариант 1.pdf | variant 1 перекус 2,Хлеб с сыром,MAYBE_REVIEW,70,snack,unknown,easy,"Хлеб с сыром. Хлеб; цельнозерновой; небольших ломтика, сыр легкий; гр. Ряженка 3,2 % (или; кефир)","Хлеб с сыром. Хлеб
цельнозерновой (80гр) - 3
небольших ломтика, сыр легкий
-40 гр. Ряженка 3,2 % (или
кефир) - 450 мл",,"перекус КБЖУ
561
34
22
52",[InfoVolna.com] Рекомендованный план питания 2700-3000 вариант 1.pdf,"missing steps; positive: usable quantities, protein-forward",,low,,good,medium,check quantities before nutrition calculation; choose one best source variant before any import,verify whether this is a no-cook snack or an incomplete recipe; InfoVolna meal-plan row; check it works as a standalone recipe; same source title appears 2 times in this workbook,
Все рецепты!R142 | InfoVolna | page/file [InfoVolna.com] Рекомендованый план питания 1300 вариант 5.pdf | variant 5 ужин,Горбуша стейки с вареным картофелем и овощной нарезкой,MAYBE_REVIEW,69,dinner,20-45 min,unknown,"Горбуша стейки с вареным; картофелем и овощной; нарезкой. Горбуша свежая; шт, помидор","Горбуша стейки с вареным
картофелем и овощной
нарезкой. Горбуша свежая -
150гр. Картофель вареный -
150гр (в готовм виде) Огурец -1
шт, помидор - 1 шт","стейки из горбушы или филе
мельонами жарим на
скокороде с антипригарным
покрытием без масла,
картофель варим, нарезаем
овощи огурец, помидор","КБЖУ ужин
365
34
11
32
общее КБЖУ
1320
105
53
100",[InfoVolna.com] Рекомендованый план питания 1300 вариант 5.pdf,clear cooking steps; usable quantities; repeated source title needs variant selection,,low,,good,good,choose one best source variant before any import,InfoVolna meal-plan row; check it works as a standalone recipe; same source title appears 8 times in this workbook,
Все рецепты!R222 | InfoVolna | page/file [InfoVolna.com] Рекомендованный план питания 1500 вариант 7.pdf | variant 7 ужин,Горбуша стейки с вареным картофелем и овощной нарезкой,MAYBE_REVIEW,69,dinner,20-45 min,unknown,"Горбуша стейки с вареным; картофелем и овощной; нарезкой. Горбуша свежая; шт, помидор","Горбуша стейки с вареным
картофелем и овощной
нарезкой. Горбуша свежая -
200гр. Картофель вареный -
200гр (в готовм виде) Огурец -1
шт, помидор - 1 шт","стейки из горбушы или филе
мельонами жарим на
скокороде с антипригарным
покрытием без масла,
картофель варим, нарезаем
овощи огурец, помидор","КБЖУ ужин
448
45
14
33
общее КБЖУ
1473
111
60
119",[InfoVolna.com] Рекомендованный план питания 1500 вариант 7.pdf,clear cooking steps; usable quantities; repeated source title needs variant selection,,low,,good,good,choose one best source variant before any import,InfoVolna meal-plan row; check it works as a standalone recipe; same source title appears 8 times in this workbook,
Все рецепты!R247 | InfoVolna | page/file [InfoVolna.com] Рекомендованый план питания 1600 вариант 5.pdf | variant 5 ужин,Горбуша стейки с вареным картофелем и овощной нарезкой,MAYBE_REVIEW,69,dinner,15-30 min,unknown,"Горбуша стейки с вареным; картофелем и овощной; нарезкой. Горбуша свежая; шт, зелень и другие свежие; овощи","Горбуша стейки с вареным
картофелем и овощной
нарезкой. Горбуша свежая -
200гр. Огурец -1 шт, помидор - 1
шт, зелень и другие свежие
овощи","стейки из горбушы или филе
мельонами запекаем в
хуовке 20-30 мин, делаем
салат из свежих овощей","КБЖУ ужин
284
41
13
0
общее КБЖУ
1574
155
45
132",[InfoVolna.com] Рекомендованый план питания 1600 вариант 5.pdf,clear cooking steps; usable quantities; repeated source title needs variant selection,,low,,good,good,choose one best source variant before any import,InfoVolna meal-plan row; check it works as a standalone recipe; same source title appears 8 times in this workbook,
Все рецепты!R257 | InfoVolna | page/file [InfoVolna.com] Рекомендованый план питания 1650 вариант 7.pdf | variant 7 ужин,Горбуша стейки с вареным картофелем и овощной нарезкой,MAYBE_REVIEW,69,dinner,20-45 min,unknown,"Горбуша стейки с вареным; картофелем и овощной; нарезкой. Горбуша свежая; шт, помидор","Горбуша стейки с вареным
картофелем и овощной
нарезкой. Горбуша свежая -
150гр. Картофель вареный -
150гр (в готовм виде) Огурец -1
шт, помидор - 1 шт","стейки из горбушы или филе
мельонами жарим на
скокороде с антипригарным
покрытием без масла,
картофель варим, нарезаем
овощи огурец, помидор","КБЖУ ужин
365
34
11
32
общее КБЖУ
1642
109
68
145",[InfoVolna.com] Рекомендованый план питания 1650 вариант 7.pdf,clear cooking steps; usable quantities; repeated source title needs variant selection,,low,,good,good,choose one best source variant before any import,InfoVolna meal-plan row; check it works as a standalone recipe; same source title appears 8 times in this workbook,
Все рецепты!R282 | InfoVolna | page/file [InfoVolna.com] Рекомендованый план питания 1700 вариант 5.pdf | variant 5 ужин,Горбуша стейки с вареным картофелем и овощной нарезкой,MAYBE_REVIEW,69,dinner,15-30 min,unknown,"Горбуша стейки с вареным; картофелем и овощной; нарезкой. Горбуша свежая; шт, зелень и другие свежие; овощи","Горбуша стейки с вареным
картофелем и овощной
нарезкой. Горбуша свежая -
200гр. Огурец -1 шт, помидор - 1
шт, зелень и другие свежие
овощи","стейки из горбушы или филе
мельонами запекаем в
хуовке 20-30 мин, делаем
салат из свежих овощей","КБЖУ ужин
284
41
13
0
общее КБЖУ
1688
163
55
131",[InfoVolna.com] Рекомендованый план питания 1700 вариант 5.pdf,clear cooking steps; usable quantities; repeated source title needs variant selection,,low,,good,good,choose one best source variant before any import,InfoVolna meal-plan row; check it works as a standalone recipe; same source title appears 8 times in this workbook,
Все рецепты!R457 | InfoVolna | page/file [InfoVolna.com] Рекомендованный план питания 2300-2400 вариант 5.pdf | variant 5 ужин,Горбуша стейки с вареным картофелем и овощной нарезкой,MAYBE_REVIEW,69,dinner,20-45 min,unknown,"Горбуша стейки с вареным; картофелем и овощной; нарезкой. Горбуша свежая; шт, помидор","Горбуша стейки с вареным
картофелем и овощной
нарезкой. Горбуша свежая -
200гр. Картофель вареный -
200гр (в готовм виде) Огурец -1
шт, помидор - 1 шт","стейки из горбушы или филе
мельонами жарим на
скокороде с антипригарным
покрытием без масла,
картофель варим, нарезаем
овощи огурец, помидор","КБЖУ ужин
448
45
14
33
общее КБЖУ
2368
174
82
227",[InfoVolna.com] Рекомендованный план питания 2300-2400 вариант 5.pdf,clear cooking steps; usable quantities; repeated source title needs variant selection,,low,,good,good,choose one best source variant before any import,InfoVolna meal-plan row; check it works as a standalone recipe; same source title appears 8 times in this workbook,
Все рецепты!R492 | InfoVolna | page/file [InfoVolna.com] Рекомендованный план питания 2500 вариант 5.pdf | variant 5 ужин,Горбуша стейки с вареным картофелем и овощной нарезкой,MAYBE_REVIEW,69,dinner,20-45 min,unknown,"Горбуша стейки с вареным; картофелем и овощной; нарезкой. Горбуша свежая; шт, помидор","Горбуша стейки с вареным
картофелем и овощной
нарезкой. Горбуша свежая -
200гр. Картофель вареный -
200гр (в готовм виде) Огурец -1
шт, помидор - 1 шт","стейки из горбушы или филе
мельонами жарим на
скокороде с антипригарным
покрытием без масла,
картофель варим, нарезаем
овощи огурец, помидор","КБЖУ ужин
448
45
14
33
общее КБЖУ
2455
180
72
261",[InfoVolna.com] Рекомендованный план питания 2500 вариант 5.pdf,clear cooking steps; usable quantities; repeated source title needs variant selection,,low,,good,good,choose one best source variant before any import,InfoVolna meal-plan row; check it works as a standalone recipe; same source title appears 8 times in this workbook,
Все рецепты!R532 | InfoVolna | page/file [InfoVolna.com] Рекомендованный план питания 2800 вариант 2.pdf | variant 2 ужин,Горбуша стейки с вареным картофелем и овощной нарезкой,MAYBE_REVIEW,69,dinner,20-45 min,unknown,"Горбуша стейки с вареным; картофелем и овощной; нарезкой. Горбуша свежая; шт, помидор","Горбуша стейки с вареным
картофелем и овощной
нарезкой. Горбуша свежая -
250гр. Картофель вареный -
250гр (в готовм виде) Огурец -1
шт, помидор - 1 шт","стейки из горбушы или филе
мельонами жарим на
скокороде с антипригарным
покрытием без масла,
картофель варим, нарезаем
овощи огурец, помидор","КБЖУ ужин
560
56
17
41
общее КБЖУ
2825
193
111
243",[InfoVolna.com] Рекомендованный план питания 2800 вариант 2.pdf,clear cooking steps; usable quantities; repeated source title needs variant selection,,low,,good,good,choose one best source variant before any import,InfoVolna meal-plan row; check it works as a standalone recipe; same source title appears 8 times in this workbook,
Все рецепты!R86 | SWBAND.CO | page/file 96,Домашняя ветчина из индейки,MAYBE_REVIEW,69,breakfast,45-90 min,hard,Филе индейки; кг; Сухой чеснок; паприка; Молотый кориандр; мускатный орех,"• Филе индейки (грудка)
— 1 кг
Соль — 12 г • черный перец — З г
Сухой чеснок — 4 г • паприка — 5 г
Молотый кориандр — З г • мускатный орех
Дижонская горчица — 15 г
Ледяная вода — 80 мл
Рафинированное масло — 5 мл
А Промышленная ветчина содержит нитрит натрия (Е25О), фосфаты и крахмал. В
домашней версии — только мясо и специи. Ледяная вода при взбивании помогает белку
связаться и создать плотную текстуру. Выдержка под прессом уплотняет структуру.","1.
700 г индейки нарезать крупными
кусками. 300 г — мелким кубиком (они
дадут текстуру).
2.
В блендере соединить 700 г индейки,
соль, специи, горчицу и ледяную воду.
Пробить в вязкую массу.
З.
Смешать основу фарша с кусочками
индейки. Вымешивать 3—4 мин до
липкости.
4.
Форму смазать маслом. Плотно
утрамбовать массу. Нсжрыть фольгой.
Выпекать при 1600С 55—60 мин (внутренняя
5.
температура — 720С).
6.
Полностью остудить. Убрать под пресс в
холодильник на ночь. Нарезать тонко.","Показания:
. Хорошо подходит
дит•за•состав
детям и при сн жении веса.
Порция: 2— ломтика (-802100 г",[SWBAND.CO] 102 рецепта для снижения веса тела.pdf,too complex/restaurant-style; hard/restaurant-style execution,,low,,good,good,,SWBAND row came from OCR extraction; verify text and quantities; source notes may contain OCR artifacts,
Все рецепты!R156 | InfoVolna | page/file [InfoVolna.com] Рекомендованый план питания 1350-1400 вариант 1.pdf | variant 1 перекус 2,"Йогурт питьевой 290 мл (например активия, без вкусов и сахара, по желанию можно добавить сахзам) яблоко или груша -1 шт",MAYBE_REVIEW,69,snack,unknown,easy,"Йогурт питьевой; (например активия, без вкусов и; сахара, по желанию можно; добавить сахзам) яблоко или; груша","Йогурт питьевой 290 мл
(например активия, без вкусов и
сахара, по желанию можно
добавить сахзам) яблоко или
груша -1 шт",,"перекус КБЖУ
150
13
6
9",[InfoVolna.com] Рекомендованый план питания 1350-1400 вариант 1.pdf,"missing steps; positive: usable quantities, protein-forward",,low,,good,medium,check quantities before nutrition calculation,verify whether this is a no-cook snack or an incomplete recipe; InfoVolna meal-plan row; check it works as a standalone recipe; title was inferred or looks like a source fragment,
Все рецепты!R137 | InfoVolna | page/file [InfoVolna.com] Рекомендованый план питания 1300 вариант 4.pdf | variant 4 ужин,Картофель жаренный 100 гр в гот,MAYBE_REVIEW,69,dinner,unknown,easy,"Картофель жаренный; гот. виде (; масла), стейк; индейки (вес; половина стейка грудки; индейки","Картофель жаренный 100 гр в
гот. виде (15 гр подслонечного
масла(столовая ложка)), стейк
индейки (вес в сыром виде,
половина стейка грудки
индейки (пачки индилайт) 85гр,
огурцы помидоры по 1 шт",,"КБЖУ ужин
300
19
15
23",[InfoVolna.com] Рекомендованый план питания 1300 вариант 4.pdf,"missing steps; positive: usable quantities, protein-forward",,low,,good,medium,check quantities before nutrition calculation; choose one best source variant before any import,verify whether this is a no-cook snack or an incomplete recipe; InfoVolna meal-plan row; check it works as a standalone recipe; same source title appears 5 times in this workbook,
Все рецепты!R167 | InfoVolna | page/file [InfoVolna.com] Рекомендованый план питания 1350-1400 вариант 3.pdf | variant 3 ужин,Картофель жаренный 100 гр в гот,MAYBE_REVIEW,69,dinner,unknown,easy,"Картофель жаренный; гот. виде (; масла), стейк; индейки (вес; половина стейка грудки; индейки","Картофель жаренный 100 гр в
гот. виде (10 гр подслонечного
масла(столовая ложка)), стейк
индейки (вес в сыром виде,
половина стейка грудки
индейки (пачки индилайт)
100гр, огурцы помидоры по 1 шт",,"КБЖУ ужин
256
19
15
23
общее КБЖУ
1353
119
49
111",[InfoVolna.com] Рекомендованый план питания 1350-1400 вариант 3.pdf,"missing steps; positive: usable quantities, protein-forward",,low,,good,medium,check quantities before nutrition calculation; choose one best source variant before any import,verify whether this is a no-cook snack or an incomplete recipe; InfoVolna meal-plan row; check it works as a standalone recipe; same source title appears 5 times in this workbook,
Все рецепты!R242 | InfoVolna | page/file [InfoVolna.com] Рекомендованый план питания 1600 вариант 4.pdf | variant 4 ужин,Картофель жаренный 100 гр в гот,MAYBE_REVIEW,69,dinner,unknown,easy,"Картофель жаренный; гот. виде (; масла), стейк; индейки (вес; половина стейка грудки; индейки","Картофель жаренный 100 гр в
гот. виде (15 гр подслонечного
масла(столовая ложка)), стейк
индейки (вес в сыром виде,
половина стейка грудки
индейки (пачки индилайт) 85гр,
огурцы помидоры по 1 шт",,"КБЖУ ужин
300
19
15
23
общее КБЖУ
1629
141
59
129",[InfoVolna.com] Рекомендованый план питания 1600 вариант 4.pdf,"missing steps; positive: usable quantities, protein-forward",,low,,good,medium,check quantities before nutrition calculation; choose one best source variant before any import,verify whether this is a no-cook snack or an incomplete recipe; InfoVolna meal-plan row; check it works as a standalone recipe; same source title appears 5 times in this workbook,
Все рецепты!R277 | InfoVolna | page/file [InfoVolna.com] Рекомендованый план питания 1700 вариант 4.pdf | variant 4 ужин,Картофель жаренный 100 гр в гот,MAYBE_REVIEW,69,dinner,unknown,easy,"Картофель жаренный; гот. виде (; масла), стейк; индейки (вес; половина стейка грудки; индейки","Картофель жаренный 100 гр в
гот. виде (15 гр подслонечного
масла(столовая ложка)), стейк
индейки (вес в сыром виде,
половина стейка грудки
индейки (пачки индилайт) 85гр,
огурцы помидоры по 1 шт",,"КБЖУ ужин
300
19
15
23
общее КБЖУ
1636
144
76
111",[InfoVolna.com] Рекомендованый план питания 1700 вариант 4.pdf,"missing steps; positive: usable quantities, protein-forward",,low,,good,medium,check quantities before nutrition calculation; choose one best source variant before any import,verify whether this is a no-cook snack or an incomplete recipe; InfoVolna meal-plan row; check it works as a standalone recipe; same source title appears 5 times in this workbook,
Все рецепты!R352 | InfoVolna | page/file [InfoVolna.com] Рекомендованный план питания 1900 вариант 5.pdf | variant 5 ужин,Картофель жаренный 100 гр в гот,MAYBE_REVIEW,69,dinner,unknown,easy,"Картофель жаренный; гот. виде (; масла), стейк; индейки (вес; половина стейка грудки; индейки","Картофель жаренный 100 гр в
гот. виде (15 гр подслонечного
масла(столовая ложка)), стейк
индейки (вес в сыром виде,
половина стейка грудки
индейки (пачки индилайт) 85гр,
огурцы помидоры по 1 шт",,"КБЖУ ужин
469
40
15
41
общее КБЖУ
1889
144
52
197",[InfoVolna.com] Рекомендованный план питания 1900 вариант 5.pdf,"missing steps; positive: usable quantities, protein-forward",,low,,good,medium,check quantities before nutrition calculation; choose one best source variant before any import,verify whether this is a no-cook snack or an incomplete recipe; InfoVolna meal-plan row; check it works as a standalone recipe; same source title appears 5 times in this workbook,
Все рецепты!R217 | InfoVolna | page/file [InfoVolna.com] Рекомендованный план питания 1500 вариант 6.pdf | variant 6 ужин,Картофель жаренный 200 гр в гот,MAYBE_REVIEW,69,dinner,unknown,easy,"Картофель жаренный; гот. виде (; масла), стейк; индейки (вес; половина стейка грудки индейки; помидоры по","Картофель жаренный 200 гр в
гот. виде (10 гр подслонечного
масла(столовая ложка)), стейк
индейки (вес в сыром виде,
половина стейка грудки индейки
(пачки индилайт) 100гр, огурцы
помидоры по 1 шт",,"КБЖУ ужин
344
20
13
35
общее КБЖУ
1505
99
70
90",[InfoVolna.com] Рекомендованный план питания 1500 вариант 6.pdf,"missing steps; positive: usable quantities, protein-forward",,low,,good,medium,check quantities before nutrition calculation; choose one best source variant before any import,verify whether this is a no-cook snack or an incomplete recipe; InfoVolna meal-plan row; check it works as a standalone recipe; same source title appears 4 times in this workbook,
Все рецепты!R312 | InfoVolna | page/file [InfoVolna.com] Рекомендованный план питания 1800 вариант 4.pdf | variant 4 ужин,Картофель жаренный 200 гр в гот,MAYBE_REVIEW,69,dinner,unknown,easy,"Картофель жаренный; гот. виде (; масла), стейк; индейки (вес , 1/3; пачки индилайт); помидоры по","Картофель жаренный 200 гр в
гот. виде (15 гр подслонечного
масла(столовая ложка)), стейк
индейки (вес в сыром виде, 1/3
пачки индилайт) 170гр, огурцы
помидоры по 1 шт",,"КБЖУ ужин
526
38
25
47
общее КБЖУ
1762
157
71
144",[InfoVolna.com] Рекомендованный план питания 1800 вариант 4.pdf,"missing steps; positive: usable quantities, protein-forward",,low,,good,medium,check quantities before nutrition calculation; choose one best source variant before any import,verify whether this is a no-cook snack or an incomplete recipe; InfoVolna meal-plan row; check it works as a standalone recipe; same source title appears 4 times in this workbook,
Все рецепты!R367 | InfoVolna | page/file [InfoVolna.com] Рекомендованный план питания 2000 вариант 1.pdf | variant 1 ужин,Картофель жаренный 200 гр в гот,MAYBE_REVIEW,69,dinner,unknown,easy,"Картофель жаренный; гот. виде (; масла), стейк; индейки (вес , 1/3; пачки индилайт); помидоры по","Картофель жаренный 200 гр в
гот. виде (15 гр подслонечного
масла(столовая ложка)), стейк
индейки (вес в сыром виде, 1/3
пачки индилайт) 170гр, огурцы
помидоры по 1 шт",,"КБЖУ ужин
526
38
25
47
общее КБЖУ
2020
161
67
194",[InfoVolna.com] Рекомендованный план питания 2000 вариант 1.pdf,"missing steps; positive: usable quantities, protein-forward",,low,,good,medium,check quantities before nutrition calculation; choose one best source variant before any import,verify whether this is a no-cook snack or an incomplete recipe; InfoVolna meal-plan row; check it works as a standalone recipe; same source title appears 4 times in this workbook,
Все рецепты!R452 | InfoVolna | page/file [InfoVolna.com] Рекомендованный план питания 2300-2400 вариант 4.pdf | variant 4 ужин,Картофель жаренный 200 гр в гот,MAYBE_REVIEW,69,dinner,unknown,easy,"Картофель жаренный; гот. виде (; масла), стейк; индейки (вес , 1/3; пачки индилайт); помидоры по","Картофель жаренный 200 гр в
гот. виде (15 гр подслонечного
масла(столовая ложка)), стейк
индейки (вес в сыром виде, 1/3
пачки индилайт) 170гр, огурцы
помидоры по 1 шт",,"КБЖУ ужин
526
38
25
47",[InfoVolna.com] Рекомендованный план питания 2300-2400 вариант 4.pdf,"missing steps; positive: usable quantities, protein-forward",,low,,good,medium,check quantities before nutrition calculation; choose one best source variant before any import,verify whether this is a no-cook snack or an incomplete recipe; InfoVolna meal-plan row; check it works as a standalone recipe; same source title appears 4 times in this workbook,
Все рецепты!R380 | InfoVolna | page/file [InfoVolna.com] Рекомендованный план питания 2000 вариант 4.pdf | variant 4 обед,"Куриное филе или филе индейки (порция 200гр в сыром виде, в готовом 150-170) с рисом с овощами (выход порции 300-350гр в готовом виде) и суп обычный куриный не",MAYBE_REVIEW,69,lunch,unknown,easy,"Куриное филе или филе; индейки (порция; виде, в готовом 150-170) с; рисом с овощами (выход; порции; виде) и суп обычный куриный","Куриное филе или филе
индейки (порция 200гр в сыром
виде, в готовом 150-170) с
рисом с овощами (выход
порции 300-350гр в готовом
виде) и суп обычный куриный
не жирный лапшой или
картофельный, любой не
жирный (300гр)",,"КБЖУ обед
624
55
13
69",[InfoVolna.com] Рекомендованный план питания 2000 вариант 4.pdf,"missing steps; positive: usable quantities, protein-forward",,low,,good,medium,check quantities before nutrition calculation,verify whether this is a no-cook snack or an incomplete recipe; InfoVolna meal-plan row; check it works as a standalone recipe; title was inferred or looks like a source fragment,
Все рецепты!R130 | InfoVolna | page/file [InfoVolna.com] Рекомендованый план питания 1300 вариант 3.pdf | variant 3 обед,макаронник,MAYBE_REVIEW,69,lunch,up to 15 min,unknown,"макаронник. Макароны Barilla; или любые из твердых сортов; пшеницы; Молоко 1,5; помидор","макаронник. Макароны Barilla
или любые из твердых сортов
пшеницы-40гр, куринное филе
100гр грамм. Луковица -1 шт.
Молоко 1,5- - 50мл, сыр 45% -
20гр, соль перец, специи,
помидор - 1шт, огурец - 1шт","варим макароны до
готовности. На сковороде
жарим куирное филе мелко
нарезанное, до готовности,
добавляем лук
мелконарезанный,
обжариваем 5-10 мин,
добавляем молоко, сыр и
макароны, соль, специи
доводим до кипения. Блюда
на 1 порцию, если хотите
приготовить на 2 и более
порции умножайте
ингриденты на колчество","КБЖУ обед
332
37
6
31",[InfoVolna.com] Рекомендованый план питания 1300 вариант 3.pdf,clear cooking steps; usable quantities; protein-forward; balanced main ingredients; repeated source title needs variant selection,,low,,good,good,choose one best source variant before any import,InfoVolna meal-plan row; check it works as a standalone recipe; same source title appears 9 times in this workbook,
Все рецепты!R230 | InfoVolna | page/file [InfoVolna.com] Рекомендованый план питания 1600 вариант 2.pdf | variant 2 обед,макаронник,MAYBE_REVIEW,69,lunch,up to 15 min,unknown,"макаронник. Макароны Barilla; или любые из твердых сортов; пшеницы; Молоко; соль перец, специи, помидор","макаронник. Макароны Barilla
или любые из твердых сортов
пшеницы-40гр, куринное филе
250гр грамм. Луковица -1 шт.
Молоко - 50мл, сыр 45% - 30гр,
соль перец, специи, помидор -
1шт, огурец - 1шт","варим макароны до
готовности. На сковороде
жарим куирное филе мелко
нарезанное, до готовности,
добавляем лук
мелконарезанный,
обжариваем 5-10 мин,
добавляем молоко, сыр и
макароны, соль, специи
доводим до кипения. Блюда
на 1 порцию, если хотите
приготовить на 2 и более
порции умножайте
ингриденты на колчество","КБЖУ обед
578
74
16
33",[InfoVolna.com] Рекомендованый план питания 1600 вариант 2.pdf,clear cooking steps; usable quantities; protein-forward; balanced main ingredients; repeated source title needs variant selection,,low,,good,good,choose one best source variant before any import,InfoVolna meal-plan row; check it works as a standalone recipe; same source title appears 9 times in this workbook,
Все рецепты!R265 | InfoVolna | page/file [InfoVolna.com] Рекомендованый план питания 1700 вариант 2.pdf | variant 2 обед,макаронник,MAYBE_REVIEW,69,lunch,up to 15 min,unknown,"макаронник. Макароны Barilla; или любые из твердых сортов; пшеницы; Молоко; соль перец, специи, помидор","макаронник. Макароны Barilla
или любые из твердых сортов
пшеницы-40гр, куринное филе
250гр грамм. Луковица -1 шт.
Молоко - 50мл, сыр 45% - 30гр,
соль перец, специи, помидор -
1шт, огурец - 1шт","варим макароны до
готовности. На сковороде
жарим куирное филе мелко
нарезанное, до готовности,
добавляем лук
мелконарезанный,
обжариваем 5-10 мин,
добавляем молоко, сыр и
макароны, соль, специи
доводим до кипения. Блюда
на 1 порцию, если хотите
приготовить на 2 и более
порции умножайте
ингриденты на колчество","КБЖУ обед
578
74
16
33",[InfoVolna.com] Рекомендованый план питания 1700 вариант 2.pdf,clear cooking steps; usable quantities; protein-forward; balanced main ingredients; repeated source title needs variant selection,,low,,good,good,choose one best source variant before any import,InfoVolna meal-plan row; check it works as a standalone recipe; same source title appears 9 times in this workbook,
Все рецепты!R300 | InfoVolna | page/file [InfoVolna.com] Рекомендованный план питания 1800 вариант 2.pdf | variant 2 обед,макаронник,MAYBE_REVIEW,69,lunch,up to 15 min,unknown,"макаронник. Макароны Barilla; или любые из твердых сортов; пшеницы; Молоко 1,5; помидор","макаронник. Макароны Barilla
или любые из твердых сортов
пшеницы-50гр, куринное филе
200гр грамм. Луковица -1 шт.
Молоко 1,5- - 100мл, сыр 45% -
20гр, соль перец, специи,
помидор - 1шт, огурец - 1шт","варим макароны до
готовности. На сковороде
жарим куирное филе мелко
нарезанное, до готовности,
добавляем лук
мелконарезанный,
обжариваем 5-10 мин,
добавляем молоко, сыр и
макароны, соль, специи
доводим до кипения. Блюда
на 1 порцию, если хотите
приготовить на 2 и более
порции умножайте
ингриденты на колчество","КБЖУ обед
596
64
12
54",[InfoVolna.com] Рекомендованный план питания 1800 вариант 2.pdf,clear cooking steps; usable quantities; protein-forward; balanced main ingredients; repeated source title needs variant selection,,low,,good,good,choose one best source variant before any import,InfoVolna meal-plan row; check it works as a standalone recipe; same source title appears 9 times in this workbook,
Все рецепты!R335 | InfoVolna | page/file [InfoVolna.com] Рекомендованный план питания 1900 вариант 2.pdf | variant 2 обед,макаронник,MAYBE_REVIEW,69,lunch,up to 15 min,unknown,"макаронник. Макароны Barilla; или любые из твердых сортов; пшеницы; Молоко 1,5; помидор","макаронник. Макароны Barilla
или любые из твердых сортов
пшеницы-50гр, куринное филе
200гр грамм. Луковица -1 шт.
Молоко 1,5- - 100мл, сыр 45% -
20гр, соль перец, специи,
помидор - 1шт, огурец - 1шт","варим макароны до
готовности. На сковороде
жарим куирное филе мелко
нарезанное, до готовности,
добавляем лук
мелконарезанный,
обжариваем 5-10 мин,
добавляем молоко, сыр и
макароны, соль, специи
доводим до кипения. Блюда
на 1 порцию, если хотите
приготовить на 2 и более
порции умножайте
ингриденты на колчество","КБЖУ обед
596
64
12
54",[InfoVolna.com] Рекомендованный план питания 1900 вариант 2.pdf,clear cooking steps; usable quantities; protein-forward; balanced main ingredients; repeated source title needs variant selection,,low,,good,good,choose one best source variant before any import,InfoVolna meal-plan row; check it works as a standalone recipe; same source title appears 9 times in this workbook,
Все рецепты!R415 | InfoVolna | page/file [InfoVolna.com] Рекомендованный план питания 2100-2200 вариант 4.pdf | variant 4 обед,макаронник,MAYBE_REVIEW,69,lunch,up to 15 min,unknown,"макаронник. Макароны Barilla; или любые из твердых сортов; пшеницы; Молоко 1,5; помидор","макаронник. Макароны Barilla
или любые из твердых сортов
пшеницы-50гр, куринное филе
200гр грамм. Луковица -1 шт.
Молоко 1,5- - 100мл, сыр 45% -
20гр, соль перец, специи,
помидор - 1шт, огурец - 1шт","варим макароны до
готовности. На сковороде
жарим куирное филе мелко
нарезанное, до готовности,
добавляем лук
мелконарезанный,
обжариваем 5-10 мин,
добавляем молоко, сыр и
макароны, соль, специи
доводим до кипения. Блюда
на 1 порцию, если хотите
приготовить на 2 и более
порции умножайте
ингриденты на колчество
порций","КБЖУ обед
596
64
12
54",[InfoVolna.com] Рекомендованный план питания 2100-2200 вариант 4.pdf,clear cooking steps; usable quantities; protein-forward; balanced main ingredients; repeated source title needs variant selection,,low,,good,good,choose one best source variant before any import,InfoVolna meal-plan row; check it works as a standalone recipe; same source title appears 9 times in this workbook,
Все рецепты!R440 | InfoVolna | page/file [InfoVolna.com] Рекомендованный план питания 2300-2400 вариант 2.pdf | variant 2 обед,макаронник,MAYBE_REVIEW,69,lunch,up to 15 min,unknown,"макаронник. Макароны Barilla; или любые из твердых сортов; пшеницы; Молоко 1,5; помидор","макаронник. Макароны Barilla
или любые из твердых сортов
пшеницы-80гр, куринное филе
250гр грамм. Луковица -1 шт.
Молоко 1,5- - 100мл, сыр 45% -
20гр, соль перец, специи,
помидор - 1шт, огурец - 1шт","варим макароны до
готовности. На сковороде
жарим куирное филе мелко
нарезанное, до готовности,
добавляем лук
мелконарезанный,
обжариваем 5-10 мин,
добавляем молоко, сыр и
макароны, соль, специи
доводим до кипения. Блюда
на 1 порцию, если хотите
приготовить на 2 и более
порции умножайте
ингриденты на колчество","КБЖУ обед
665
78
12
64",[InfoVolna.com] Рекомендованный план питания 2300-2400 вариант 2.pdf,clear cooking steps; usable quantities; protein-forward; balanced main ingredients; repeated source title needs variant selection,,low,,good,good,choose one best source variant before any import,InfoVolna meal-plan row; check it works as a standalone recipe; same source title appears 9 times in this workbook,
Все рецепты!R475 | InfoVolna | page/file [InfoVolna.com] Рекомендованный план питания 2500 вариант 2.pdf | variant 2 обед,макаронник,MAYBE_REVIEW,69,lunch,up to 15 min,unknown,"макаронник. Макароны Barilla; или любые из твердых сортов; пшеницы; Молоко 1,5; помидор","макаронник. Макароны Barilla
или любые из твердых сортов
пшеницы-80гр, куринное филе
250гр грамм. Луковица -1 шт.
Молоко 1,5- - 100мл, сыр 45% -
20гр, соль перец, специи,
помидор - 1шт, огурец - 1шт","варим макароны до
готовности. На сковороде
жарим куирное филе мелко
нарезанное, до готовности,
добавляем лук
мелконарезанный,
обжариваем 5-10 мин,
добавляем молоко, сыр и
макароны, соль, специи
доводим до кипения. Блюда
на 1 порцию, если хотите
приготовить на 2 и более
порции умножайте
ингриденты на колчество","КБЖУ обед
665
78
12
64",[InfoVolna.com] Рекомендованный план питания 2500 вариант 2.pdf,clear cooking steps; usable quantities; protein-forward; balanced main ingredients; repeated source title needs variant selection,,low,,good,good,choose one best source variant before any import,InfoVolna meal-plan row; check it works as a standalone recipe; same source title appears 9 times in this workbook,
Все рецепты!R515 | InfoVolna | page/file [InfoVolna.com] Рекомендованный план питания 2700-3000 вариант 2.pdf | variant 2 обед,макаронник,MAYBE_REVIEW,69,lunch,up to 15 min,unknown,"макаронник. Макароны Barilla; или любые из твердых сортов; пшеницы; Молоко 1,5; помидор","макаронник. Макароны Barilla
или любые из твердых сортов
пшеницы-80гр, куринное филе
250гр грамм. Луковица -1 шт.
Молоко 1,5- - 100мл, сыр 45% -
20гр, соль перец, специи,
помидор - 1шт, огурец - 1шт","варим макароны до
готовности. На сковороде
жарим куирное филе мелко
нарезанное, до готовности,
добавляем лук
мелконарезанный,
обжариваем 5-10 мин,
добавляем молоко, сыр и
макароны, соль, специи
доводим до кипения. Блюда
на 1 порцию, если хотите
приготовить на 2 и более
порции умножайте
ингриденты на колчество","КБЖУ обед
665
78
12
64",[InfoVolna.com] Рекомендованный план питания 2700-3000 вариант 2.pdf,clear cooking steps; usable quantities; protein-forward; balanced main ingredients; repeated source title needs variant selection,,low,,good,good,choose one best source variant before any import,InfoVolna meal-plan row; check it works as a standalone recipe; same source title appears 9 times in this workbook,
Все рецепты!R123 | InfoVolna | page/file [InfoVolna.com] Рекомендованый план питания 1300 вариант 2.pdf | variant 2 завтрак,Омлет с сыром,MAYBE_REVIEW,69,breakfast,10-20 min,easy,Омлет с сыром. Яйца; Молоко миндальное; Соль/перец; Сыр; легкий; Хлеб зерновой (,"Омлет с сыром. Яйца - 2 шт.;
Молоко миндальное - 50 мл.;
Соль/перец - по вкусу; Сыр
легкий - 30 гр.;
Хлеб зерновой (1 ломтик
средний) - 30 гр.","Взбить 2 яйца с молоком
миндальным,
посолить/поперчить по
вкусу. Вылить яичную смесь
на сковороду и добавить
тертый сыр. Едим омлет с
кусочком хлеба.
Данное количество
ингредиентов рассчитано на
1 раз (или на 1 человека).
Если хотите приготовить
завтрак сразу на 2 дня,
просто увеличьте
ингредиенты вдвое.","КБЖУ завтрак
355
28
19
15",[InfoVolna.com] Рекомендованый план питания 1300 вариант 2.pdf,clear cooking steps; usable quantities; protein-forward; balanced main ingredients; repeated source title needs variant selection,,low,,good,good,choose one best source variant before any import,InfoVolna meal-plan row; check it works as a standalone recipe; same source title appears 10 times in this workbook,
Все рецепты!R198 | InfoVolna | page/file [InfoVolna.com] Рекомендованный план питания 1500 вариант 3.pdf | variant 3 завтрак,Омлет с сыром,MAYBE_REVIEW,69,breakfast,10-20 min,easy,"Омлет с сыром. Яйца; Молоко растительнное 1,5%; мл; Соль/перец; Сыр; легкий","Омлет с сыром. Яйца - 3 шт.;
Молоко растительнное 1,5% - 50
мл.; Соль/перец - по вкусу; Сыр
легкий - 30 гр.;
Хлеб зерновой (1 ломтик
большой) - 50 гр.","Взбить 3 яйца с молоком
растительным,
посолить/поперчить по
вкусу. Вылить яичную смесь
на сковороду и добавить
тертый сыр. Едим омлет с
кусочком хлеба.
Данное количество
ингредиентов рассчитано на
1 раз (или на 1 человека).
Если хотите приготовить
завтрак сразу на 2 дня,
просто увеличьте
ингредиенты вдвое.","КБЖУ завтрак
475
38
24
24",[InfoVolna.com] Рекомендованный план питания 1500 вариант 3.pdf,clear cooking steps; usable quantities; protein-forward; balanced main ingredients; repeated source title needs variant selection,,low,,good,good,choose one best source variant before any import,InfoVolna meal-plan row; check it works as a standalone recipe; same source title appears 10 times in this workbook,
Все рецепты!R233 | InfoVolna | page/file [InfoVolna.com] Рекомендованый план питания 1600 вариант 3.pdf | variant 3 завтрак,Омлет с сыром,MAYBE_REVIEW,69,breakfast,10-20 min,easy,"Омлет с сыром. Яйца; Молоко 1,5%; Соль/перец; Сыр; легкий; Хлеб зерновой (","Омлет с сыром. Яйца - 2 шт.;
Молоко 1,5% - 50 мл.;
Соль/перец - по вкусу; Сыр
легкий - 30 гр.;
Хлеб зерновой (2 ломтик
средний) - 70 гр.","Взбить 3 яйца с молоком,
посолить/поперчить по
вкусу. Вылить яичную смесь
на сковороду и добавить
тертый сыр. Едим омлет с
кусочком хлеба.
Данное количество
ингредиентов рассчитано на
1 раз (или на 1 человека).
Если хотите приготовить
завтрак сразу на 2 дня,
просто увеличьте
ингредиенты вдвое.","КБЖУ завтрак
460
33
22
32",[InfoVolna.com] Рекомендованый план питания 1600 вариант 3.pdf,clear cooking steps; usable quantities; protein-forward; balanced main ingredients; repeated source title needs variant selection,,low,,good,good,choose one best source variant before any import,InfoVolna meal-plan row; check it works as a standalone recipe; same source title appears 10 times in this workbook,
Все рецепты!R268 | InfoVolna | page/file [InfoVolna.com] Рекомендованый план питания 1700 вариант 3.pdf | variant 3 завтрак,Омлет с сыром,MAYBE_REVIEW,69,breakfast,10-20 min,easy,"Омлет с сыром. Яйца; Молоко 1,5%; Соль/перец; Сыр; легкий; Хлеб зерновой (","Омлет с сыром. Яйца - 2 шт.;
Молоко 1,5% - 50 мл.;
Соль/перец - по вкусу; Сыр
легкий - 30 гр.;
Хлеб зерновой (2 ломтик
средний) - 70 гр.","Взбить 3 яйца с молоком,
посолить/поперчить по
вкусу. Вылить яичную смесь
на сковороду и добавить
тертый сыр. Едим омлет с
кусочком хлеба.
Данное количество
ингредиентов рассчитано на
1 раз (или на 1 человека).
Если хотите приготовить
завтрак сразу на 2 дня,
просто увеличьте
ингредиенты вдвое.","КБЖУ завтрак
460
33
22
32",[InfoVolna.com] Рекомендованый план питания 1700 вариант 3.pdf,clear cooking steps; usable quantities; protein-forward; balanced main ingredients; repeated source title needs variant selection,,low,,good,good,choose one best source variant before any import,InfoVolna meal-plan row; check it works as a standalone recipe; same source title appears 10 times in this workbook,
Все рецепты!R303 | InfoVolna | page/file [InfoVolna.com] Рекомендованный план питания 1800 вариант 3.pdf | variant 3 завтрак,Омлет с сыром,MAYBE_REVIEW,69,breakfast,10-20 min,easy,"Омлет с сыром. Яйца; Молоко 1,5%; Соль/перец; Сыр; легкий; Хлеб зерновой (","Омлет с сыром. Яйца - 3 шт.;
Молоко 1,5% - 50 мл.;
Соль/перец - по вкусу; Сыр
легкий - 30 гр.;
Хлеб зерновой (1 ломтик
большой) - 50 гр.","Взбить 3 яйца с молоком,
посолить/поперчить по
вкусу. Вылить яичную смесь
на сковороду и добавить
тертый сыр. Едим омлет с
кусочком хлеба.
Данное количество
ингредиентов рассчитано на
1 раз (или на 1 человека).
Если хотите приготовить
завтрак сразу на 2 дня,
просто увеличьте
ингредиенты вдвое.","КБЖУ завтрак
475
38
24
24",[InfoVolna.com] Рекомендованный план питания 1800 вариант 3.pdf,clear cooking steps; usable quantities; protein-forward; balanced main ingredients; repeated source title needs variant selection,,low,,good,good,choose one best source variant before any import,InfoVolna meal-plan row; check it works as a standalone recipe; same source title appears 10 times in this workbook,
Все рецепты!R333 | InfoVolna | page/file [InfoVolna.com] Рекомендованный план питания 1900 вариант 2.pdf | variant 2 завтрак,Омлет с сыром,MAYBE_REVIEW,69,breakfast,10-20 min,easy,"Омлет с сыром. Яйца; Молоко 1,5%; Соль/перец; Сыр; легкий; Хлеб зерновой (","Омлет с сыром. Яйца - 3 шт.;
Молоко 1,5% - 50 мл.;
Соль/перец - по вкусу; Сыр
легкий - 30 гр.;
Хлеб зерновой (1 ломтик
большой) - 50 гр.","Взбить 3 яйца с молоком,
посолить/поперчить по
вкусу. Вылить яичную смесь
на сковороду и добавить
тертый сыр. Едим омлет с
кусочком хлеба.
Данное количество
ингредиентов рассчитано на 1
раз (или на 1 человека). Если
хотите приготовить завтрак
сразу на 2 дня, просто
увеличьте ингредиенты
вдвое.","КБЖУ завтрак
475
38
24
24",[InfoVolna.com] Рекомендованный план питания 1900 вариант 2.pdf,clear cooking steps; usable quantities; protein-forward; balanced main ingredients; repeated source title needs variant selection,,low,,good,good,choose one best source variant before any import,InfoVolna meal-plan row; check it works as a standalone recipe; same source title appears 10 times in this workbook,
Все рецепты!R408 | InfoVolna | page/file [InfoVolna.com] Рекомендованный план питания 2100-2200 вариант 3.pdf | variant 3 завтрак,Омлет с сыром,MAYBE_REVIEW,69,breakfast,10-20 min,easy,"Омлет с сыром. Яйца; Молоко 1,5%; Соль/перец; Сыр; легкий; Хлеб зерновой (","Омлет с сыром. Яйца - 3 шт.;
Молоко 1,5% - 50 мл.;
Соль/перец - по вкусу; Сыр
легкий - 30 гр.;
Хлеб зерновой (1 ломтик
большой) - 50 гр.","Взбить 3 яйца с молоком,
посолить/поперчить по
вкусу. Вылить яичную смесь
на сковороду и добавить
тертый сыр. Едим омлет с
кусочком хлеба.
Данное количество
ингредиентов рассчитано на
1 раз (или на 1 человека).
Если хотите приготовить
завтрак сразу на 2 дня,
просто увеличьте
ингредиенты вдвое.","КБЖУ завтрак
475
38
24
24",[InfoVolna.com] Рекомендованный план питания 2100-2200 вариант 3.pdf,clear cooking steps; usable quantities; protein-forward; balanced main ingredients; repeated source title needs variant selection,,low,,good,good,choose one best source variant before any import,InfoVolna meal-plan row; check it works as a standalone recipe; same source title appears 10 times in this workbook,
Все рецепты!R443 | InfoVolna | page/file [InfoVolna.com] Рекомендованный план питания 2300-2400 вариант 3.pdf | variant 3 завтрак,Омлет с сыром,MAYBE_REVIEW,69,breakfast,10-20 min,easy,"Омлет с сыром. Яйца; Молоко 1,5%; Соль/перец; Сыр; легкий; Хлеб зерновой (","Омлет с сыром. Яйца - 3 шт.;
Молоко 1,5% - 50 мл.;
Соль/перец - по вкусу; Сыр
легкий - 30 гр.;
Хлеб зерновой (1 ломтик
большой) - 50 гр.","Взбить 3 яйца с молоком,
посолить/поперчить по
вкусу. Вылить яичную смесь
на сковороду и добавить
тертый сыр. Едим омлет с
кусочком хлеба.
Данное количество
ингредиентов рассчитано на
1 раз (или на 1 человека).
Если хотите приготовить
завтрак сразу на 2 дня,
просто увеличьте
ингредиенты вдвое.","КБЖУ завтрак
475
38
24
24",[InfoVolna.com] Рекомендованный план питания 2300-2400 вариант 3.pdf,clear cooking steps; usable quantities; protein-forward; balanced main ingredients; repeated source title needs variant selection,,low,,good,good,choose one best source variant before any import,InfoVolna meal-plan row; check it works as a standalone recipe; same source title appears 10 times in this workbook,
Все рецепты!R478 | InfoVolna | page/file [InfoVolna.com] Рекомендованный план питания 2500 вариант 3.pdf | variant 3 завтрак,Омлет с сыром,MAYBE_REVIEW,69,breakfast,10-20 min,easy,"Омлет с сыром. Яйца; Молоко 1,5%; Соль/перец; Сыр; легкий; Хлеб зерновой (","Омлет с сыром. Яйца - 3 шт.;
Молоко 1,5% - 50 мл.;
Соль/перец - по вкусу; Сыр
легкий - 30 гр.;
Хлеб зерновой (1 ломтик
большой) - 50 гр.","Взбить 3 яйца с молоком,
посолить/поперчить по
вкусу. Вылить яичную смесь
на сковороду и добавить
тертый сыр. Едим омлет с
кусочком хлеба.
Данное количество
ингредиентов рассчитано на
1 раз (или на 1 человека).
Если хотите приготовить
завтрак сразу на 2 дня,
просто увеличьте
ингредиенты вдвое.","КБЖУ завтрак
475
38
24
24",[InfoVolna.com] Рекомендованный план питания 2500 вариант 3.pdf,clear cooking steps; usable quantities; protein-forward; balanced main ingredients; repeated source title needs variant selection,,low,,good,good,choose one best source variant before any import,InfoVolna meal-plan row; check it works as a standalone recipe; same source title appears 10 times in this workbook,
Все рецепты!R518 | InfoVolna | page/file [InfoVolna.com] Рекомендованный план питания 2700-3000 вариант 3.pdf | variant 3 завтрак,Омлет с сыром,MAYBE_REVIEW,69,breakfast,10-20 min,unknown,"Омлет с сыром. Яйца; Молоко 1,5%; Соль/перец; Сыр; легкий; Хлеб зерновой (","Омлет с сыром. Яйца - 3 шт.;
Молоко 1,5% - 50 мл.;
Соль/перец - по вкусу; Сыр
легкий - 30 гр.;
Хлеб зерновой (1 ломтик
большой) - 50 гр.","посолить/поперчить по
вкусу. Вылить яичную смесь
на сковороду и добавить
тертый сыр. Едим омлет с
кусочком хлеба.
Данное количество
ингредиентов рассчитано на
1 раз (или на 1 человека).
Если хотите приготовить
завтрак сразу на 2 дня,
просто увеличьте
ингредиенты вдвое.","КБЖУ завтрак
475
38
24
24",[InfoVolna.com] Рекомендованный план питания 2700-3000 вариант 3.pdf,clear cooking steps; usable quantities; protein-forward; balanced main ingredients; repeated source title needs variant selection,,low,,good,good,choose one best source variant before any import,InfoVolna meal-plan row; check it works as a standalone recipe; same source title appears 10 times in this workbook,
Все рецепты!R118 | InfoVolna | page/file [InfoVolna.com] Рекомендованый план питания 1300 вариант 1.pdf | variant 1 завтрак,Рис (или любая другая крупа) – 50 гр,MAYBE_REVIEW,69,breakfast,20-45 min,easy,Рис; гр; Клубника; (любые виды ягод свежих или; замороженных); Кофе,"Рис (или любая другая крупа) –
50 гр. (в сухом виде); Клубника
(любые виды ягод свежих или
замороженных) – 50 гр.; Кофе
или чай без сахара или сахзам
Яйцо – 1 шт.","Отварить рис (или любую
другую крупу). В готовую
кашу добавить
клубнику, по желанию
добавить подсластитель. К
каше добавляем 1 отварное
яйц0. Данное количество
ингредиентов рассчитано на
1 раз (или на 1 человека).
Если хотите приготовить
завтрак сразу на 2 дня,
просто увеличьте
ингредиенты вдвое","КБЖУ завтрак
258
10
8
44",[InfoVolna.com] Рекомендованый план питания 1300 вариант 1.pdf,clear cooking steps; usable quantities; protein-forward; balanced main ingredients; repeated source title needs variant selection,,low,,good,good,choose one best source variant before any import,InfoVolna meal-plan row; check it works as a standalone recipe; same source title appears 8 times in this workbook,
Все рецепты!R168 | InfoVolna | page/file [InfoVolna.com] Рекомендованый план питания 1350-1400 вариант 4.pdf | variant 4 завтрак,Рис (или любая другая крупа) – 50 гр,MAYBE_REVIEW,69,breakfast,20-45 min,easy,Рис; гр; Клубника; (любые виды ягод свежих или; замороженных); Кофе,"Рис (или любая другая крупа) –
50 гр. (в сухом виде); Клубника
(любые виды ягод свежих или
замороженных) – 50 гр.; Кофе
или чай без сахара или сахзам
Яйцо – 1 шт.","Отварить рис (или любую
другую крупу). В готовую
кашу добавить
клубнику, по желанию
добавить подсластитель. К
каше добавляем 1 отварное
яйц0. Данное количество
ингредиентов рассчитано на
1 раз (или на 1 человека).
Если хотите приготовить
завтрак сразу на 2 дня,
просто увеличьте
ингредиенты вдвое","КБЖУ завтрак
258
10
8
44",[InfoVolna.com] Рекомендованый план питания 1350-1400 вариант 4.pdf,clear cooking steps; usable quantities; protein-forward; balanced main ingredients; repeated source title needs variant selection,,low,,good,good,choose one best source variant before any import,InfoVolna meal-plan row; check it works as a standalone recipe; same source title appears 8 times in this workbook,
Все рецепты!R223 | InfoVolna | page/file [InfoVolna.com] Рекомендованый план питания 1600 вариант 1.pdf | variant 1 завтрак,Рис (или любая другая крупа) – 50 гр,MAYBE_REVIEW,69,breakfast,20-45 min,easy,"Рис; гр; Молоко; 1,5%; Клубника (любые; виды ягод свежих или","Рис (или любая другая крупа) –
50 гр. (в сухом виде); Молоко
1,5% - 100 мл; Клубника (любые
виды ягод свежих или
замороженных) – 50 гр.; Кофе
или чай без сахара или сахзам
Яйцо – 1 шт.","Отварить рис на молоке. В
готовую кашу добавить
клубнику, по желанию
добавить подсластитель. К
каше добавляем 1 отварное
яйцо. Данное количество
ингредиентов рассчитано на
1 раз (или на 1 человека).
Если хотите приготовить
завтрак сразу на 2 дня,
просто увеличьте
ингредиенты вдвое","КБЖУ завтрак
302
13
8
44",[InfoVolna.com] Рекомендованый план питания 1600 вариант 1.pdf,clear cooking steps; usable quantities; protein-forward; balanced main ingredients; repeated source title needs variant selection,,low,,good,good,choose one best source variant before any import,InfoVolna meal-plan row; check it works as a standalone recipe; same source title appears 8 times in this workbook,
Все рецепты!R258 | InfoVolna | page/file [InfoVolna.com] Рекомендованый план питания 1700 вариант 1.pdf | variant 1 завтрак,Рис (или любая другая крупа) – 50 гр,MAYBE_REVIEW,69,breakfast,20-45 min,easy,"Рис; гр; Молоко; 1,5%; Клубника (любые; виды ягод свежих или","Рис (или любая другая крупа) –
50 гр. (в сухом виде); Молоко
1,5% - 100 мл; Клубника (любые
виды ягод свежих или
замороженных) – 50 гр.; Кофе
или чай без сахара или сахзам
Яйцо – 1 шт.","Отварить рис на молоке. В
готовую кашу добавить
клубнику, по желанию
добавить подсластитель. К
каше добавляем 1 отварное
яйцо. Данное количество
ингредиентов рассчитано на
1 раз (или на 1 человека).
Если хотите приготовить
завтрак сразу на 2 дня,
просто увеличьте
ингредиенты вдвое","КБЖУ завтрак
302
13
8
44",[InfoVolna.com] Рекомендованый план питания 1700 вариант 1.pdf,clear cooking steps; usable quantities; protein-forward; balanced main ingredients; repeated source title needs variant selection,,low,,good,good,choose one best source variant before any import,InfoVolna meal-plan row; check it works as a standalone recipe; same source title appears 8 times in this workbook,
Все рецепты!R293 | InfoVolna | page/file [InfoVolna.com] Рекомендованный план питания 1800 вариант 1.pdf | variant 1 завтрак,Рис (или любая другая крупа) – 50 гр,MAYBE_REVIEW,69,breakfast,20-45 min,easy,"Рис; гр; Молоко; 1,5%; Клубника (любые; виды ягод свежих или","Рис (или любая другая крупа) –
50 гр. (в сухом виде); Молоко
1,5% - 200 мл; Клубника (любые
виды ягод свежих или
замороженных) – 50 гр.;
капучино 300 мл
Яйцо – 2 шт.","Отварить рис на молоке. В
готовую кашу добавить
клубнику, по желанию
добавить подсластитель. К
каше добавляем 2 отварных
яйца. Данное количество
ингредиентов рассчитано на 1
раз (или на 1 человека). Если
хотите приготовить завтрак
сразу на 2 дня,
просто увеличьте
ингредиенты вдвое","КБЖУ завтрак
578
29
22
62",[InfoVolna.com] Рекомендованный план питания 1800 вариант 1.pdf,clear cooking steps; usable quantities; protein-forward; balanced main ingredients; repeated source title needs variant selection,,low,,good,good,choose one best source variant before any import,InfoVolna meal-plan row; check it works as a standalone recipe; same source title appears 8 times in this workbook,
Все рецепты!R328 | InfoVolna | page/file [InfoVolna.com] Рекомендованный план питания 1900 вариант 1.pdf | variant 1 завтрак,Рис (или любая другая крупа) – 50 гр,MAYBE_REVIEW,69,breakfast,20-45 min,easy,"Рис; гр; Молоко; 1,5%; Клубника (любые; виды ягод свежих или","Рис (или любая другая крупа) –
50 гр. (в сухом виде); Молоко
1,5% - 200 мл; Клубника (любые
виды ягод свежих или
замороженных) – 50 гр.;
капучино 300 мл
Яйцо – 2 шт.","Отварить рис на молоке. В
готовую кашу добавить
клубнику, по желанию
добавить подсластитель. К
каше добавляем 2 отварных
яйца. Данное количество
ингредиентов рассчитано на
1 раз (или на 1 человека).
Если хотите приготовить
завтрак сразу на 2 дня,
просто увеличьте
ингредиенты вдвое","КБЖУ завтрак
578
29
22
62",[InfoVolna.com] Рекомендованный план питания 1900 вариант 1.pdf,clear cooking steps; usable quantities; protein-forward; balanced main ingredients; repeated source title needs variant selection,,low,,good,good,choose one best source variant before any import,InfoVolna meal-plan row; check it works as a standalone recipe; same source title appears 8 times in this workbook,
Все рецепты!R383 | InfoVolna | page/file [InfoVolna.com] Рекомендованный план питания 2000 вариант 5.pdf | variant 5 завтрак,Рис (или любая другая крупа) – 50 гр,MAYBE_REVIEW,69,breakfast,20-45 min,easy,"Рис; гр; Молоко; 1,5%; Клубника (любые; виды ягод свежих или","Рис (или любая другая крупа) –
50 гр. (в сухом виде); Молоко
1,5% - 200 мл; Клубника (любые
виды ягод свежих или
замороженных) – 50 гр.;
капучино 300 мл
Яйцо – 2 шт.","Отварить рис на молоке. В
готовую кашу добавить
клубнику, по желанию
добавить подсластитель. К
каше добавляем 2 отварных
яйца. Данное количество
ингредиентов рассчитано на
1 раз (или на 1 человека).
Если хотите приготовить
завтрак сразу на 2 дня,
просто увеличьте
ингредиенты вдвое","КБЖУ завтрак
578
29
22
62",[InfoVolna.com] Рекомендованный план питания 2000 вариант 5.pdf,clear cooking steps; usable quantities; protein-forward; balanced main ingredients; repeated source title needs variant selection,,low,,good,good,choose one best source variant before any import,InfoVolna meal-plan row; check it works as a standalone recipe; same source title appears 8 times in this workbook,
Все рецепты!R398 | InfoVolna | page/file [InfoVolna.com] Рекомендованный план питания 2100-2200 вариант 1.pdf | variant 1 завтрак,Рис (или любая другая крупа) – 50 гр,MAYBE_REVIEW,69,breakfast,20-45 min,easy,"Рис; гр; Молоко; 1,5%; Клубника (любые; виды ягод свежих или","Рис (или любая другая крупа) –
50 гр. (в сухом виде); Молоко
1,5% - 200 мл; Клубника (любые
виды ягод свежих или
замороженных) – 50 гр.;
капучино 300 мл
Яйцо – 2 шт.","Отварить рис на молоке. В
готовую кашу добавить
клубнику, по желанию
добавить подсластитель. К
каше добавляем 2 отварных
яйца. Данное количество
ингредиентов рассчитано на
1 раз (или на 1 человека).
Если хотите приготовить
завтрак сразу на 2 дня,
просто увеличьте
ингредиенты вдвое","КБЖУ завтрак
578
29
22
62",[InfoVolna.com] Рекомендованный план питания 2100-2200 вариант 1.pdf,clear cooking steps; usable quantities; protein-forward; balanced main ingredients; repeated source title needs variant selection,,low,,good,good,choose one best source variant before any import,InfoVolna meal-plan row; check it works as a standalone recipe; same source title appears 8 times in this workbook,
Все рецепты!R433 | InfoVolna | page/file [InfoVolna.com] Рекомендованный план питания 2300-2400 вариант 1.pdf | variant 1 завтрак,Рис (или любая другая крупа) – 70 гр,MAYBE_REVIEW,69,breakfast,20-45 min,easy,"Рис; гр; Молоко; 1,5%; Клубника (любые; виды ягод свежих или","Рис (или любая другая крупа) –
70 гр. (в сухом виде); Молоко
1,5% - 200 мл; Клубника (любые
виды ягод свежих или
замороженных) – 50 гр.;
капучино 200 мл
Яйцо – 2 шт.","Отварить рис на молоке. В
готовую кашу добавить
клубнику, по желанию
добавить подсластитель. К
каше добавляем 2 отварных
яйца. Данное количество
ингредиентов рассчитано на
1 раз (или на 1 человека).
Если хотите приготовить
завтрак сразу на 2 дня,
просто увеличьте
ингредиенты вдвое","КБЖУ завтрак
586
28
20
74",[InfoVolna.com] Рекомендованный план питания 2300-2400 вариант 1.pdf,clear cooking steps; usable quantities; protein-forward; balanced main ingredients; repeated source title needs variant selection,,low,,good,good,choose one best source variant before any import,InfoVolna meal-plan row; check it works as a standalone recipe; same source title appears 3 times in this workbook,
Все рецепты!R468 | InfoVolna | page/file [InfoVolna.com] Рекомендованный план питания 2500 вариант 1.pdf | variant 1 завтрак,Рис (или любая другая крупа) – 70 гр,MAYBE_REVIEW,69,breakfast,20-45 min,easy,"Рис; гр; Молоко; 1,5%; Клубника (любые; виды ягод свежих или","Рис (или любая другая крупа) –
70 гр. (в сухом виде); Молоко
1,5% - 200 мл; Клубника (любые
виды ягод свежих или
замороженных) – 50 гр.;
капучино 200 мл (без сахара или
на заменителе)
Яйцо – 2 шт.","Отварить рис на молоке. В
готовую кашу добавить
клубнику, по желанию
добавить подсластитель. К
каше добавляем 2 отварных
яйца. Данное количество
ингредиентов рассчитано на
1 раз (или на 1 человека).
Если хотите приготовить
завтрак сразу на 2 дня,
просто увеличьте
ингредиенты вдвое","КБЖУ завтрак
586
28
20
74",[InfoVolna.com] Рекомендованный план питания 2500 вариант 1.pdf,clear cooking steps; usable quantities; protein-forward; balanced main ingredients; repeated source title needs variant selection,,low,,good,good,choose one best source variant before any import,InfoVolna meal-plan row; check it works as a standalone recipe; same source title appears 3 times in this workbook,
Все рецепты!R508 | InfoVolna | page/file [InfoVolna.com] Рекомендованный план питания 2700-3000 вариант 1.pdf | variant 1 завтрак,Рис (или любая другая крупа) – 70 гр,MAYBE_REVIEW,69,breakfast,20-45 min,easy,"Рис; гр; Молоко; 1,5%; Клубника (любые; виды ягод свежих или","Рис (или любая другая крупа) –
70 гр. (в сухом виде); Молоко
1,5% - 200 мл; Клубника (любые
виды ягод свежих или
замороженных) – 50 гр.;
капучино 200 мл
Яйцо – 2 шт.","Отварить рис на молоке. В
готовую кашу добавить
клубнику, по желанию
добавить подсластитель. К
каше добавляем 2 отварных
яйца. Данное количество
ингредиентов рассчитано на
1 раз (или на 1 человека).
Если хотите приготовить
завтрак сразу на 2 дня,
просто увеличьте
ингредиенты вдвое","КБЖУ завтрак
586
28
20
74",[InfoVolna.com] Рекомендованный план питания 2700-3000 вариант 1.pdf,clear cooking steps; usable quantities; protein-forward; balanced main ingredients; repeated source title needs variant selection,,low,,good,good,choose one best source variant before any import,InfoVolna meal-plan row; check it works as a standalone recipe; same source title appears 3 times in this workbook,
Все рецепты!R152 | InfoVolna | page/file [InfoVolna.com] Рекомендованый план питания 1300 вариант 7.pdf | variant 7 ужин,Салат из кальмаров и яиц,MAYBE_REVIEW,69,dinner,10-20 min,easy,Салат из кальмаров и яиц; Кальмары; Яйца; Лук; Яблоко; Натуральный йогурт,"Салат из кальмаров и яиц.
Ингредиенты:
Кальмары - 400 г
Яйца - 3 шт
Лук - 1 шт
Яблоко - 1/2 шт
Лимонный сок
Натуральный йогурт - 4 ст. л
Соль, перец - по вкусу Хлеб
цельнозерновой 20гр
ИНГРЕДИЕНТЫ ДЛЯ САЛАТА НА
ПОРЦИЮ","Кальмаров очистить,
сварить, остудить и нарезать
небольшими кубиками.
Яблоко очистить от кожуры,
нарезать кубиками,
сбрызнуть лимонным соком.
Лук и вареные вкрутую яйца
нарезать кубиками такого же
размера, как кальмары.
Заправить салат йогуртом,
при необходимости
посолить. Выложить в
салатник, поперчить.","КБЖУ ужин
405
53
15
15
общее КБЖУ
1307
124
40
111",[InfoVolna.com] Рекомендованый план питания 1300 вариант 7.pdf,clear cooking steps; usable quantities; protein-forward; balanced main ingredients; repeated source title needs variant selection,,low,,medium,good,consider replacing rare/expensive items with CIS supermarket alternatives; choose one best source variant before any import,InfoVolna meal-plan row; check it works as a standalone recipe; same source title appears 9 times in this workbook,
Все рецепты!R207 | InfoVolna | page/file [InfoVolna.com] Рекомендованный план питания 1500 вариант 4.pdf | variant 4 ужин,Салат из кальмаров и яиц,MAYBE_REVIEW,69,dinner,10-20 min,easy,Салат из кальмаров и яиц; Кальмары; Яйца; Лук; Яблоко; Натуральный йогурт,"Салат из кальмаров и яиц.
Ингредиенты:
Кальмары - 200 г
Яйца - 2 шт
Лук - 1 шт
Яблоко - 1 шт
Лимонный сок
Натуральный йогурт - 4 ст. л
Соль, перец - по вкусу Хлеб
цельнозерновой 45гр
ИНГРЕДИЕНТЫ ДЛЯ САЛАТА НА 2
ПОРЦИЮ","Кальмаров очистить, сварить,
остудить и нарезать
небольшими кубиками.
Яблоко очистить от кожуры,
нарезать кубиками,
сбрызнуть лимонным соком.
Лук и вареные вкрутую яйца
нарезать кубиками такого же
размера, как кальмары.
Заправить салат йогуртом,
при необходимости посолить.
Выложить в салатник,
поперчить. Кушать с хлебом
цельнозерновым","КБЖУ ужин
401
32
13
38
общее КБЖУ
1498
118
67
115",[InfoVolna.com] Рекомендованный план питания 1500 вариант 4.pdf,clear cooking steps; usable quantities; protein-forward; balanced main ingredients; repeated source title needs variant selection,,low,,medium,good,consider replacing rare/expensive items with CIS supermarket alternatives; choose one best source variant before any import,InfoVolna meal-plan row; check it works as a standalone recipe; same source title appears 9 times in this workbook,
Все рецепты!R292 | InfoVolna | page/file [InfoVolna.com] Рекомендованый план питания 1700 вариант 7.pdf | variant 7 ужин,Салат из кальмаров и яиц,MAYBE_REVIEW,69,dinner,10-20 min,easy,Салат из кальмаров и яиц; Кальмары; Яйца; Лук; Яблоко; Натуральный йогурт,"Салат из кальмаров и яиц.
Ингредиенты:
Кальмары - 400 г
Яйца - 3 шт
Лук - 1 шт
Яблоко - 1/2 шт
Лимонный сок
Натуральный йогурт - 4 ст. л
Соль, перец - по вкусу Хлеб
цельнозерновой -70гр
ИНГРЕДИЕНТЫ ДЛЯ САЛАТА НА 2
ПОРЦИЮ","Кальмаров очистить, сварить,
остудить и нарезать
небольшими кубиками.
Яблоко очистить от кожуры,
нарезать кубиками,
сбрызнуть лимонным соком.
Лук и вареные вкрутую яйца
нарезать кубиками такого же
размера, как кальмары.
Заправить салат йогуртом,
при необходимости
посолить. Выложить в
салатник, поперчить.","КБЖУ ужин
554
60
20
37
общее КБЖУ
1717
164
57
138",[InfoVolna.com] Рекомендованый план питания 1700 вариант 7.pdf,clear cooking steps; usable quantities; protein-forward; balanced main ingredients; repeated source title needs variant selection,,low,,medium,good,consider replacing rare/expensive items with CIS supermarket alternatives; choose one best source variant before any import,InfoVolna meal-plan row; check it works as a standalone recipe; same source title appears 9 times in this workbook,
Все рецепты!R327 | InfoVolna | page/file [InfoVolna.com] Рекомендованный план питания 1800 вариант 7.pdf | variant 7 ужин,Салат из кальмаров и яиц,MAYBE_REVIEW,69,dinner,10-20 min,easy,Салат из кальмаров и яиц; Кальмары; Яйца; Лук; Яблоко; Натуральный йогурт,"Салат из кальмаров и яиц.
Ингредиенты:
Кальмары - 400 г
Яйца - 3 шт
Лук - 1 шт
Яблоко - 1/2 шт
Лимонный сок
Натуральный йогурт - 4 ст. л
Соль, перец - по вкусу Хлеб
цельнозерновой 20гр
ИНГРЕДИЕНТЫ ДЛЯ САЛАТА НА
ПОРЦИЮ","Кальмаров очистить,
сварить, остудить и нарезать
небольшими кубиками.
Яблоко очистить от кожуры,
нарезать кубиками,
сбрызнуть лимонным соком.
Лук и вареные вкрутую яйца
нарезать кубиками такого же
размера, как кальмары.
Заправить салат йогуртом,
при необходимости
посолить. Выложить в
салатник, поперчить.","КБЖУ ужин
405
53
15
15
общее КБЖУ
1802
195
52
136",[InfoVolna.com] Рекомендованный план питания 1800 вариант 7.pdf,clear cooking steps; usable quantities; protein-forward; balanced main ingredients; repeated source title needs variant selection,,low,,medium,good,consider replacing rare/expensive items with CIS supermarket alternatives; choose one best source variant before any import,InfoVolna meal-plan row; check it works as a standalone recipe; same source title appears 9 times in this workbook,
Все рецепты!R372 | InfoVolna | page/file [InfoVolna.com] Рекомендованный план питания 2000 вариант 2.pdf | variant 2 ужин,Салат из кальмаров и яиц,MAYBE_REVIEW,69,dinner,10-20 min,easy,Салат из кальмаров и яиц; Кальмары; Яйца; Лук; Яблоко; Натуральный йогурт,"Салат из кальмаров и яиц.
Ингредиенты:
Кальмары - 400 г
Яйца - 3 шт
Лук - 1 шт
Яблоко - 1/2 шт
Лимонный сок
Натуральный йогурт - 4 ст. л
Соль, перец - по вкусу Хлеб
цельнозерновой -70гр
ИНГРЕДИЕНТЫ ДЛЯ САЛАТА НА
ПОРЦИЮ","Кальмаров очистить,
сварить, остудить и нарезать
небольшими кубиками.
Яблоко очистить от кожуры,
нарезать кубиками,
сбрызнуть лимонным соком.
Лук и вареные вкрутую яйца
нарезать кубиками такого же
размера, как кальмары.
Заправить салат йогуртом,
при необходимости
посолить. Выложить в
салатник, поперчить.","КБЖУ ужин
554
60
20
37
общее КБЖУ
2043
172
53
204",[InfoVolna.com] Рекомендованный план питания 2000 вариант 2.pdf,clear cooking steps; usable quantities; protein-forward; balanced main ingredients; repeated source title needs variant selection,,low,,medium,good,consider replacing rare/expensive items with CIS supermarket alternatives; choose one best source variant before any import,InfoVolna meal-plan row; check it works as a standalone recipe; same source title appears 9 times in this workbook,
Все рецепты!R432 | InfoVolna | page/file [InfoVolna.com] Рекомендованный план питания 2100-2200 вариант 7.pdf | variant 7 ужин,Салат из кальмаров и яиц,MAYBE_REVIEW,69,dinner,10-20 min,easy,Салат из кальмаров и яиц; Кальмары; Яйца; Лук; Яблоко; Натуральный йогурт,"Салат из кальмаров и яиц.
Ингредиенты:
Кальмары - 400 г
Яйца - 3 шт
Лук - 1 шт
Яблоко - 1/2 шт
Лимонный сок
Натуральный йогурт - 4 ст. л
Соль, перец - по вкусу Хлеб
цельнозерновой -70гр
ИНГРЕДИЕНТЫ ДЛЯ САЛАТА НА
ПОРЦИЮ","Кальмаров очистить,
сварить, остудить и нарезать
небольшими кубиками.
Яблоко очистить от кожуры,
нарезать кубиками,
сбрызнуть лимонным соком.
Лук и вареные вкрутую яйца
нарезать кубиками такого же
размера, как кальмары.
Заправить салат йогуртом,
при необходимости
посолить. Выложить в
салатник, поперчить.","КБЖУ ужин
554
60
20
37
общее КБЖУ
2103
194
81
149",[InfoVolna.com] Рекомендованный план питания 2100-2200 вариант 7.pdf,clear cooking steps; usable quantities; protein-forward; balanced main ingredients; repeated source title needs variant selection,,low,,medium,good,consider replacing rare/expensive items with CIS supermarket alternatives; choose one best source variant before any import,InfoVolna meal-plan row; check it works as a standalone recipe; same source title appears 9 times in this workbook,
Все рецепты!R467 | InfoVolna | page/file [InfoVolna.com] Рекомендованный план питания 2300-2400 вариант 7.pdf | variant 7 ужин,Салат из кальмаров и яиц,MAYBE_REVIEW,69,dinner,10-20 min,easy,Салат из кальмаров и яиц; Кальмары; Яйца; Лук; Яблоко; Натуральный йогурт,"Салат из кальмаров и яиц.
Ингредиенты:
Кальмары - 400 г
Яйца - 3 шт
Лук - 1 шт
Яблоко - 1/2 шт
Лимонный сок
Натуральный йогурт - 4 ст. л
Соль, перец - по вкусу Хлеб
цельнозерновой -70гр
ИНГРЕДИЕНТЫ ДЛЯ САЛАТА НА
ПОРЦИЮ","Кальмаров очистить,
сварить, остудить и нарезать
небольшими кубиками.
Яблоко очистить от кожуры,
нарезать кубиками,
сбрызнуть лимонным соком.
Лук и вареные вкрутую яйца
нарезать кубиками такого же
размера, как кальмары.
Заправить салат йогуртом,
при необходимости
посолить. Выложить в
салатник, поперчить.","КБЖУ ужин
554
60
20
37
общее КБЖУ
2327
174
75
242",[InfoVolna.com] Рекомендованный план питания 2300-2400 вариант 7.pdf,clear cooking steps; usable quantities; protein-forward; balanced main ingredients; repeated source title needs variant selection,,low,,medium,good,consider replacing rare/expensive items with CIS supermarket alternatives; choose one best source variant before any import,InfoVolna meal-plan row; check it works as a standalone recipe; same source title appears 9 times in this workbook,
Все рецепты!R502 | InfoVolna | page/file [InfoVolna.com] Рекомендованный план питания 2500 вариант 7.pdf | variant 7 ужин,Салат из кальмаров и яиц,MAYBE_REVIEW,69,dinner,10-20 min,easy,Салат из кальмаров и яиц; Кальмары; Яйца; Лук; Яблоко; Натуральный йогурт,"Салат из кальмаров и яиц.
Ингредиенты:
Кальмары - 400 г
Яйца - 3 шт
Лук - 1 шт
Яблоко - 1/2 шт
Лимонный сок
Натуральный йогурт - 4 ст. л
Соль, перец - по вкусу Хлеб
цельнозерновой -70гр
ИНГРЕДИЕНТЫ ДЛЯ САЛАТА НА
ПОРЦИЮ","Кальмаров очистить,
сварить, остудить и нарезать
небольшими кубиками.
Яблоко очистить от кожуры,
нарезать кубиками,
сбрызнуть лимонным соком.
Лук и вареные вкрутую яйца
нарезать кубиками такого же
размера, как кальмары.
Заправить салат йогуртом,
при необходимости
посолить. Выложить в
салатник, поперчить.","КБЖУ ужин
554
60
20
37
общее КБЖУ
2519
184
78
261",[InfoVolna.com] Рекомендованный план питания 2500 вариант 7.pdf,clear cooking steps; usable quantities; protein-forward; balanced main ingredients; repeated source title needs variant selection,,low,,medium,good,consider replacing rare/expensive items with CIS supermarket alternatives; choose one best source variant before any import,InfoVolna meal-plan row; check it works as a standalone recipe; same source title appears 9 times in this workbook,
Все рецепты!R542 | InfoVolna | page/file [InfoVolna.com] Рекомендованный план питания 3000 вариант 2.pdf | variant 2 ужин,Салат из кальмаров и яиц,MAYBE_REVIEW,69,dinner,10-20 min,easy,Салат из кальмаров и яиц; Кальмары; Яйца; Лук; Яблоко; Натуральный йогурт,"Салат из кальмаров и яиц.
Ингредиенты:
Кальмары - 400 г
Яйца - 3 шт
Лук - 1 шт
Яблоко - 1/2 шт
Лимонный сок
Натуральный йогурт - 4 ст. л
Соль, перец - по вкусу Хлеб
цельнозерновой -70гр
ИНГРЕДИЕНТЫ ДЛЯ САЛАТА НА
ПОРЦИЮ","Кальмаров очистить, сварить,
остудить и нарезать
небольшими кубиками.
Яблоко очистить от кожуры,
нарезать кубиками,
сбрызнуть лимонным соком.
Лук и вареные вкрутую яйца
нарезать кубиками такого же
размера, как кальмары.
Заправить салат йогуртом,
при необходимости
посолить. Выложить в
салатник, поперчить.","КБЖУ ужин
554
60
20
37
общее КБЖУ
2949
204
84
342",[InfoVolna.com] Рекомендованный план питания 3000 вариант 2.pdf,clear cooking steps; usable quantities; protein-forward; balanced main ingredients; repeated source title needs variant selection,,low,,medium,good,consider replacing rare/expensive items with CIS supermarket alternatives; choose one best source variant before any import,InfoVolna meal-plan row; check it works as a standalone recipe; same source title appears 9 times in this workbook,
Все рецепты!R143 | InfoVolna | page/file [InfoVolna.com] Рекомендованый план питания 1300 вариант 6.pdf | variant 6 завтрак,СЫРНИКИ,MAYBE_REVIEW,69,breakfast,10-20 min,unknown,СЫРНИКИ. творог 2%; брикет); яйцо; рисовая мука; подсластитель,"СЫРНИКИ. творог 2% - 120 гр (1
брикет);
 яйцо - 1 шт;
рисовая мука - 30 гр.
 подсластитель по вкусу.","Творог размять вилкой,
добавить яйцо и муку, сахзам
по вкусу.
 Тщательно перемешать.
 Сформировать сырники.
Выпекать на медленном огне
под крышкой на сухой
сковороде","КБЖУ завтрак
321
30
8
29",[InfoVolna.com] Рекомендованый план питания 1300 вариант 6.pdf,clear cooking steps; usable quantities; protein-forward; balanced main ingredients; repeated source title needs variant selection,,low,,good,good,choose one best source variant before any import,InfoVolna meal-plan row; check it works as a standalone recipe; same source title appears 13 times in this workbook,
Все рецепты!R173 | InfoVolna | page/file [InfoVolna.com] Рекомендованый план питания 1350-1400 вариант 5.pdf | variant 5 завтрак,СЫРНИКИ,MAYBE_REVIEW,69,breakfast,10-20 min,unknown,СЫРНИКИ. творог 2%; брикет); яйцо; рисовая мука; подсластитель,"СЫРНИКИ. творог 2% - 120 гр (1
брикет);
 яйцо - 1 шт;
рисовая мука - 30 гр.
 подсластитель по вкусу.","Творог размять вилкой,
добавить яйцо и муку,
сахзам по вкусу.
 Тщательно перемешать.
 Сформировать сырники.
Выпекать на медленном
огне под крышкой на сухой
сковороде","КБЖУ завтрак
321
30
8
29",[InfoVolna.com] Рекомендованый план питания 1350-1400 вариант 5.pdf,clear cooking steps; usable quantities; protein-forward; balanced main ingredients; repeated source title needs variant selection,,low,,good,good,choose one best source variant before any import,InfoVolna meal-plan row; check it works as a standalone recipe; same source title appears 13 times in this workbook,
Все рецепты!R232 | InfoVolna | page/file [InfoVolna.com] Рекомендованый план питания 1600 вариант 2.pdf | variant 2 ужин,СЫРНИКИ,MAYBE_REVIEW,69,dinner,10-20 min,unknown,СЫРНИКИ. творог 2%; брикет); яйцо; рисовая мука; подсластитель,"СЫРНИКИ. творог 2% - 120 гр (1
брикет);
 яйцо - 1 шт;
рисовая мука - 30 гр.
 подсластитель по вкусу.","Творог размять вилкой,
добавить яйцо и муку,
сахзам по вкусу.
 Тщательно перемешать.
 Сформировать сырники.
Выпекать на медленном огне
под крышкой на сухой
сковороде","КБЖУ ужин
358
31
8
38",[InfoVolna.com] Рекомендованый план питания 1600 вариант 2.pdf,clear cooking steps; usable quantities; protein-forward; balanced main ingredients; repeated source title needs variant selection,,low,,good,good,choose one best source variant before any import,InfoVolna meal-plan row; check it works as a standalone recipe; same source title appears 13 times in this workbook,
Все рецепты!R248 | InfoVolna | page/file [InfoVolna.com] Рекомендованый план питания 1650 вариант 6.pdf | variant 6 завтрак,СЫРНИКИ,MAYBE_REVIEW,69,breakfast,10-20 min,unknown,СЫРНИКИ. творог 2%; брикет); яйцо; рисовая мука; подсластитель,"СЫРНИКИ. творог 2% - 100 гр (1
брикет);
 яйцо - 1 шт;
рисовая мука - 40 гр.
 подсластитель по вкусу.","Творог размять вилкой,
добавить яйцо и муку,
сахзам по вкусу.
 Тщательно перемешать.
 Сформировать сырники.
Выпекать на медленном
огне под крышкой на сухой
сковороде","КБЖУ завтрак
329
28
8
35",[InfoVolna.com] Рекомендованый план питания 1650 вариант 6.pdf,clear cooking steps; usable quantities; protein-forward; balanced main ingredients; repeated source title needs variant selection,,low,,good,good,choose one best source variant before any import,InfoVolna meal-plan row; check it works as a standalone recipe; same source title appears 13 times in this workbook,
Все рецепты!R267 | InfoVolna | page/file [InfoVolna.com] Рекомендованый план питания 1700 вариант 2.pdf | variant 2 ужин,СЫРНИКИ,MAYBE_REVIEW,69,dinner,10-20 min,unknown,СЫРНИКИ. творог 2%; брикет); яйцо; рисовая мука; подсластитель,"СЫРНИКИ. творог 2% - 120 гр (1
брикет);
 яйцо - 1 шт;
рисовая мука - 30 гр.
 подсластитель по вкусу.","Творог размять вилкой,
добавить яйцо и муку,
сахзам по вкусу.
 Тщательно перемешать.
 Сформировать сырники.
Выпекать на медленном огне
под крышкой на сухой
сковороде","КБЖУ ужин
358
31
8
38",[InfoVolna.com] Рекомендованый план питания 1700 вариант 2.pdf,clear cooking steps; usable quantities; protein-forward; balanced main ingredients; repeated source title needs variant selection,,low,,good,good,choose one best source variant before any import,InfoVolna meal-plan row; check it works as a standalone recipe; same source title appears 13 times in this workbook,
Все рецепты!R283 | InfoVolna | page/file [InfoVolna.com] Рекомендованый план питания 1700 вариант 6.pdf | variant 6 завтрак,СЫРНИКИ,MAYBE_REVIEW,69,breakfast,10-20 min,unknown,СЫРНИКИ. творог 2%; брикет); яйцо; рисовая мука; подсластитель,"СЫРНИКИ. творог 2% - 200 гр (1
брикет);
 яйцо - 1 шт;
рисовая мука - 40 гр.
 подсластитель по вкусу.","Творог размять вилкой,
добавить яйцо и муку,
сахзам по вкусу.
 Тщательно перемешать.
 Сформировать сырники.
Выпекать на медленном
огне под крышкой на сухой
сковороде","КБЖУ завтрак
440
45
10
40",[InfoVolna.com] Рекомендованый план питания 1700 вариант 6.pdf,clear cooking steps; usable quantities; protein-forward; balanced main ingredients; repeated source title needs variant selection,,low,,good,good,choose one best source variant before any import,InfoVolna meal-plan row; check it works as a standalone recipe; same source title appears 13 times in this workbook,
Все рецепты!R318 | InfoVolna | page/file [InfoVolna.com] Рекомендованный план питания 1800 вариант 6.pdf | variant 6 завтрак,СЫРНИКИ,MAYBE_REVIEW,69,breakfast,10-20 min,unknown,СЫРНИКИ. творог 2%; брикет); яйцо; рисовая мука; подсластитель,"СЫРНИКИ. творог 2% - 180 гр (1
брикет);
 яйцо - 1 шт;
рисовая мука - 30 гр.
 подсластитель по вкусу.","Творог размять вилкой,
добавить яйцо и муку,
сахзам по вкусу.
 Тщательно перемешать.
 Сформировать сырники.
Выпекать на медленном огне
под крышкой на сухой
сковороде","КБЖУ завтрак
376
41
10
30",[InfoVolna.com] Рекомендованный план питания 1800 вариант 6.pdf,clear cooking steps; usable quantities; protein-forward; balanced main ingredients; repeated source title needs variant selection,,low,,good,good,choose one best source variant before any import,InfoVolna meal-plan row; check it works as a standalone recipe; same source title appears 13 times in this workbook,
Все рецепты!R342 | InfoVolna | page/file [InfoVolna.com] Рекомендованный план питания 1900 вариант 3.pdf | variant 3 ужин,СЫРНИКИ,MAYBE_REVIEW,69,dinner,10-20 min,unknown,СЫРНИКИ. творог 2%; брикет); яйцо; рисовая мука; подсластитель,"СЫРНИКИ. творог 2% - 200 гр (1
брикет);
 яйцо - 2 шт;
рисовая мука - 70 гр.
 подсластитель по вкусу.","Творог размять вилкой,
добавить яйцо и муку,
сахзам по вкусу.
 Тщательно перемешать.
 Сформировать сырники.
Выпекать на медленном
огне под крышкой на сухой
сковороде","КБЖУ ужин
618
56
16
60
общее КБЖУ
1893
167
65
153",[InfoVolna.com] Рекомендованный план питания 1900 вариант 3.pdf,clear cooking steps; usable quantities; protein-forward; balanced main ingredients; repeated source title needs variant selection,,low,,good,good,choose one best source variant before any import,InfoVolna meal-plan row; check it works as a standalone recipe; same source title appears 13 times in this workbook,
Все рецепты!R363 | InfoVolna | page/file [InfoVolna.com] Рекомендованный план питания 2000 вариант 1.pdf | variant 1 завтрак,СЫРНИКИ,MAYBE_REVIEW,69,breakfast,10-20 min,unknown,СЫРНИКИ. творог 5%; брикет); яйцо; рисовая мука; гр; подсластитель,"СЫРНИКИ. творог 5% - 180 гр (1
брикет);
 яйцо - 1 шт;
рисовая (или пшеничная) мука -
60 гр.
 подсластитель по вкусу.","Творог размять вилкой,
добавить яйцо и муку,
сахзам по вкусу.
 Тщательно перемешать.
 Сформировать сырники.
Выпекать на медленном огне
под крышкой на сухой
сковороде","КБЖУ завтрак
526
42
15
53",[InfoVolna.com] Рекомендованный план питания 2000 вариант 1.pdf,clear cooking steps; usable quantities; protein-forward; balanced main ingredients; repeated source title needs variant selection,,low,,good,good,choose one best source variant before any import,InfoVolna meal-plan row; check it works as a standalone recipe; same source title appears 13 times in this workbook,
Все рецепты!R458 | InfoVolna | page/file [InfoVolna.com] Рекомендованный план питания 2300-2400 вариант 6.pdf | variant 6 завтрак,СЫРНИКИ,MAYBE_REVIEW,69,breakfast,10-20 min,unknown,СЫРНИКИ. творог 5%; брикет); яйцо; рисовая мука; подсластитель,"СЫРНИКИ. творог 5% - 180 гр (1
брикет);
 яйцо - 1 шт;
рисовая мука - 50 гр.
 подсластитель по вкусу.","Творог размять вилкой,
добавить яйцо и муку,
сахзам по вкусу.
 Тщательно перемешать.
 Сформировать сырники.
Выпекать на медленном
огне под крышкой на сухой
сковороде","КБЖУ завтрак
489
41
15
44",[InfoVolna.com] Рекомендованный план питания 2300-2400 вариант 6.pdf,clear cooking steps; usable quantities; protein-forward; balanced main ingredients; repeated source title needs variant selection,,low,,good,good,choose one best source variant before any import,InfoVolna meal-plan row; check it works as a standalone recipe; same source title appears 13 times in this workbook,
Все рецепты!R493 | InfoVolna | page/file [InfoVolna.com] Рекомендованный план питания 2500 вариант 6.pdf | variant 6 завтрак,СЫРНИКИ,MAYBE_REVIEW,69,breakfast,10-20 min,unknown,СЫРНИКИ. творог 5%; брикет); яйцо; рисовая мука; подсластитель,"СЫРНИКИ. творог 5% - 180 гр (1
брикет);
 яйцо - 1 шт;
рисовая мука - 70 гр.
 подсластитель по вкусу.","Творог размять вилкой,
добавить яйцо и муку,
сахзам по вкусу.
 Тщательно перемешать.
 Сформировать сырники.
Выпекать на медленном
огне под крышкой на сухой
сковороде","КБЖУ завтрак
549
42
16
59",[InfoVolna.com] Рекомендованный план питания 2500 вариант 6.pdf,clear cooking steps; usable quantities; protein-forward; balanced main ingredients; repeated source title needs variant selection,,low,,good,good,choose one best source variant before any import,InfoVolna meal-plan row; check it works as a standalone recipe; same source title appears 13 times in this workbook,
Все рецепты!R503 | InfoVolna | page/file [InfoVolna.com] Рекомендованный план питания 2600 вариант 1.pdf | variant 1 завтрак,СЫРНИКИ,MAYBE_REVIEW,69,breakfast,10-20 min,unknown,СЫРНИКИ. творог 5%; брикет); яйцо; рисовая мука; подсластитель,"СЫРНИКИ. творог 5% - 180 гр (1
брикет);
 яйцо - 2 шт;
рисовая мука - 70 гр.
 подсластитель по вкусу.","Творог размять вилкой,
добавить яйцо и муку,
сахзам по вкусу.
 Тщательно перемешать.
 Сформировать сырники.
Выпекать на медленном
огне под крышкой на сухой
сковороде","КБЖУ завтрак
600
46
20
59",[InfoVolna.com] Рекомендованный план питания 2600 вариант 1.pdf,clear cooking steps; usable quantities; protein-forward; balanced main ingredients; repeated source title needs variant selection,,low,,good,good,choose one best source variant before any import,InfoVolna meal-plan row; check it works as a standalone recipe; same source title appears 13 times in this workbook,
Все рецепты!R533 | InfoVolna | page/file [InfoVolna.com] Рекомендованный план питания 3000 вариант 1.pdf | variant 1 завтрак,СЫРНИКИ,MAYBE_REVIEW,69,breakfast,10-20 min,unknown,СЫРНИКИ. творог 2%; брикет); яйцо; рисовая мука; подсластитель,"СЫРНИКИ. творог 2% - 200 гр (1
брикет);
 яйцо - 2 шт;
рисовая мука - 80 гр.
 подсластитель по вкусу.","Творог размять вилкой,
добавить яйцо и муку,
сахзам по вкусу.
 Тщательно перемешать.
 Сформировать сырники.
Выпекать на медленном
огне под крышкой на сухой
сковороде","КБЖУ завтрак
727
64
17
74",[InfoVolna.com] Рекомендованный план питания 3000 вариант 1.pdf,clear cooking steps; usable quantities; protein-forward; balanced main ingredients; repeated source title needs variant selection,,low,,good,good,choose one best source variant before any import,InfoVolna meal-plan row; check it works as a standalone recipe; same source title appears 13 times in this workbook,
Все рецепты!R127 | InfoVolna | page/file [InfoVolna.com] Рекомендованый план питания 1300 вариант 2.pdf | variant 2 ужин,СЫРНО-ТВОРОЖНАЯ ЛЕПЕШКА,MAYBE_REVIEW,69,dinner,10-20 min,easy,"СЫРНО-ТВОРОЖНАЯ ЛЕПЕШКА; яйцо; соль, приправы; кунжут по желанию","СЫРНО-ТВОРОЖНАЯ ЛЕПЕШКА.
40г легкого сыра (35%)
- 100г 2% творога
- 1 яйцо
- 50г муки (рисовая)
- соль, приправы по вкусу
(можно взять чеснок и укроп)
- кунжут по желанию.","Сыр натереть, все смешать,
жарить без масла на
антипригарной сковородке с
закрытой крышкой.","КБЖУ ужин
407
39
15
28
общее КБЖУ
1291
96
58
92",[InfoVolna.com] Рекомендованый план питания 1300 вариант 2.pdf,clear cooking steps; usable quantities; protein-forward; balanced main ingredients; repeated source title needs variant selection,,low,,good,good,choose one best source variant before any import,InfoVolna meal-plan row; check it works as a standalone recipe; same source title appears 9 times in this workbook,
Все рецепты!R162 | InfoVolna | page/file [InfoVolna.com] Рекомендованый план питания 1350-1400 вариант 2.pdf | variant 2 ужин,СЫРНО-ТВОРОЖНАЯ ЛЕПЕШКА,MAYBE_REVIEW,69,dinner,10-20 min,easy,"СЫРНО-ТВОРОЖНАЯ ЛЕПЕШКА; яйцо; соль, приправы; кунжут по желанию","СЫРНО-ТВОРОЖНАЯ ЛЕПЕШКА.
40г легкого сыра (35%)
- 100г 2% творога
- 1 яйцо
- 50г муки (рисовая)
- соль, приправы по вкусу
(можно взять чеснок и укроп)
- кунжут по желанию.","Сыр натереть, все смешать,
жарить без масла на
антипригарной сковородке с
закрытой крышкой.","КБЖУ ужин
407
39
15
28
общее КБЖУ
1332
96
46
130",[InfoVolna.com] Рекомендованый план питания 1350-1400 вариант 2.pdf,clear cooking steps; usable quantities; protein-forward; balanced main ingredients; repeated source title needs variant selection,,low,,good,good,choose one best source variant before any import,InfoVolna meal-plan row; check it works as a standalone recipe; same source title appears 9 times in this workbook,
Все рецепты!R237 | InfoVolna | page/file [InfoVolna.com] Рекомендованый план питания 1600 вариант 3.pdf | variant 3 ужин,СЫРНО-ТВОРОЖНАЯ ЛЕПЕШКА,MAYBE_REVIEW,69,dinner,10-20 min,easy,"СЫРНО-ТВОРОЖНАЯ ЛЕПЕШКА; яйцо; соль, приправы","СЫРНО-ТВОРОЖНАЯ ЛЕПЕШКА.
40г легкого сыра (35%)
- 100г 2% творога
- 1 яйцо
- 50г муки (рисовая)
- соль, приправы по вкусу
(можно взять чеснок и укроп)","Сыр натереть, все смешать,
жарить без масла на
антипригарной сковородке с
закрытой крышкой.","либо то
что было
на обед
КБЖУ ужин
407
39
15
28
общее КБЖУ
1600
142
56
132",[InfoVolna.com] Рекомендованый план питания 1600 вариант 3.pdf,clear cooking steps; usable quantities; protein-forward; balanced main ingredients; repeated source title needs variant selection,,low,,good,good,choose one best source variant before any import,InfoVolna meal-plan row; check it works as a standalone recipe; same source title appears 9 times in this workbook,
Все рецепты!R272 | InfoVolna | page/file [InfoVolna.com] Рекомендованый план питания 1700 вариант 3.pdf | variant 3 ужин,СЫРНО-ТВОРОЖНАЯ ЛЕПЕШКА,MAYBE_REVIEW,69,dinner,10-20 min,easy,"СЫРНО-ТВОРОЖНАЯ ЛЕПЕШКА; яйцо; соль, приправы","СЫРНО-ТВОРОЖНАЯ ЛЕПЕШКА.
40г легкого сыра (35%)
- 100г 2% творога
- 1 яйцо
- 50г муки (рисовая)
- соль, приправы по вкусу
(можно взять чеснок и укроп)","Сыр натереть, все смешать,
жарить без масла на
антипригарной сковородке с
закрытой крышкой.","либо то
что было
на обед
КБЖУ ужин
407
39
15
28
общее КБЖУ
1629
149
59
124",[InfoVolna.com] Рекомендованый план питания 1700 вариант 3.pdf,clear cooking steps; usable quantities; protein-forward; balanced main ingredients; repeated source title needs variant selection,,low,,good,good,choose one best source variant before any import,InfoVolna meal-plan row; check it works as a standalone recipe; same source title appears 9 times in this workbook,
Все рецепты!R382 | InfoVolna | page/file [InfoVolna.com] Рекомендованный план питания 2000 вариант 4.pdf | variant 4 ужин,СЫРНО-ТВОРОЖНАЯ ЛЕПЕШКА,MAYBE_REVIEW,69,dinner,10-20 min,easy,"СЫРНО-ТВОРОЖНАЯ ЛЕПЕШКА; яйцо; соль, приправы; кунжут по желанию","СЫРНО-ТВОРОЖНАЯ ЛЕПЕШКА.
30г легкого сыра (35%)
- 180г 2% творога
- 1 яйцо
- 70г муки (рисовая)
- соль, приправы по вкусу
(можно взять чеснок и укроп)
- кунжут по желанию.","Сыр натереть, все смешать,
жарить без масла на
антипригарной сковородке с
закрытой крышкой.","КБЖУ ужин
594
52
15
61
общее КБЖУ
1984
151
55
207",[InfoVolna.com] Рекомендованный план питания 2000 вариант 4.pdf,clear cooking steps; usable quantities; protein-forward; balanced main ingredients; repeated source title needs variant selection,,low,,good,good,choose one best source variant before any import,InfoVolna meal-plan row; check it works as a standalone recipe; same source title appears 9 times in this workbook,
Все рецепты!R412 | InfoVolna | page/file [InfoVolna.com] Рекомендованный план питания 2100-2200 вариант 3.pdf | variant 3 ужин,СЫРНО-ТВОРОЖНАЯ ЛЕПЕШКА,MAYBE_REVIEW,69,dinner,10-20 min,easy,"СЫРНО-ТВОРОЖНАЯ ЛЕПЕШКА; яйцо; соль, приправы; кунжут по желанию","СЫРНО-ТВОРОЖНАЯ ЛЕПЕШКА.
30г легкого сыра (35%)
- 180г 2% творога
- 1 яйцо
- 70г муки (рисовая)
- соль, приправы по вкусу
(можно взять чеснок и укроп)
- кунжут по желанию.","Сыр натереть, все смешать,
жарить без масла на
антипригарной сковородке с
закрытой крышкой.","КБЖУ ужин
594
52
15
61
общее КБЖУ
2158
190
67
190",[InfoVolna.com] Рекомендованный план питания 2100-2200 вариант 3.pdf,clear cooking steps; usable quantities; protein-forward; balanced main ingredients; repeated source title needs variant selection,,low,,good,good,choose one best source variant before any import,InfoVolna meal-plan row; check it works as a standalone recipe; same source title appears 9 times in this workbook,
Все рецепты!R447 | InfoVolna | page/file [InfoVolna.com] Рекомендованный план питания 2300-2400 вариант 3.pdf | variant 3 ужин,СЫРНО-ТВОРОЖНАЯ ЛЕПЕШКА,MAYBE_REVIEW,69,dinner,10-20 min,easy,"СЫРНО-ТВОРОЖНАЯ ЛЕПЕШКА; яйцо; соль, приправы; кунжут по желанию","СЫРНО-ТВОРОЖНАЯ ЛЕПЕШКА.
30г легкого сыра (35%)
- 180г 2% творога
- 1 яйцо
- 70г муки (рисовая)
- соль, приправы по вкусу
(можно взять чеснок и укроп)
- кунжут по желанию.","Сыр натереть, все смешать,
жарить без масла на
антипригарной сковородке с
закрытой крышкой.","КБЖУ ужин
594
52
15
61",[InfoVolna.com] Рекомендованный план питания 2300-2400 вариант 3.pdf,clear cooking steps; usable quantities; protein-forward; balanced main ingredients; repeated source title needs variant selection,,low,,good,good,choose one best source variant before any import,InfoVolna meal-plan row; check it works as a standalone recipe; same source title appears 9 times in this workbook,
Все рецепты!R482 | InfoVolna | page/file [InfoVolna.com] Рекомендованный план питания 2500 вариант 3.pdf | variant 3 ужин,СЫРНО-ТВОРОЖНАЯ ЛЕПЕШКА,MAYBE_REVIEW,69,dinner,10-20 min,easy,"СЫРНО-ТВОРОЖНАЯ ЛЕПЕШКА; яйцо; соль, приправы; кунжут по желанию","СЫРНО-ТВОРОЖНАЯ ЛЕПЕШКА.
30г легкого сыра (35%)
- 180г 2% творога
- 1 яйцо
- 70г муки (рисовая)
- соль, приправы по вкусу
(можно взять чеснок и укроп)
- кунжут по желанию.","Сыр натереть, все смешать,
жарить без масла на
антипригарной сковородке с
закрытой крышкой.","КБЖУ ужин
594
52
15
61",[InfoVolna.com] Рекомендованный план питания 2500 вариант 3.pdf,clear cooking steps; usable quantities; protein-forward; balanced main ingredients; repeated source title needs variant selection,,low,,good,good,choose one best source variant before any import,InfoVolna meal-plan row; check it works as a standalone recipe; same source title appears 9 times in this workbook,
Все рецепты!R522 | InfoVolna | page/file [InfoVolna.com] Рекомендованный план питания 2700-3000 вариант 3.pdf | variant 3 ужин,СЫРНО-ТВОРОЖНАЯ ЛЕПЕШКА,MAYBE_REVIEW,69,dinner,10-20 min,easy,"СЫРНО-ТВОРОЖНАЯ ЛЕПЕШКА; яйцо; соль, приправы; кунжут по желанию","СЫРНО-ТВОРОЖНАЯ ЛЕПЕШКА.
30г легкого сыра (35%)
- 180г 2% творога
- 1 яйцо
- 70г муки (рисовая)
- соль, приправы по вкусу
(можно взять чеснок и укроп)
- кунжут по желанию.","Сыр натереть, все смешать,
жарить без масла на
антипригарной сковородке с
закрытой крышкой.","КБЖУ ужин
594
52
15
61
общее КБЖУ
2709
206
87
272",[InfoVolna.com] Рекомендованный план питания 2700-3000 вариант 3.pdf,clear cooking steps; usable quantities; protein-forward; balanced main ingredients; repeated source title needs variant selection,,low,,good,good,choose one best source variant before any import,InfoVolna meal-plan row; check it works as a standalone recipe; same source title appears 9 times in this workbook,
Все рецепты!R324 | InfoVolna | page/file [InfoVolna.com] Рекомендованный план питания 1800 вариант 7.pdf | variant 7 перекус 1,"Творог 2% - 100гр, мед 30гр (две столовой ложки), яблоко 1шт",MAYBE_REVIEW,69,snack,10-20 min,easy,"Творог 2%; столовой ложки), яблоко","Творог 2% - 100гр, мед 30гр (две
столовой ложки), яблоко 1шт","можно яблоко мелко
нарезать и мед добавить в
творог, можно съесть все по
отдельности","КБЖУ перекус
279
18
2
43",[InfoVolna.com] Рекомендованный план питания 1800 вариант 7.pdf,"needs manual adaptation; positive: clear cooking steps, usable quantities",,low,,good,good,,InfoVolna meal-plan row; check it works as a standalone recipe; title was inferred or looks like a source fragment,
Все рецепты!R499 | InfoVolna | page/file [InfoVolna.com] Рекомендованный план питания 2500 вариант 7.pdf | variant 7 перекус 1,"Творог 5% - 180гр, мед 40гр (две столовой ложки), банан 1шт",MAYBE_REVIEW,69,snack,10-20 min,easy,"Творог 5%; столовой ложки), банан","Творог 5% - 180гр, мед 40гр (две
столовой ложки), банан 1шт","можно яблоко мелко
нарезать и мед добавить в
творог, можно съесть все по
отдельности","КБЖУ перекус
453
32
9
60",[InfoVolna.com] Рекомендованный план питания 2500 вариант 7.pdf,"needs manual adaptation; positive: clear cooking steps, usable quantities",,low,,good,good,,InfoVolna meal-plan row; check it works as a standalone recipe; title was inferred or looks like a source fragment,
Все рецепты!R464 | InfoVolna | page/file [InfoVolna.com] Рекомендованный план питания 2300-2400 вариант 7.pdf | variant 7 перекус 1,"Творог 5% - 180гр, мед 40гр (две столовой ложки), яблоко 1шт",MAYBE_REVIEW,69,snack,10-20 min,easy,"Творог 5%; столовой ложки), яблоко","Творог 5% - 180гр, мед 40гр (две
столовой ложки), яблоко 1шт","можно яблоко мелко
нарезать и мед добавить в
творог, можно съесть все по
отдельности","КБЖУ перекус
453
32
9
60",[InfoVolna.com] Рекомендованный план питания 2300-2400 вариант 7.pdf,"needs manual adaptation; positive: clear cooking steps, usable quantities",,low,,good,good,,InfoVolna meal-plan row; check it works as a standalone recipe; title was inferred or looks like a source fragment,
Все рецепты!R539 | InfoVolna | page/file [InfoVolna.com] Рекомендованный план питания 3000 вариант 2.pdf | variant 2 перекус 1,"Творог 5% - 200гр, мед 50гр (две столовой ложки), банан 1шт сметана 15% -50гр",MAYBE_REVIEW,69,snack,10-20 min,easy,"Творог 5%; столовой ложки), банан; сметана 15%","Творог 5% - 200гр, мед 50гр (две
столовой ложки), банан 1шт
сметана 15% -50гр","можно яблоко мелко
нарезать и мед добавить в
творог, можно съесть все по
отдельности","КБЖУ перекус
554
39
11
72",[InfoVolna.com] Рекомендованный план питания 3000 вариант 2.pdf,"needs manual adaptation; positive: clear cooking steps, usable quantities",,low,,good,good,,InfoVolna meal-plan row; check it works as a standalone recipe; title was inferred or looks like a source fragment,
Все рецепты!R288 | InfoVolna | page/file [InfoVolna.com] Рекомендованый план питания 1700 вариант 7.pdf | variant 7 завтрак,творожный омлет,MAYBE_REVIEW,69,breakfast,10-20 min,easy,творожный омлет. Яйца; Творог; Сыр; Перец - Огурец свежий,"творожный омлет. Яйца - 3 шт
Творог(мягкий) - 150 гр
Сыр (легкий 15%) - 40 гр
Перец - по вкусу Огурец свежий -
1шт","Творог смешать с яйцамм,
натертым сыром. Жарить на
сухой антипригарной
сковороде с 2-х сторон под
крышкой. Готовый омлет
посыпать чёрным перцем
Готово!","КБЖУ завтрак
454
48
25
7",[InfoVolna.com] Рекомендованый план питания 1700 вариант 7.pdf,clear cooking steps; usable quantities; protein-forward; balanced main ingredients; repeated source title needs variant selection,,low,,good,good,choose one best source variant before any import,InfoVolna meal-plan row; check it works as a standalone recipe; same source title appears 4 times in this workbook,
Все рецепты!R323 | InfoVolna | page/file [InfoVolna.com] Рекомендованный план питания 1800 вариант 7.pdf | variant 7 завтрак,творожный омлет,MAYBE_REVIEW,69,breakfast,10-20 min,easy,творожный омлет. Яйца; Творог; Сыр; Перец - Огурец свежий,"творожный омлет. Яйца - 3 шт
Творог(мягкий) - 150 гр
Сыр (легкий 15%) - 40 гр
Перец - по вкусу Огурец свежий -
1шт","Творог смешать с яйцамм,
натертым сыром. Жарить на
сухой антипригарной
сковороде с 2-х сторон под
крышкой. Готовый омлет
посыпать чёрным перцем
Готово!","КБЖУ завтрак
454
48
25
7",[InfoVolna.com] Рекомендованный план питания 1800 вариант 7.pdf,clear cooking steps; usable quantities; protein-forward; balanced main ingredients; repeated source title needs variant selection,,low,,good,good,choose one best source variant before any import,InfoVolna meal-plan row; check it works as a standalone recipe; same source title appears 4 times in this workbook,
Все рецепты!R353 | InfoVolna | page/file [InfoVolna.com] Рекомендованный план питания 1900 вариант 6.pdf | variant 6 завтрак,творожный омлет,MAYBE_REVIEW,69,breakfast,10-20 min,easy,творожный омлет. Яйца; Творог; Сыр; Перец - Огурец свежий,"творожный омлет. Яйца - 3 шт
Творог(мягкий) - 150 гр
Сыр (легкий 15%) - 40 гр
Перец - по вкусу Огурец свежий -
1шт","Творог смешать с яйцамм,
натертым сыром. Жарить на
сухой антипригарной
сковороде с 2-х сторон под
крышкой. Готовый омлет
посыпать чёрным перцем
Готово!","КБЖУ завтрак
454
48
25
7",[InfoVolna.com] Рекомендованный план питания 1900 вариант 6.pdf,clear cooking steps; usable quantities; protein-forward; balanced main ingredients; repeated source title needs variant selection,,low,,good,good,choose one best source variant before any import,InfoVolna meal-plan row; check it works as a standalone recipe; same source title appears 4 times in this workbook,
Все рецепты!R388 | InfoVolna | page/file [InfoVolna.com] Рекомендованный план питания 2000 вариант 6.pdf | variant 6 завтрак,творожный омлет,MAYBE_REVIEW,69,breakfast,10-20 min,easy,творожный омлет. Яйца; Творог; Сыр; Перец - Огурец свежий,"творожный омлет. Яйца - 3 шт
Творог(мягкий) - 150 гр
Сыр (легкий 15%) - 40 гр
Перец - по вкусу Огурец свежий -
1шт","Творог смешать с яйцамм,
натертым сыром. Жарить на
сухой антипригарной
сковороде с 2-х сторон под
крышкой. Готовый омлет
посыпать чёрным перцем
Готово!","КБЖУ завтрак
454
48
25
7",[InfoVolna.com] Рекомендованный план питания 2000 вариант 6.pdf,clear cooking steps; usable quantities; protein-forward; balanced main ingredients; repeated source title needs variant selection,,low,,good,good,choose one best source variant before any import,InfoVolna meal-plan row; check it works as a standalone recipe; same source title appears 4 times in this workbook,
Все рецепты!R172 | InfoVolna | page/file [InfoVolna.com] Рекомендованый план питания 1350-1400 вариант 4.pdf | variant 4 ужин,Тушеная инлейк0гра с салатом из свежей капусты,MAYBE_REVIEW,69,dinner,45-90 min,medium,"Тушеная инлейк0гра с салатом; из свежей капусты. Филе бедра; индейка; сливочное масло; салата Капуста; соль, петрушка свежая","Тушеная инлейк0гра с салатом
из свежей капусты. Филе бедра
индейка - 150гр, лук 50гр,
сливочное масло 10гр. Для
салата Капуста 100гр, морковь
5, лимонный сок -1ч ложка,
соль, петрушка свежая","В сковороде разогреваем
сливочное масло
Выкладываем индейку и лук
в сковороду, порезанные на
средние кусочки. Мясо и лук
солим и перчим по вкусу.
Даем мясу немного
обжариться на среднем
огне, буквально пару минут,
до легкой корочки вливаем 1
стакан воды. меньшаем
огонь до умеренного,
накрываем сковороду
крышкой. Тушеная индейка с
луком будет готовиться
около 1 часа","КБЖУ ужин
432
26
31
8
общее КБЖУ
1302
94
49
121",[InfoVolna.com] Рекомендованый план питания 1350-1400 вариант 4.pdf,clear cooking steps; usable quantities; protein-forward; balanced main ingredients; repeated source title needs variant selection,,low,,medium,good,consider replacing rare/expensive items with CIS supermarket alternatives; choose one best source variant before any import,InfoVolna meal-plan row; check it works as a standalone recipe; same source title appears 7 times in this workbook,
Все рецепты!R187 | InfoVolna | page/file [InfoVolna.com] Рекомендованый план питания 1350-1400 вариант 7.pdf | variant 7 ужин,Тушеная инлейк0гра с салатом из свежей капусты,MAYBE_REVIEW,69,dinner,45-90 min,medium,Тушеная инлейк0гра с салатом; из свежей капусты. Филе бедра; индейка; сливочное масло; салата Капуста; петрушка свежая,"Тушеная инлейк0гра с салатом
из свежей капусты. Филе бедра
индейка - 150гр, лук 50гр,
сливочное масло 10гр. Для
салата Капуста 100гр, морковь 5,
лимонный сок -1ч ложка, соль,
петрушка свежая","В сковороде разогреваем
сливочное масло
Выкладываем индейку и лук
в сковороду, порезанные на
средние кусочки. Мясо и лук
солим и перчим по вкусу.
Даем мясу немного
обжариться на среднем огне,
буквально пару минут, до
легкой корочки вливаем 1
стакан воды. меньшаем
огонь до умеренного,
накрываем сковороду","КБЖУ ужин
432
26
31
8
общее КБЖУ
1401
100
56
113",[InfoVolna.com] Рекомендованый план питания 1350-1400 вариант 7.pdf,clear cooking steps; usable quantities; protein-forward; balanced main ingredients; repeated source title needs variant selection,,low,,medium,good,consider replacing rare/expensive items with CIS supermarket alternatives; choose one best source variant before any import,InfoVolna meal-plan row; check it works as a standalone recipe; same source title appears 7 times in this workbook,
Все рецепты!R212 | InfoVolna | page/file [InfoVolna.com] Рекомендованный план питания 1500 вариант 5.pdf | variant 5 ужин,Тушеная инлейк0гра с салатом из свежей капусты,MAYBE_REVIEW,69,dinner,45-90 min,medium,Тушеная инлейк0гра с салатом; из свежей капусты. Филе бедра; индейка; сливочное масло; салата Капуста; петрушка свежая,"Тушеная инлейк0гра с салатом
из свежей капусты. Филе бедра
индейка - 150гр, лук 50гр,
сливочное масло 10гр. Для
салата Капуста 100гр, морковь 5,
лимонный сок -1ч ложка, соль,
петрушка свежая","В сковороде разогреваем
сливочное масло
Выкладываем индейку и лук
в сковороду, порезанные на
средние кусочки. Мясо и лук
солим и перчим по вкусу.
Даем мясу немного
обжариться на среднем огне,
буквально пару минут, до
легкой корочки вливаем 1
стакан воды. меньшаем
огонь до умеренного,
накрываем сковороду","КБЖУ ужин
432
26
31
8
общее КБЖУ
1494
96
71
106",[InfoVolna.com] Рекомендованный план питания 1500 вариант 5.pdf,clear cooking steps; usable quantities; protein-forward; balanced main ingredients; repeated source title needs variant selection,,low,,medium,good,consider replacing rare/expensive items with CIS supermarket alternatives; choose one best source variant before any import,InfoVolna meal-plan row; check it works as a standalone recipe; same source title appears 7 times in this workbook,
Все рецепты!R317 | InfoVolna | page/file [InfoVolna.com] Рекомендованный план питания 1800 вариант 5.pdf | variant 5 ужин,Тушеная инлейк0гра с салатом из свежей капусты,MAYBE_REVIEW,69,dinner,45-90 min,medium,Тушеная инлейк0гра с салатом; из свежей капусты. Филе бедра; индейка; сливочное масло; салата Капуста; петрушка свежая,"Тушеная инлейк0гра с салатом
из свежей капусты. Филе бедра
индейка - 150гр, лук 50гр,
сливочное масло 10гр. Для
салата Капуста 100гр, морковь 5,
лимонный сок -1ч ложка, соль,
петрушка свежая","В сковороде разогреваем
сливочное масло
Выкладываем индейку и лук
в сковороду, порезанные на
средние кусочки. Мясо и лук
солим и перчим по вкусу.
Даем мясу немного
обжариться на среднем огне,
буквально пару минут, до
легкой корочки вливаем 1
стакан воды. меньшаем огонь
до умеренного, накрываем
сковороду крышкой. Тушеная","КБЖУ ужин
432
26
31
8
общее КБЖУ
1796
132
63
164",[InfoVolna.com] Рекомендованный план питания 1800 вариант 5.pdf,clear cooking steps; usable quantities; protein-forward; balanced main ingredients; repeated source title needs variant selection,,low,,medium,good,consider replacing rare/expensive items with CIS supermarket alternatives; choose one best source variant before any import,InfoVolna meal-plan row; check it works as a standalone recipe; same source title appears 7 times in this workbook,
Все рецепты!R337 | InfoVolna | page/file [InfoVolna.com] Рекомендованный план питания 1900 вариант 2.pdf | variant 2 ужин,Тушеная инлейк0гра с салатом из свежей капусты,MAYBE_REVIEW,69,dinner,45-90 min,medium,"Тушеная инлейк0гра с салатом; из свежей капусты. Стейк; индейки; салата Капуста; соль, петрушка свежая. Хлеб; зерновой","Тушеная инлейк0гра с салатом
из свежей капусты. Стейк
индейки - 250гр, лук 50гр, . Для
салата Капуста 200гр, морковь
50гр, лимонный сок -1ч ложка,
соль, петрушка свежая. Хлеб
зерновой 80гр (1 большой
ломтик)","В сковороде разогреваем
сливочное масло
Выкладываем индейку и лук
в сковороду, порезанные на
средние кусочки. Мясо и лук
солим и перчим по вкусу.
Даем мясу немного
обжариться на среднем огне,
буквально пару минут, до
легкой корочки вливаем 1
стакан воды. меньшаем огонь
до умеренного, накрываем
сковороду крышкой. Тушеная
индейка с луком будет
готовиться около 1 часа","КБЖУ ужин
520
64
10
43
общее КБЖУ
1916
184
54
161",[InfoVolna.com] Рекомендованный план питания 1900 вариант 2.pdf,clear cooking steps; usable quantities; everyday cooking method; repeated source title needs variant selection,,low,,medium,good,consider replacing rare/expensive items with CIS supermarket alternatives; choose one best source variant before any import,InfoVolna meal-plan row; check it works as a standalone recipe; same source title appears 7 times in this workbook,
Все рецепты!R377 | InfoVolna | page/file [InfoVolna.com] Рекомендованный план питания 2000 вариант 3.pdf | variant 3 ужин,Тушеная инлейк0гра с салатом из свежей капусты,MAYBE_REVIEW,69,dinner,45-90 min,medium,Тушеная инлейк0гра с салатом; из свежей капусты. Филе бедра; индейка; сливочное масло; салата Капуста; петрушка свежая,"Тушеная инлейк0гра с салатом
из свежей капусты. Филе бедра
индейка - 150гр, лук 50гр,
сливочное масло 10гр. Для
салата Капуста 100гр, морковь 5,
лимонный сок -1ч ложка, соль,
петрушка свежая","В сковороде разогреваем
сливочное масло
Выкладываем индейку и лук
в сковороду, порезанные на
средние кусочки. Мясо и лук
солим и перчим по вкусу.
Даем мясу немного
обжариться на среднем огне,
буквально пару минут, до
легкой корочки вливаем 1
стакан воды. меньшаем
огонь до умеренного,
накрываем сковороду
крышкой. Тушеная индейка с
луком будет готовиться
около 1 часа","КБЖУ ужин
432
26
31
8
общее КБЖУ
2013
143
70
182",[InfoVolna.com] Рекомендованный план питания 2000 вариант 3.pdf,clear cooking steps; usable quantities; protein-forward; balanced main ingredients; repeated source title needs variant selection,,low,,medium,good,consider replacing rare/expensive items with CIS supermarket alternatives; choose one best source variant before any import,InfoVolna meal-plan row; check it works as a standalone recipe; same source title appears 7 times in this workbook,
Все рецепты!R426 | InfoVolna | page/file [InfoVolna.com] Рекомендованный план питания 2100-2200 вариант 6.pdf | variant 6 перекус 2,Тушеная инлейк0гра с салатом из свежей капусты,MAYBE_REVIEW,69,snack,45-90 min,medium,Тушеная инлейк0гра с салатом; из свежей капусты. Филе бедра; индейка; сливочное масло; салата Капуста; Даем мясу немного,"Тушеная инлейк0гра с салатом
из свежей капусты. Филе бедра
индейка - 150гр, лук 50гр,
сливочное масло 10гр. Для
салата Капуста 100гр, морковь 5,
Даем мясу немного
обжариться на среднем огне,
лимонный сок -1ч ложка, соль,
петрушка свежая
огонь до умеренного,
накрываем сковороду
крышкой. Тушеная индейка с","В сковороде разогреваем
сливочное масло
Выкладываем индейку и лук
в сковороду, порезанные на
средние кусочки. Мясо и лук
солим и перчим по вкусу.
буквально пару минут, до
легкой корочки вливаем 1
стакан воды. меньшаем
луком будет готовиться
около 1 часа","перекус КБЖУ
432
26
31
8",[InfoVolna.com] Рекомендованный план питания 2100-2200 вариант 6.pdf,clear cooking steps; usable quantities; protein-forward; balanced main ingredients; repeated source title needs variant selection,,low,,medium,good,consider replacing rare/expensive items with CIS supermarket alternatives; choose one best source variant before any import,InfoVolna meal-plan row; check it works as a standalone recipe; same source title appears 7 times in this workbook,
Все рецепты!R227 | InfoVolna | page/file [InfoVolna.com] Рекомендованый план питания 1600 вариант 1.pdf | variant 1 ужин,Фрикасе из курицы и грибов,MAYBE_REVIEW,69,dinner,20-45 min,unknown,Фрикасе из курицы и грибов; филе курицы; репчатый лук; сладкий перец; чеснок; сметана 15%,"Фрикасе из курицы и грибов.
Ингредиенты:
филе курицы (или индейки) -200
г
репчатый лук — 1-2 шт.
сладкий перец — 1-2 шт.
чеснок — 3 зубков Грибы -100гр
сметана 15% 100 г
соль специи Помидор -1шт,
огурец -1шт для нарезки","мясо помыть и порезать
соломкой. Лук очистить и
порезать полукольцами.
Сладкий перец очистить от
семян и плодоножек и
порезать соломкой. Чеснок
очистить и мелко порезать.
На сковороде поджарить
несколько минут лук и перец
и грибы на оливковом масле,
можно добавить немного
воды. К курице добавить
измельченный чеснок и
сметану. Перемешать.
Куриное филе со сметаной
переложить на сковороду к
луку и перцу. Перемешать и
довести до кипения. Фрикасе
довести до кипения, накрыть
крышкой и тушить минут 7.
Время от времени
перемешивать.","КБЖУ ужин
418
52
19
8
общее КБЖУ
1604
155
43
145",[InfoVolna.com] Рекомендованый план питания 1600 вариант 1.pdf,clear cooking steps; usable quantities; protein-forward; balanced main ingredients; repeated source title needs variant selection,,low,,good,good,choose one best source variant before any import,InfoVolna meal-plan row; check it works as a standalone recipe; same source title appears 6 times in this workbook,
Все рецепты!R262 | InfoVolna | page/file [InfoVolna.com] Рекомендованый план питания 1700 вариант 1.pdf | variant 1 ужин,Фрикасе из курицы и грибов,MAYBE_REVIEW,69,dinner,20-45 min,unknown,Фрикасе из курицы и грибов; филе курицы; репчатый лук; сладкий перец; Оливковое масло; чеснок,"Фрикасе из курицы и грибов.
Ингредиенты:
филе курицы (или индейки) -200
г
репчатый лук — 1-2 шт.
сладкий перец — 1-2 шт.
Оливковое масло 10гр
чеснок — 3 зубков Грибы -100гр
сметана 15% 100 г
соль специи Помидор -1шт,
огурец -1шт для нарезки","мясо помыть и порезать
соломкой. Лук очистить и
порезать полукольцами.
Сладкий перец очистить от
семян и плодоножек и
порезать соломкой. Чеснок
очистить и мелко порезать.
На сковороде поджарить
несколько минут лук и перец
и грибы на оливковом масле,
можно добавить немного
воды. К курице добавить
измельченный чеснок и
сметану. Перемешать.
Куриное филе со сметаной
переложить на сковороду к
луку и перцу. Перемешать и
довести до кипения. Фрикасе
довести до кипения, накрыть
крышкой и тушить минут 7.
Время от времени
перемешивать.","КБЖУ ужин
508
52
29
8
общее КБЖУ
1710
152
58
141",[InfoVolna.com] Рекомендованый план питания 1700 вариант 1.pdf,clear cooking steps; usable quantities; protein-forward; balanced main ingredients; repeated source title needs variant selection,,low,,good,good,choose one best source variant before any import,InfoVolna meal-plan row; check it works as a standalone recipe; same source title appears 6 times in this workbook,
Все рецепты!R295 | InfoVolna | page/file [InfoVolna.com] Рекомендованный план питания 1800 вариант 1.pdf | variant 1 обед,Фрикасе из курицы и грибов,MAYBE_REVIEW,69,lunch,20-45 min,unknown,Фрикасе из курицы и грибов; филе курицы; репчатый лук; сладкий перец; Оливковое масло; чеснок,"Фрикасе из курицы и грибов.
Ингредиенты:
филе курицы (или индейки) -200
г
репчатый лук — 1-2 шт.
сладкий перец — 1-2 шт.
Оливковое масло 10гр
чеснок — 3 зубков Грибы -100гр
сметана 15% 100 г
соль специи Помидор -1шт,
огурец -1шт для нарезки","мясо помыть и порезать
соломкой. Лук очистить и
порезать полукольцами.
Сладкий перец очистить от
семян и плодоножек и
порезать соломкой. Чеснок
очистить и мелко порезать.
На сковороде поджарить
несколько минут лук и перец
и грибы на оливковом масле,
можно добавить немного
воды. К курице добавить
измельченный чеснок и
сметану. Перемешать.
Куриное филе со сметаной
переложить на сковороду к
луку и перцу. Перемешать и
довести до кипения. Фрикасе
довести до кипения, накрыть
крышкой и тушить минут 7.
Время от времени
перемешивать.","КБЖУ обед
508
52
29
8",[InfoVolna.com] Рекомендованный план питания 1800 вариант 1.pdf,clear cooking steps; usable quantities; protein-forward; balanced main ingredients; repeated source title needs variant selection,,low,,good,good,choose one best source variant before any import,InfoVolna meal-plan row; check it works as a standalone recipe; same source title appears 6 times in this workbook,
Все рецепты!R362 | InfoVolna | page/file [InfoVolna.com] Рекомендованный план питания 1900 вариант 7.pdf | variant 7 ужин,Фрикасе из курицы и грибов,MAYBE_REVIEW,69,dinner,20-45 min,unknown,Фрикасе из курицы и грибов; филе курицы; репчатый лук; сладкий перец; Оливковое масло; чеснок,"Фрикасе из курицы и грибов.
Ингредиенты:
филе курицы (или индейки) -200
г
репчатый лук — 1-2 шт.
сладкий перец — 1-2 шт.
Оливковое масло 10гр
чеснок — 3 зубков Грибы -100гр
сметана 15% 100 г
соль специи Помидор -1шт,
огурец -1шт для нарезки","мясо помыть и порезать
соломкой. Лук очистить и
порезать полукольцами.
Сладкий перец очистить от
семян и плодоножек и
порезать соломкой. Чеснок
очистить и мелко порезать.
На сковороде поджарить
несколько минут лук и перец
и грибы на оливковом масле,
можно добавить немного
воды. К курице добавить
измельченный чеснок и
сметану. Перемешать.
Куриное филе со сметаной
переложить на сковороду к
луку и перцу. Перемешать и
довести до кипения. Фрикасе
довести до кипения, накрыть
крышкой и тушить минут 7.
Время от времени
перемешивать.","КБЖУ ужин
508
52
29
8
общее КБЖУ
1967
182
85
122",[InfoVolna.com] Рекомендованный план питания 1900 вариант 7.pdf,clear cooking steps; usable quantities; protein-forward; balanced main ingredients; repeated source title needs variant selection,,low,,good,good,choose one best source variant before any import,InfoVolna meal-plan row; check it works as a standalone recipe; same source title appears 6 times in this workbook,
Все рецепты!R397 | InfoVolna | page/file [InfoVolna.com] Рекомендованный план питания 2000 вариант 7.pdf | variant 7 ужин,Фрикасе из курицы и грибов,MAYBE_REVIEW,69,dinner,20-45 min,unknown,Фрикасе из курицы и грибов; филе курицы; репчатый лук; сладкий перец; Оливковое масло; чеснок,"Фрикасе из курицы и грибов.
Ингредиенты:
филе курицы (или индейки) -200
г
репчатый лук — 1-2 шт.
сладкий перец — 1-2 шт.
Оливковое масло 10гр
чеснок — 3 зубков Грибы -100гр
сметана 15% 100 г
соль специи Помидор -1шт,
огурец -1шт для нарезки","мясо помыть и порезать
соломкой. Лук очистить и
порезать полукольцами.
Сладкий перец очистить от
семян и плодоножек и
порезать соломкой. Чеснок
очистить и мелко порезать.
На сковороде поджарить
несколько минут лук и перец
и грибы на оливковом масле,
можно добавить немного
воды. К курице добавить
измельченный чеснок и
сметану. Перемешать.
Куриное филе со сметаной
переложить на сковороду к
луку и перцу. Перемешать и
довести до кипения. Фрикасе
довести до кипения, накрыть
крышкой и тушить минут 7.
Время от времени
перемешивать.","КБЖУ ужин
508
52
29
8
общее КБЖУ
1967
182
85
122",[InfoVolna.com] Рекомендованный план питания 2000 вариант 7.pdf,clear cooking steps; usable quantities; protein-forward; balanced main ingredients; repeated source title needs variant selection,,low,,good,good,choose one best source variant before any import,InfoVolna meal-plan row; check it works as a standalone recipe; same source title appears 6 times in this workbook,
Все рецепты!R402 | InfoVolna | page/file [InfoVolna.com] Рекомендованный план питания 2100-2200 вариант 1.pdf | variant 1 ужин,Фрикасе из курицы и грибов,MAYBE_REVIEW,69,dinner,20-45 min,unknown,Фрикасе из курицы и грибов; филе курицы; репчатый лук; сладкий перец; Оливковое масло; чеснок,"Фрикасе из курицы и грибов.
Ингредиенты:
филе курицы (или индейки) -200
г
репчатый лук — 1-2 шт.
сладкий перец — 1-2 шт.
Оливковое масло 10гр
чеснок — 3 зубков Грибы -100гр
сметана 15% 100 г
соль специи Помидор -1шт,
огурец -1шт для нарезки","мясо помыть и порезать
соломкой. Лук очистить и
порезать полукольцами.
Сладкий перец очистить от
семян и плодоножек и
порезать соломкой. Чеснок
очистить и мелко порезать.
На сковороде поджарить
несколько минут лук и перец
и грибы на оливковом масле,
можно добавить немного
воды. К курице добавить
измельченный чеснок и
сметану. Перемешать.
Куриное филе со сметаной
переложить на сковороду к
луку и перцу. Перемешать и
довести до кипения. Фрикасе
довести до кипения, накрыть
крышкой и тушить минут 7.
Время от времени
перемешивать.","КБЖУ ужин
508
52
29
8
общее КБЖУ
2170
188
82
158",[InfoVolna.com] Рекомендованный план питания 2100-2200 вариант 1.pdf,clear cooking steps; usable quantities; protein-forward; balanced main ingredients; repeated source title needs variant selection,,low,,good,good,choose one best source variant before any import,InfoVolna meal-plan row; check it works as a standalone recipe; same source title appears 6 times in this workbook,
Все рецепты!R158 | InfoVolna | page/file [InfoVolna.com] Рекомендованый план питания 1350-1400 вариант 2.pdf | variant 2 завтрак,"Хлеб цельнозерновой - 70 гр (2 куска средних), сыр легкий 15- 25% - 40гр, капучинно 200мл",MAYBE_REVIEW,69,breakfast,unknown,easy,"Хлеб цельнозерновой; куска средних), сыр легкий 15; 25%","Хлеб цельнозерновой - 70 гр (2
куска средних), сыр легкий 15-
25% - 40гр, капучинно 200мл",,"КБЖУ завтрак
359
24
13
34",[InfoVolna.com] Рекомендованый план питания 1350-1400 вариант 2.pdf,"missing steps; positive: usable quantities, protein-forward",,low,,good,medium,check quantities before nutrition calculation; choose one best source variant before any import,verify whether this is a no-cook snack or an incomplete recipe; InfoVolna meal-plan row; check it works as a standalone recipe; title was inferred or looks like a source fragment; same source title appears 4 times in this workbook,
Все рецепты!R178 | InfoVolna | page/file [InfoVolna.com] Рекомендованый план питания 1350-1400 вариант 6.pdf | variant 6 завтрак,бутерброды с говядиной и сыром,MAYBE_REVIEW,69,breakfast,20-45 min,unknown,"бутерброды с говядиной и; сыром. Хлеб зерновой (3; средних ломтика); легкий; говядина варенаяпостная (или в; вакумной упаковке, готовая не","бутерброды с говядиной и
сыром. Хлеб зерновой (3
средних ломтика) - 110 гр. Сыр
легкий (15-20%) - 50 гр,
говядина варенаяпостная (или в
вакумной упаковке, готовая не
жирная) -50гр Можно добавить
зелень и овощи (помидор
огурец)","Делаем бутерброды с
хлебом сыром и говядиной.","КБЖУ завтрак
430
31
16
39",[InfoVolna.com] Рекомендованый план питания 1350-1400 вариант 6.pdf,"possible duplicate; compare with existing: Бутерброд с ветчиной и омлетом; positive: clear cooking steps, usable quantities",,medium,Бутерброд с ветчиной и омлетом,good,good,compare with similar existing recipe; choose one best source variant before any import,InfoVolna meal-plan row; check it works as a standalone recipe; duplicate similarity score 0.733; same source title appears 6 times in this workbook,
Все рецепты!R193 | InfoVolna | page/file [InfoVolna.com] Рекомендованный план питания 1500 вариант 2.pdf | variant 2 завтрак,бутерброды с говядиной и сыром,MAYBE_REVIEW,69,breakfast,20-45 min,unknown,"бутерброды с говядиной и; сыром. Хлеб зерновой (3; средних ломтика); легкий; варенаяпостная (или в вакумной; упаковке, готовая не жирная)","бутерброды с говядиной и
сыром. Хлеб зерновой (3
средних ломтика) - 110 гр. Сыр
легкий (15-20%) - 50 гр, говядина
варенаяпостная (или в вакумной
упаковке, готовая не жирная) -
50гр Можно добавить зелень и
овощи (помидор огурец)","Делаем бутерброды с хлебом
сыром и говядиной.","КБЖУ завтрак
430
31
16
39",[InfoVolna.com] Рекомендованный план питания 1500 вариант 2.pdf,"possible duplicate; compare with existing: Бутерброд с ветчиной и омлетом; positive: clear cooking steps, usable quantities",,medium,Бутерброд с ветчиной и омлетом,good,good,compare with similar existing recipe; choose one best source variant before any import,InfoVolna meal-plan row; check it works as a standalone recipe; duplicate similarity score 0.733; same source title appears 6 times in this workbook,
Все рецепты!R218 | InfoVolna | page/file [InfoVolna.com] Рекомендованный план питания 1500 вариант 7.pdf | variant 7 завтрак,бутерброды с говядиной и сыром,MAYBE_REVIEW,69,breakfast,20-45 min,unknown,"бутерброды с говядиной и; сыром. Хлеб зерновой (3; средних ломтика); легкий; варенаяпостная (или в вакумной; упаковке, готовая не жирная)","бутерброды с говядиной и
сыром. Хлеб зерновой (3
средних ломтика) - 110 гр. Сыр
легкий (15-20%) - 50 гр, говядина
варенаяпостная (или в вакумной
упаковке, готовая не жирная) -
50гр Можно добавить зелень и
овощи (помидор огурец)","Делаем бутерброды с хлебом
сыром и говядиной.","КБЖУ завтрак
430
31
16
39",[InfoVolna.com] Рекомендованный план питания 1500 вариант 7.pdf,"possible duplicate; compare with existing: Бутерброд с ветчиной и омлетом; positive: clear cooking steps, usable quantities",,medium,Бутерброд с ветчиной и омлетом,good,good,compare with similar existing recipe; choose one best source variant before any import,InfoVolna meal-plan row; check it works as a standalone recipe; duplicate similarity score 0.733; same source title appears 6 times in this workbook,
Все рецепты!R298 | InfoVolna | page/file [InfoVolna.com] Рекомендованный план питания 1800 вариант 2.pdf | variant 2 завтрак,бутерброды с говядиной и сыром,MAYBE_REVIEW,69,breakfast,20-45 min,unknown,"бутерброды с говядиной и; сыром. Хлеб зерновой (3; средних ломтика); легкий; варенаяпостная (или в вакумной; упаковке, готовая не жирная)","бутерброды с говядиной и
сыром. Хлеб зерновой (3
средних ломтика) - 110 гр. Сыр
легкий (15-20%) - 50 гр, говядина
варенаяпостная (или в вакумной
упаковке, готовая не жирная) -
50гр Можно добавить зелень и
овощи (помидор огурец)","Делаем бутерброды с хлебом
сыром и говядиной.","КБЖУ завтрак
430
31
16
39",[InfoVolna.com] Рекомендованный план питания 1800 вариант 2.pdf,"possible duplicate; compare with existing: Бутерброд с ветчиной и омлетом; positive: clear cooking steps, usable quantities",,medium,Бутерброд с ветчиной и омлетом,good,good,compare with similar existing recipe; choose one best source variant before any import,InfoVolna meal-plan row; check it works as a standalone recipe; duplicate similarity score 0.733; same source title appears 6 times in this workbook,
Все рецепты!R403 | InfoVolna | page/file [InfoVolna.com] Рекомендованный план питания 2100-2200 вариант 2.pdf | variant 2 завтрак,бутерброды с говядиной и сыром,MAYBE_REVIEW,69,breakfast,20-45 min,unknown,"бутерброды с говядиной и; сыром. Хлеб зерновой (3; средних ломтика); легкий; варенаяпостная (или в вакумной; упаковке, готовая не жирная)","бутерброды с говядиной и
сыром. Хлеб зерновой (3
средних ломтика) - 110 гр. Сыр
легкий (15-20%) - 50 гр, говядина
варенаяпостная (или в вакумной
упаковке, готовая не жирная) -
50гр Можно добавить зелень и
овощи (помидор огурец)","Делаем бутерброды с
хлебом сыром и говядиной.","КБЖУ завтрак
430
31
16
39",[InfoVolna.com] Рекомендованный план питания 2100-2200 вариант 2.pdf,"possible duplicate; compare with existing: Бутерброд с ветчиной и омлетом; positive: clear cooking steps, usable quantities",,medium,Бутерброд с ветчиной и омлетом,good,good,compare with similar existing recipe; choose one best source variant before any import,InfoVolna meal-plan row; check it works as a standalone recipe; duplicate similarity score 0.733; same source title appears 6 times in this workbook,
Все рецепты!R519 | InfoVolna | page/file [InfoVolna.com] Рекомендованный план питания 2700-3000 вариант 3.pdf | variant 3 перекус 1,бутерброды с говядиной и сыром,MAYBE_REVIEW,69,snack,20-45 min,unknown,"бутерброды с говядиной и; сыром. Хлеб зерновой (3; средних ломтика); легкий; варенаяпостная (или в вакумной; упаковке, готовая не жирная)","бутерброды с говядиной и
сыром. Хлеб зерновой (3
средних ломтика) - 110 гр. Сыр
легкий (15-20%) - 50 гр, говядина
варенаяпостная (или в вакумной
упаковке, готовая не жирная) -
50гр Можно добавить зелень и
овощи (помидор огурец)","Делаем бутерброды с
хлебом сыром и говядиной.","КБЖУ перекус
430
31
16
39",[InfoVolna.com] Рекомендованный план питания 2700-3000 вариант 3.pdf,"possible duplicate; compare with existing: Бутерброд с ветчиной и омлетом; positive: clear cooking steps, usable quantities",,medium,Бутерброд с ветчиной и омлетом,good,good,compare with similar existing recipe; choose one best source variant before any import,InfoVolna meal-plan row; check it works as a standalone recipe; duplicate similarity score 0.733; same source title appears 6 times in this workbook,
Все рецепты!R133 | InfoVolna | page/file [InfoVolna.com] Рекомендованый план питания 1300 вариант 4.pdf | variant 4 завтрак,бутерброды с сыром и слабосоленой семгой,MAYBE_REVIEW,69,breakfast,20-45 min,unknown,"бутерброды с сыром и; слабосоленой семгой. Хлеб; зерновой; гр. Сыр легкий; гр, семга слабосоленая (если; упаковка","бутерброды с сыром и
слабосоленой семгой. Хлеб
зерновой (2 средних ломтика) -
70 гр. Сыр легкий (15-20%) - 50
гр, семга слабосоленая (если
упаковка 100гр, пол упаковки) -
50гр","Делаем бутерброды с
хлебом сыром и семгой.","КБЖУ завтрак
402
33
16
29",[InfoVolna.com] Рекомендованый план питания 1300 вариант 4.pdf,"possible duplicate; compare with existing: Бутерброд с сыром и ветчиной; positive: clear cooking steps, usable quantities",,medium,Бутерброд с сыром и ветчиной,good,good,compare with similar existing recipe; choose one best source variant before any import,InfoVolna meal-plan row; check it works as a standalone recipe; duplicate similarity score 0.706; same source title appears 11 times in this workbook,
Все рецепты!R163 | InfoVolna | page/file [InfoVolna.com] Рекомендованый план питания 1350-1400 вариант 3.pdf | variant 3 завтрак,бутерброды с сыром и слабосоленой семгой,MAYBE_REVIEW,69,breakfast,20-45 min,unknown,"бутерброды с сыром и; слабосоленой семгой. Хлеб; зерновой; гр. Сыр легкий; гр, семга слабосоленая (если; упаковка","бутерброды с сыром и
слабосоленой семгой. Хлеб
зерновой (2 средних ломтика) -
70 гр. Сыр легкий (15-20%) - 50
гр, семга слабосоленая (если
упаковка 100гр, пол упаковки) -
50гр","Делаем бутерброды с
хлебом сыром и семгой.","КБЖУ завтрак
402
33
16
29",[InfoVolna.com] Рекомендованый план питания 1350-1400 вариант 3.pdf,"possible duplicate; compare with existing: Бутерброд с сыром и ветчиной; positive: clear cooking steps, usable quantities",,medium,Бутерброд с сыром и ветчиной,good,good,compare with similar existing recipe; choose one best source variant before any import,InfoVolna meal-plan row; check it works as a standalone recipe; duplicate similarity score 0.706; same source title appears 11 times in this workbook,
Все рецепты!R203 | InfoVolna | page/file [InfoVolna.com] Рекомендованный план питания 1500 вариант 4.pdf | variant 4 завтрак,бутерброды с сыром и слабосоленой семгой,MAYBE_REVIEW,69,breakfast,20-45 min,unknown,"бутерброды с сыром и; слабосоленой семгой. Хлеб; зерновой; гр. Сыр легкий; гр, семга слабосоленая (если; упаковка","бутерброды с сыром и
слабосоленой семгой. Хлеб
зерновой (3 средних ломтика) -
110 гр. Сыр легкий (15-20%) - 50
гр, семга слабосоленая (если
упаковка 100гр, пол упаковки) -
50гр","Делаем бутерброды с хлебом
сыром и семгой.","КБЖУ завтрак
475
38
24
24",[InfoVolna.com] Рекомендованный план питания 1500 вариант 4.pdf,"possible duplicate; compare with existing: Бутерброд с сыром и ветчиной; positive: clear cooking steps, usable quantities",,medium,Бутерброд с сыром и ветчиной,good,good,compare with similar existing recipe; choose one best source variant before any import,InfoVolna meal-plan row; check it works as a standalone recipe; duplicate similarity score 0.706; same source title appears 11 times in this workbook,
Все рецепты!R238 | InfoVolna | page/file [InfoVolna.com] Рекомендованый план питания 1600 вариант 4.pdf | variant 4 завтрак,бутерброды с сыром и слабосоленой семгой,MAYBE_REVIEW,69,breakfast,20-45 min,unknown,"бутерброды с сыром и; слабосоленой семгой. Хлеб; зерновой; гр. Сыр легкий; гр, семга слабосоленая","бутерброды с сыром и
слабосоленой семгой. Хлеб
зерновой (2 средних ломтика) -
70 гр. Сыр легкий (15-20%) - 80
гр, семга слабосоленая -70гр","Делаем бутерброды с
хлебом сыром и семгой.","КБЖУ завтрак
457
41
17
35",[InfoVolna.com] Рекомендованый план питания 1600 вариант 4.pdf,"possible duplicate; compare with existing: Бутерброд с сыром и ветчиной; positive: clear cooking steps, usable quantities",,medium,Бутерброд с сыром и ветчиной,good,good,compare with similar existing recipe; choose one best source variant before any import,InfoVolna meal-plan row; check it works as a standalone recipe; duplicate similarity score 0.706; same source title appears 11 times in this workbook,
Все рецепты!R273 | InfoVolna | page/file [InfoVolna.com] Рекомендованый план питания 1700 вариант 4.pdf | variant 4 завтрак,бутерброды с сыром и слабосоленой семгой,MAYBE_REVIEW,69,breakfast,20-45 min,unknown,"бутерброды с сыром и; слабосоленой семгой. Хлеб; зерновой; гр. Сыр легкий; гр, семга слабосоленая (если; упаковка","бутерброды с сыром и
слабосоленой семгой. Хлеб
зерновой (2 средних ломтика) -
70 гр. Сыр легкий (15-20%) - 50
гр, семга слабосоленая (если
упаковка 100гр, пол упаковки) -
50гр","Делаем бутерброды с
хлебом сыром и семгой.","КБЖУ завтрак
402
33
16
29",[InfoVolna.com] Рекомендованый план питания 1700 вариант 4.pdf,"possible duplicate; compare with existing: Бутерброд с сыром и ветчиной; positive: clear cooking steps, usable quantities",,medium,Бутерброд с сыром и ветчиной,good,good,compare with similar existing recipe; choose one best source variant before any import,InfoVolna meal-plan row; check it works as a standalone recipe; duplicate similarity score 0.706; same source title appears 11 times in this workbook,
Все рецепты!R308 | InfoVolna | page/file [InfoVolna.com] Рекомендованный план питания 1800 вариант 4.pdf | variant 4 завтрак,бутерброды с сыром и слабосоленой семгой,MAYBE_REVIEW,69,breakfast,20-45 min,unknown,"бутерброды с сыром и; слабосоленой семгой. Хлеб; зерновой; гр. Сыр легкий; гр, семга слабосоленая (если; упаковка","бутерброды с сыром и
слабосоленой семгой. Хлеб
зерновой (3 средних ломтика) -
110 гр. Сыр легкий (15-20%) - 50
гр, семга слабосоленая (если
упаковка 100гр, пол упаковки) -
50гр","Делаем бутерброды с хлебом
сыром и семгой.","КБЖУ завтрак
475
38
24
24",[InfoVolna.com] Рекомендованный план питания 1800 вариант 4.pdf,"possible duplicate; compare with existing: Бутерброд с сыром и ветчиной; positive: clear cooking steps, usable quantities",,medium,Бутерброд с сыром и ветчиной,good,good,compare with similar existing recipe; choose one best source variant before any import,InfoVolna meal-plan row; check it works as a standalone recipe; duplicate similarity score 0.706; same source title appears 11 times in this workbook,
Все рецепты!R338 | InfoVolna | page/file [InfoVolna.com] Рекомендованный план питания 1900 вариант 3.pdf | variant 3 завтрак,бутерброды с сыром и слабосоленой семгой,MAYBE_REVIEW,69,breakfast,20-45 min,unknown,"бутерброды с сыром и; слабосоленой семгой. Хлеб; зерновой; гр. Сыр легкий; гр, семга слабосоленая (если; упаковка","бутерброды с сыром и
слабосоленой семгой. Хлеб
зерновой (3 средних ломтика) -
110 гр. Сыр легкий (15-20%) - 50
гр, семга слабосоленая (если
упаковка 100гр, пол упаковки) -
50гр","Делаем бутерброды с хлебом
сыром и семгой.","КБЖУ завтрак
475
38
24
24",[InfoVolna.com] Рекомендованный план питания 1900 вариант 3.pdf,"possible duplicate; compare with existing: Бутерброд с сыром и ветчиной; positive: clear cooking steps, usable quantities",,medium,Бутерброд с сыром и ветчиной,good,good,compare with similar existing recipe; choose one best source variant before any import,InfoVolna meal-plan row; check it works as a standalone recipe; duplicate similarity score 0.706; same source title appears 11 times in this workbook,
Все рецепты!R413 | InfoVolna | page/file [InfoVolna.com] Рекомендованный план питания 2100-2200 вариант 4.pdf | variant 4 завтрак,бутерброды с сыром и слабосоленой семгой,MAYBE_REVIEW,69,breakfast,20-45 min,unknown,"бутерброды с сыром и; слабосоленой семгой. Хлеб; зерновой; гр. Сыр легкий; гр, семга слабосоленая (если; упаковка","бутерброды с сыром и
слабосоленой семгой. Хлеб
зерновой (3 средних ломтика) -
110 гр. Сыр легкий (15-20%) - 50
гр, семга слабосоленая (если
упаковка 100гр, пол упаковки) -
50гр","Делаем бутерброды с
хлебом сыром и семгой.","КБЖУ завтрак
475
38
24
24",[InfoVolna.com] Рекомендованный план питания 2100-2200 вариант 4.pdf,"possible duplicate; compare with existing: Бутерброд с сыром и ветчиной; positive: clear cooking steps, usable quantities",,medium,Бутерброд с сыром и ветчиной,good,good,compare with similar existing recipe; choose one best source variant before any import,InfoVolna meal-plan row; check it works as a standalone recipe; duplicate similarity score 0.706; same source title appears 11 times in this workbook,
Все рецепты!R448 | InfoVolna | page/file [InfoVolna.com] Рекомендованный план питания 2300-2400 вариант 4.pdf | variant 4 завтрак,бутерброды с сыром и слабосоленой семгой,MAYBE_REVIEW,69,breakfast,20-45 min,unknown,"бутерброды с сыром и; слабосоленой семгой. Хлеб; зерновой; гр. Сыр легкий; гр, семга слабосоленая (если; упаковка","бутерброды с сыром и
слабосоленой семгой. Хлеб
зерновой (3 средних ломтика) -
110 гр. Сыр легкий (15-20%) - 50
гр, семга слабосоленая (если
упаковка 100гр, пол упаковки) -
50гр","Делаем бутерброды с
хлебом сыром и семгой.","КБЖУ завтрак
475
38
24
24",[InfoVolna.com] Рекомендованный план питания 2300-2400 вариант 4.pdf,"possible duplicate; compare with existing: Бутерброд с сыром и ветчиной; positive: clear cooking steps, usable quantities",,medium,Бутерброд с сыром и ветчиной,good,good,compare with similar existing recipe; choose one best source variant before any import,InfoVolna meal-plan row; check it works as a standalone recipe; duplicate similarity score 0.706; same source title appears 11 times in this workbook,
Все рецепты!R483 | InfoVolna | page/file [InfoVolna.com] Рекомендованный план питания 2500 вариант 4.pdf | variant 4 завтрак,бутерброды с сыром и слабосоленой семгой,MAYBE_REVIEW,69,breakfast,20-45 min,unknown,"бутерброды с сыром и; слабосоленой семгой. Хлеб; зерновой; гр. Сыр легкий; гр, семга слабосоленая (если; упаковка","бутерброды с сыром и
слабосоленой семгой. Хлеб
зерновой (3 средних ломтика) -
110 гр. Сыр легкий (15-20%) - 50
гр, семга слабосоленая (если
упаковка 100гр, пол упаковки) -
50гр","Делаем бутерброды с
хлебом сыром и семгой.","КБЖУ завтрак
475
38
24
24",[InfoVolna.com] Рекомендованный план питания 2500 вариант 4.pdf,"possible duplicate; compare with existing: Бутерброд с сыром и ветчиной; positive: clear cooking steps, usable quantities",,medium,Бутерброд с сыром и ветчиной,good,good,compare with similar existing recipe; choose one best source variant before any import,InfoVolna meal-plan row; check it works as a standalone recipe; duplicate similarity score 0.706; same source title appears 11 times in this workbook,
Все рецепты!R523 | InfoVolna | page/file [InfoVolna.com] Рекомендованный план питания 2800 вариант 1.pdf | variant 1 завтрак,бутерброды с сыром и слабосоленой семгой,MAYBE_REVIEW,69,breakfast,20-45 min,unknown,"бутерброды с сыром и; слабосоленой семгой. Хлеб; зерновой; гр. Сыр легкий; гр, семга слабосоленая (если; упаковка","бутерброды с сыром и
слабосоленой семгой. Хлеб
зерновой (3 средних ломтика) -
110 гр. Сыр легкий (15-20%) - 50
гр, семга слабосоленая (если
упаковка 100гр, пол упаковки) -
50гр","Делаем бутерброды с
хлебом сыром и семгой.","КБЖУ завтрак
475
38
24
24",[InfoVolna.com] Рекомендованный план питания 2800 вариант 1.pdf,"possible duplicate; compare with existing: Бутерброд с сыром и ветчиной; positive: clear cooking steps, usable quantities",,medium,Бутерброд с сыром и ветчиной,good,good,compare with similar existing recipe; choose one best source variant before any import,InfoVolna meal-plan row; check it works as a standalone recipe; duplicate similarity score 0.706; same source title appears 11 times in this workbook,
Все рецепты!R128 | InfoVolna | page/file [InfoVolna.com] Рекомендованый план питания 1300 вариант 3.pdf | variant 3 завтрак,Бутерброды с сыром и яйцом,MAYBE_REVIEW,69,breakfast,20-45 min,unknown,"Бутерброды с сыром и яйцом; Хлеб зерновой (; средний); шт. , сыр легкий","Бутерброды с сыром и яйцом.
Хлеб зерновой (1 ломтик
средний)- 40гр. Яйца отварные -
2 шт. , сыр легкий (15-20%) -
40гр., огурец - 1 шт","На хлеб кладем сыр, кушаем
с отварными яицами и
огурцом","КБЖУ завтрак
387
31
20
17",[InfoVolna.com] Рекомендованый план питания 1300 вариант 3.pdf,"possible duplicate; compare with existing: Бутерброд с сыром и ветчиной; positive: clear cooking steps, usable quantities",,medium,Бутерброд с сыром и ветчиной,good,good,compare with similar existing recipe; choose one best source variant before any import,InfoVolna meal-plan row; check it works as a standalone recipe; duplicate similarity score 0.778; same source title appears 9 times in this workbook,
Все рецепты!R228 | InfoVolna | page/file [InfoVolna.com] Рекомендованый план питания 1600 вариант 2.pdf | variant 2 завтрак,Бутерброды с сыром и яйцом,MAYBE_REVIEW,69,breakfast,20-45 min,unknown,"Бутерброды с сыром и яйцом; Хлеб зерновой (; средних); шт. , сыр легкий","Бутерброды с сыром и яйцом.
Хлеб зерновой (2 ломтика
средних)- 70гр. Яйца отварные -
2 шт. , сыр легкий (15-20%) -
40гр., огурец - 1 шт","На хлеб кладем сыр, кушаем
с отварными яицами и
огурцом","КБЖУ завтрак
464
34
22
30",[InfoVolna.com] Рекомендованый план питания 1600 вариант 2.pdf,"possible duplicate; compare with existing: Бутерброд с сыром и ветчиной; positive: clear cooking steps, usable quantities",,medium,Бутерброд с сыром и ветчиной,good,good,compare with similar existing recipe; choose one best source variant before any import,InfoVolna meal-plan row; check it works as a standalone recipe; duplicate similarity score 0.778; same source title appears 9 times in this workbook,
Все рецепты!R263 | InfoVolna | page/file [InfoVolna.com] Рекомендованый план питания 1700 вариант 2.pdf | variant 2 завтрак,Бутерброды с сыром и яйцом,MAYBE_REVIEW,69,breakfast,20-45 min,unknown,"Бутерброды с сыром и яйцом; Хлеб зерновой (; средних); шт. , сыр легкий","Бутерброды с сыром и яйцом.
Хлеб зерновой (2 ломтика
средних)- 70гр. Яйца отварные -
2 шт. , сыр легкий (15-20%) -
40гр., огурец - 1 шт","На хлеб кладем сыр, кушаем
с отварными яицами и
огурцом","КБЖУ завтрак
464
34
22
30",[InfoVolna.com] Рекомендованый план питания 1700 вариант 2.pdf,"possible duplicate; compare with existing: Бутерброд с сыром и ветчиной; positive: clear cooking steps, usable quantities",,medium,Бутерброд с сыром и ветчиной,good,good,compare with similar existing recipe; choose one best source variant before any import,InfoVolna meal-plan row; check it works as a standalone recipe; duplicate similarity score 0.778; same source title appears 9 times in this workbook,
Все рецепты!R343 | InfoVolna | page/file [InfoVolna.com] Рекомендованный план питания 1900 вариант 4.pdf | variant 4 завтрак,Бутерброды с сыром и яйцом,MAYBE_REVIEW,69,breakfast,20-45 min,unknown,"Бутерброды с сыром и яйцом; Хлеб зерновой (; средних); шт. , сыр легкий","Бутерброды с сыром и яйцом.
Хлеб зерновой (2 ломтика
средних)- 70гр. Яйца отварные -
2 шт. , сыр легкий (15-20%) -
40гр., огурец - 1 шт","На хлеб кладем сыр, кушаем
с отварными яицами и
огурцом","КБЖУ завтрак
464
34
22
30",[InfoVolna.com] Рекомендованный план питания 1900 вариант 4.pdf,"possible duplicate; compare with existing: Бутерброд с сыром и ветчиной; positive: clear cooking steps, usable quantities",,medium,Бутерброд с сыром и ветчиной,good,good,compare with similar existing recipe; choose one best source variant before any import,InfoVolna meal-plan row; check it works as a standalone recipe; duplicate similarity score 0.778; same source title appears 9 times in this workbook,
Все рецепты!R358 | InfoVolna | page/file [InfoVolna.com] Рекомендованный план питания 1900 вариант 7.pdf | variant 7 завтрак,Бутерброды с сыром и яйцом,MAYBE_REVIEW,69,breakfast,20-45 min,unknown,"Бутерброды с сыром и яйцом; Хлеб зерновой (; средних); шт. , сыр легкий","Бутерброды с сыром и яйцом.
Хлеб зерновой (2 ломтика
средних)- 70гр. Яйца отварные -
3 шт. , сыр легкий (15-20%) -
40гр., огурец - 1 шт","На хлеб кладем сыр, кушаем
с отварными яицами и
огурцом","КБЖУ завтрак
527
42
25
30",[InfoVolna.com] Рекомендованный план питания 1900 вариант 7.pdf,"possible duplicate; compare with existing: Бутерброд с сыром и ветчиной; positive: clear cooking steps, usable quantities",,medium,Бутерброд с сыром и ветчиной,good,good,compare with similar existing recipe; choose one best source variant before any import,InfoVolna meal-plan row; check it works as a standalone recipe; duplicate similarity score 0.778; same source title appears 9 times in this workbook,
Все рецепты!R393 | InfoVolna | page/file [InfoVolna.com] Рекомендованный план питания 2000 вариант 7.pdf | variant 7 завтрак,Бутерброды с сыром и яйцом,MAYBE_REVIEW,69,breakfast,20-45 min,unknown,"Бутерброды с сыром и яйцом; Хлеб зерновой (; средних); шт. , сыр легкий","Бутерброды с сыром и яйцом.
Хлеб зерновой (2 ломтика
средних)- 70гр. Яйца отварные -
3 шт. , сыр легкий (15-20%) -
40гр., огурец - 1 шт","На хлеб кладем сыр, кушаем
с отварными яицами и
огурцом","КБЖУ завтрак
527
42
25
30",[InfoVolna.com] Рекомендованный план питания 2000 вариант 7.pdf,"possible duplicate; compare with existing: Бутерброд с сыром и ветчиной; positive: clear cooking steps, usable quantities",,medium,Бутерброд с сыром и ветчиной,good,good,compare with similar existing recipe; choose one best source variant before any import,InfoVolna meal-plan row; check it works as a standalone recipe; duplicate similarity score 0.778; same source title appears 9 times in this workbook,
Все рецепты!R438 | InfoVolna | page/file [InfoVolna.com] Рекомендованный план питания 2300-2400 вариант 2.pdf | variant 2 завтрак,Бутерброды с сыром и яйцом,MAYBE_REVIEW,69,breakfast,20-45 min,unknown,"Бутерброды с сыром и яйцом; Хлеб зерновой (; средних); шт. , сыр легкий","Бутерброды с сыром и яйцом.
Хлеб зерновой (2 ломтика
средних)- 70гр. Яйца отварные -
3 шт. , сыр легкий (15-20%) -
40гр., огурец - 1 шт","На хлеб кладем сыр, кушаем
с отварными яицами и
огурцом","КБЖУ завтрак
527
42
25
30",[InfoVolna.com] Рекомендованный план питания 2300-2400 вариант 2.pdf,"possible duplicate; compare with existing: Бутерброд с сыром и ветчиной; positive: clear cooking steps, usable quantities",,medium,Бутерброд с сыром и ветчиной,good,good,compare with similar existing recipe; choose one best source variant before any import,InfoVolna meal-plan row; check it works as a standalone recipe; duplicate similarity score 0.778; same source title appears 9 times in this workbook,
Все рецепты!R473 | InfoVolna | page/file [InfoVolna.com] Рекомендованный план питания 2500 вариант 2.pdf | variant 2 завтрак,Бутерброды с сыром и яйцом,MAYBE_REVIEW,69,breakfast,20-45 min,unknown,"Бутерброды с сыром и яйцом; Хлеб зерновой (; средних); шт. , сыр легкий","Бутерброды с сыром и яйцом.
Хлеб зерновой (2 ломтика
средних)- 70гр. Яйца отварные -
3 шт. , сыр легкий (15-20%) -
40гр., огурец - 1 шт","На хлеб кладем сыр, кушаем
с отварными яицами и
огурцом","КБЖУ завтрак
527
42
25
30",[InfoVolna.com] Рекомендованный план питания 2500 вариант 2.pdf,"possible duplicate; compare with existing: Бутерброд с сыром и ветчиной; positive: clear cooking steps, usable quantities",,medium,Бутерброд с сыром и ветчиной,good,good,compare with similar existing recipe; choose one best source variant before any import,InfoVolna meal-plan row; check it works as a standalone recipe; duplicate similarity score 0.778; same source title appears 9 times in this workbook,
Все рецепты!R513 | InfoVolna | page/file [InfoVolna.com] Рекомендованный план питания 2700-3000 вариант 2.pdf | variant 2 завтрак,Бутерброды с сыром и яйцом,MAYBE_REVIEW,69,breakfast,20-45 min,unknown,"Бутерброды с сыром и яйцом; Хлеб зерновой (; средних); шт. , сыр легкий","Бутерброды с сыром и яйцом.
Хлеб зерновой (2 ломтика
средних)- 70гр. Яйца отварные -
3 шт. , сыр легкий (15-20%) -
40гр., огурец - 1 шт","На хлеб кладем сыр, кушаем
с отварными яицами и
огурцом","КБЖУ завтрак
527
42
25
30",[InfoVolna.com] Рекомендованный план питания 2700-3000 вариант 2.pdf,"possible duplicate; compare with existing: Бутерброд с сыром и ветчиной; positive: clear cooking steps, usable quantities",,medium,Бутерброд с сыром и ветчиной,good,good,compare with similar existing recipe; choose one best source variant before any import,InfoVolna meal-plan row; check it works as a standalone recipe; duplicate similarity score 0.778; same source title appears 9 times in this workbook,
Все рецепты!R155 | InfoVolna | page/file [InfoVolna.com] Рекомендованый план питания 1350-1400 вариант 1.pdf | variant 1 обед,Гечка по купечески,MAYBE_REVIEW,69,lunch,15-30 min,easy,Гечка по купечески. Куриное; филе; Гречка; Морковь; Лук; Перец красный сладкий,"Гечка по купечески. Куриное
филе -100 г
Гречка -70 г
Морковь - 1 шт
Лук - 1 шт
Перец красный сладкий - 1 шт
Помидор - 1 шт
Соль, перец - по вкусу.","Мясо порезать некрупными
кусочками и обжарить без
масла. Лук и морковь мелко
нарезать (морковь можно
натереть), добавить к мясу.
Сладкий красный перец тоже
мелко порезать и добавить в
сотейник. Гречку, выложить к
мясу. Добавить помидор, также
мелко порезанный, соль, перец,
можно немного чеснока
(свежего или сушеного). Залить
содержимое сотейника водой,
чтобы все полностью покрыло,
перемешать, накрыть крышкой
и оставить на небольшом огне
на 20-25 минут. Жидкость
должна почти вся впитаться, но
гречка остается сочной.","КБЖУ обед
329
32
4
43",[InfoVolna.com] Рекомендованый план питания 1350-1400 вариант 1.pdf,"possible duplicate; compare with existing: Гречка по-купечески с фаршем; positive: clear cooking steps, usable quantities",,medium,Гречка по-купечески с фаршем,good,good,compare with similar existing recipe; choose one best source variant before any import,InfoVolna meal-plan row; check it works as a standalone recipe; duplicate similarity score 0.783; same source title appears 9 times in this workbook,
Все рецепты!R195 | InfoVolna | page/file [InfoVolna.com] Рекомендованный план питания 1500 вариант 2.pdf | variant 2 обед,Гечка по купечески,MAYBE_REVIEW,69,lunch,15-30 min,easy,Гечка по купечески. Куриное; филе; Гречка; Морковь; Лук; Перец красный сладкий,"Гечка по купечески. Куриное
филе -150 г
Гречка -70 г
Морковь - 1 шт
Лук - 1 шт Оливковое масло 10гр
Перец красный сладкий - 1 шт
Помидор - 1 шт
Соль, перец - по вкусу.","Мясо порезать некрупными
кусочками и обжарить с
оливковым маслом. Лук и
морковь мелко нарезать
(морковь можно натереть),
добавить к мясу. Сладкий
красный перец тоже мелко
порезать и добавить в сотейник.
Гречку, выложить к мясу.
Добавить помидор, также мелко
порезанный, соль, перец, можно
немного чеснока (свежего или
сушеного). Залить содержимое
сотейника водой, чтобы все
полностью покрыло,
перемешать, накрыть крышкой и
оставить на небольшом огне на
20-25 минут. Жидкость должна
почти вся впитаться, но гречка
остается сочной.","КБЖУ обед
478
44
15
44",[InfoVolna.com] Рекомендованный план питания 1500 вариант 2.pdf,"possible duplicate; compare with existing: Гречка по-купечески с фаршем; positive: clear cooking steps, usable quantities",,medium,Гречка по-купечески с фаршем,good,good,compare with similar existing recipe; choose one best source variant before any import,InfoVolna meal-plan row; check it works as a standalone recipe; duplicate similarity score 0.783; same source title appears 9 times in this workbook,
Все рецепты!R245 | InfoVolna | page/file [InfoVolna.com] Рекомендованый план питания 1600 вариант 5.pdf | variant 5 обед,Гечка по купечески,MAYBE_REVIEW,69,lunch,15-30 min,easy,Гечка по купечески. Куриное; филе; Гречка; Морковь; Лук; Перец красный сладкий,"Гечка по купечески. Куриное
филе -200 г
Гречка - 70 г
Морковь - 1 шт
Лук - 1 шт
Перец красный сладкий - 1 шт
Помидор - 1 шт
Соль, перец - по вкусу.","Мясо порезать некрупными
кусочками и обжарить без
масла. Лук и морковь мелко
нарезать (морковь можно
натереть), добавить к мясу.
Сладкий красный перец тоже
мелко порезать и добавить в
сотейник. Гречку, выложить к
мясу. Добавить помидор, также
мелко порезанный, соль, перец,
можно немного чеснока
(свежего или сушеного). Залить
содержимое сотейника водой,
чтобы все полностью покрыло,
перемешать, накрыть крышкой и
оставить на небольшом огне на
20-25 минут. Жидкость должна
почти вся впитаться, но гречка
остается сочной.","КБЖУ обед
445
56
6
44",[InfoVolna.com] Рекомендованый план питания 1600 вариант 5.pdf,"possible duplicate; compare with existing: Гречка по-купечески с фаршем; positive: clear cooking steps, usable quantities",,medium,Гречка по-купечески с фаршем,good,good,compare with similar existing recipe; choose one best source variant before any import,InfoVolna meal-plan row; check it works as a standalone recipe; duplicate similarity score 0.783; same source title appears 9 times in this workbook,
Все рецепты!R255 | InfoVolna | page/file [InfoVolna.com] Рекомендованый план питания 1650 вариант 7.pdf | variant 7 обед,Гечка по купечески,MAYBE_REVIEW,69,lunch,15-30 min,easy,Гечка по купечески. Куриное; филе; Гречка; Морковь; Лук; Перец красный сладкий,"Гечка по купечески. Куриное
филе -100 г
Гречка - 70 г
Морковь - 1 шт
Лук - 1 шт
Перец красный сладкий - 1 шт
Помидор - 1 шт
Соль, перец - по вкусу.","Мясо порезать некрупными
кусочками и обжарить без
масла. Лук и морковь мелко
нарезать (морковь можно
натереть), добавить к мясу.
Сладкий красный перец тоже
мелко порезать и добавить в
сотейник. Гречку, выложить к
мясу. Добавить помидор, также
мелко порезанный, соль, перец,
можно немного чеснока
(свежего или сушеного). Залить
содержимое сотейника водой,
чтобы все полностью покрыло,
перемешать, накрыть крышкой
и оставить на небольшом огне
на 20-25 минут. Жидкость
должна почти вся впитаться, но
гречка остается сочной.","КБЖУ обед
332
32
4
44",[InfoVolna.com] Рекомендованый план питания 1650 вариант 7.pdf,"possible duplicate; compare with existing: Гречка по-купечески с фаршем; positive: clear cooking steps, usable quantities",,medium,Гречка по-купечески с фаршем,good,good,compare with similar existing recipe; choose one best source variant before any import,InfoVolna meal-plan row; check it works as a standalone recipe; duplicate similarity score 0.783; same source title appears 9 times in this workbook,
Все рецепты!R280 | InfoVolna | page/file [InfoVolna.com] Рекомендованый план питания 1700 вариант 5.pdf | variant 5 обед,Гечка по купечески,MAYBE_REVIEW,69,lunch,15-30 min,easy,Гечка по купечески. Куриное; филе; Гречка; Морковь; Лук; Перец красный сладкий,"Гечка по купечески. Куриное
филе -200 г
Гречка - 70 г
Морковь - 1 шт
Лук - 1 шт
Перец красный сладкий - 1 шт
Помидор - 1 шт
Соль, перец - по вкусу.","Мясо порезать некрупными
кусочками и обжарить без
масла. Лук и морковь мелко
нарезать (морковь можно
натереть), добавить к мясу.
Сладкий красный перец тоже
мелко порезать и добавить в
сотейник. Гречку, выложить к
мясу. Добавить помидор, также
мелко порезанный, соль, перец,
можно немного чеснока
(свежего или сушеного). Залить
содержимое сотейника водой,
чтобы все полностью покрыло,
перемешать, накрыть крышкой и
оставить на небольшом огне на
20-25 минут. Жидкость должна
почти вся впитаться, но гречка
остается сочной.","КБЖУ обед
445
56
6
44",[InfoVolna.com] Рекомендованый план питания 1700 вариант 5.pdf,"possible duplicate; compare with existing: Гречка по-купечески с фаршем; positive: clear cooking steps, usable quantities",,medium,Гречка по-купечески с фаршем,good,good,compare with similar existing recipe; choose one best source variant before any import,InfoVolna meal-plan row; check it works as a standalone recipe; duplicate similarity score 0.783; same source title appears 9 times in this workbook,
Все рецепты!R420 | InfoVolna | page/file [InfoVolna.com] Рекомендованный план питания 2100-2200 вариант 5.pdf | variant 5 обед,Гечка по купечески,MAYBE_REVIEW,69,lunch,15-30 min,easy,Гечка по купечески. Куриное; филе; Гречка; Морковь; Лук; Перец красный сладкий,"Гечка по купечески. Куриное
филе - 450 г
Гречка - 150 г
Морковь - 1 шт
Лук - 1 шт
Перец красный сладкий - 1 шт
Помидор - 1 шт
Соль, перец - по вкусу. ЗДЕСЬ
ПОРЦИЮ УКАЗАН НИЖЕ.
Ингредиенты делим пополам","Мясо порезать некрупными
кусочками и обжарить без
масла. Лук и морковь мелко
нарезать (морковь можно
натереть), добавить к мясу.
Сладкий красный перец тоже
мелко порезать и добавить в
сотейник. Гречку, выложить к
мясу. Добавить помидор, также
мелко порезанный, соль, перец,
можно немного чеснока
(свежего или сушеного). Залить
содержимое сотейника водой,
чтобы все полностью покрыло,
перемешать, накрыть крышкой и
оставить на небольшом огне на
20-25 минут. Жидкость должна
почти вся впитаться, но гречка
остается сочной.","КБЖУ обед
504
63
6
50",[InfoVolna.com] Рекомендованный план питания 2100-2200 вариант 5.pdf,"possible duplicate; compare with existing: Гречка по-купечески с фаршем; positive: clear cooking steps, usable quantities",,medium,Гречка по-купечески с фаршем,good,good,compare with similar existing recipe; choose one best source variant before any import,InfoVolna meal-plan row; check it works as a standalone recipe; duplicate similarity score 0.783; same source title appears 9 times in this workbook,
Все рецепты!R455 | InfoVolna | page/file [InfoVolna.com] Рекомендованный план питания 2300-2400 вариант 5.pdf | variant 5 обед,Гечка по купечески,MAYBE_REVIEW,69,lunch,15-30 min,easy,Гечка по купечески. Куриное; филе; Гречка; Морковь; Лук; Перец красный сладкий,"Гечка по купечески. Куриное
филе - 500 г
Гречка - 160 г
Морковь - 1 шт
Лук - 1 шт
Перец красный сладкий - 1 шт
Помидор - 1 шт
Соль, перец - по вкусу. ЗДЕСЬ
ПОРЦИЮ УКАЗАН НИЖЕ.
Ингредиенты делим пополам","Мясо порезать некрупными
кусочками и обжарить без
масла. Лук и морковь мелко
нарезать (морковь можно
натереть), добавить к мясу.
Сладкий красный перец тоже
мелко порезать и добавить в
сотейник. Гречку, выложить к
мясу. Добавить помидор, также
мелко порезанный, соль, перец,
можно немного чеснока
(свежего или сушеного). Залить
содержимое сотейника водой,
чтобы все полностью покрыло,
перемешать, накрыть крышкой
и оставить на небольшом огне
на 20-25 минут. Жидкость
должна почти вся впитаться, но
гречка остается сочной.","КБЖУ обед
532
69
7
50",[InfoVolna.com] Рекомендованный план питания 2300-2400 вариант 5.pdf,"possible duplicate; compare with existing: Гречка по-купечески с фаршем; positive: clear cooking steps, usable quantities",,medium,Гречка по-купечески с фаршем,good,good,compare with similar existing recipe; choose one best source variant before any import,InfoVolna meal-plan row; check it works as a standalone recipe; duplicate similarity score 0.783; same source title appears 9 times in this workbook,
Все рецепты!R490 | InfoVolna | page/file [InfoVolna.com] Рекомендованный план питания 2500 вариант 5.pdf | variant 5 обед,Гечка по купечески,MAYBE_REVIEW,69,lunch,15-30 min,easy,Гечка по купечески. Куриное; филе; Гречка; Морковь; Лук; Перец красный сладкий,"Гечка по купечески. Куриное
филе - 500 г
Гречка - 160 г
Морковь - 1 шт
Лук - 1 шт
Перец красный сладкий - 1 шт
Помидор - 1 шт
Соль, перец - по вкусу. ЗДЕСЬ
ПОРЦИЮ УКАЗАН НИЖЕ.
Ингредиенты делим пополам","Мясо порезать некрупными
кусочками и обжарить без
масла. Лук и морковь мелко
нарезать (морковь можно
натереть), добавить к мясу.
Сладкий красный перец тоже
мелко порезать и добавить в
сотейник. Гречку, выложить к
мясу. Добавить помидор, также
мелко порезанный, соль, перец,
можно немного чеснока
(свежего или сушеного). Залить
содержимое сотейника водой,
чтобы все полностью покрыло,
перемешать, накрыть крышкой
и оставить на небольшом огне
на 20-25 минут. Жидкость
должна почти вся впитаться, но
гречка остается сочной.","КБЖУ обед
532
69
7
50",[InfoVolna.com] Рекомендованный план питания 2500 вариант 5.pdf,"possible duplicate; compare with existing: Гречка по-купечески с фаршем; positive: clear cooking steps, usable quantities",,medium,Гречка по-купечески с фаршем,good,good,compare with similar existing recipe; choose one best source variant before any import,InfoVolna meal-plan row; check it works as a standalone recipe; duplicate similarity score 0.783; same source title appears 9 times in this workbook,
Все рецепты!R530 | InfoVolna | page/file [InfoVolna.com] Рекомендованный план питания 2800 вариант 2.pdf | variant 2 обед,Гечка по купечески,MAYBE_REVIEW,69,lunch,15-30 min,easy,Гечка по купечески. Куриное; филе бедра; Гречка; Морковь; Лук; Перец красный сладкий,"Гечка по купечески. Куриное
филе бедра - 500 г
Гречка - 180 г
Морковь - 1 шт
Лук - 1 шт
Перец красный сладкий - 1 шт
Помидор - 1 шт
Соль, перец - по вкусу. ЗДЕСЬ
ПОРЦИЮ УКАЗАН НИЖЕ.
Ингредиенты делим пополам","Мясо порезать некрупными
кусочками и обжарить без
масла. Лук и морковь мелко
нарезать (морковь можно
натереть), добавить к мясу.
Сладкий красный перец тоже
мелко порезать и добавить в
сотейник. Гречку, выложить к
мясу. Добавить помидор, также
мелко порезанный, соль, перец,
можно немного чеснока
(свежего или сушеного). Залить
содержимое сотейника водой,
чтобы все полностью покрыло,
перемешать, накрыть крышкой
и оставить на небольшом огне
на 20-25 минут. Жидкость
должна почти вся впитаться, но
гречка остается сочной.","КБЖУ обед
656
51
25
55",[InfoVolna.com] Рекомендованный план питания 2800 вариант 2.pdf,"possible duplicate; compare with existing: Гречка по-купечески с фаршем; positive: clear cooking steps, usable quantities",,medium,Гречка по-купечески с фаршем,good,good,compare with similar existing recipe; choose one best source variant before any import,InfoVolna meal-plan row; check it works as a standalone recipe; duplicate similarity score 0.783; same source title appears 9 times in this workbook,
Все рецепты!R175 | InfoVolna | page/file [InfoVolna.com] Рекомендованый план питания 1350-1400 вариант 5.pdf | variant 5 обед,грудка запеченая с сыром и помидором,MAYBE_REVIEW,69,lunch,15-30 min,unknown,"грудка запеченая с сыром и; помидором. Половина грудки; куриной , сыр твердый; соль перец","грудка запеченая с сыром и
помидором. Половина грудки
куриной (220гр), сыр твердый
50гр, Масло оливковое 10гр,
соль перец по вкусу","Сделайте на каждой
половинке куриной грудки
глубокие поперечные
надрезы. Посолите и
поперчите филе со всех
сторон.
Сыр и помидор нарежьте
тонкими ломтиками.
Выложите грудки в форму
для запекания, в каждый
надрез вложите ломтик сыра
и помидора. Сбрызните
куриное филе с помидорами
и сыром оливковым маслом,
еще чуть посолите и
поперчите.
Разогрейте духовку до 180
градусов и запекайте
куриное филе с помидорами
и сыром 20-25 минут под
грилем.","КБЖУ обед
523
67
26
5",[InfoVolna.com] Рекомендованый план питания 1350-1400 вариант 5.pdf,"possible duplicate; compare with existing: Лаваш с сыром и помидором; positive: clear cooking steps, usable quantities",,medium,Лаваш с сыром и помидором,good,good,compare with similar existing recipe; choose one best source variant before any import,InfoVolna meal-plan row; check it works as a standalone recipe; duplicate similarity score 0.721; same source title appears 3 times in this workbook,
Все рецепты!R347 | InfoVolna | page/file [InfoVolna.com] Рекомендованный план питания 1900 вариант 4.pdf | variant 4 ужин,грудка запеченая с сыром и помидором,MAYBE_REVIEW,69,dinner,15-30 min,unknown,"грудка запеченая с сыром и; помидором. Половина грудки; куриной , сыр твердый; бурый","грудка запеченая с сыром и
помидором. Половина грудки
куриной (220гр), сыр твердый
50гр,соль перец по вкусу. Рис
бурый 60гр","Сделайте на каждой
половинке куриной грудки
глубокие поперечные
надрезы. Посолите и
поперчите филе со всех
сторон.
Сыр и помидор нарежьте
тонкими ломтиками.
Выложите грудки в форму
для запекания, в каждый
надрез вложите ломтик сыра
и помидора.
Разогрейте духовку до 180
градусов и запекайте
куриное филе с помидорами
и сыром 20-25 минут под
грилем.","КБЖУ ужин
575
71
9
47
общее КБЖУ
1886
183
51
158",[InfoVolna.com] Рекомендованный план питания 1900 вариант 4.pdf,"possible duplicate; compare with existing: Лаваш с сыром и помидором; positive: clear cooking steps, usable quantities",,medium,Лаваш с сыром и помидором,good,good,compare with similar existing recipe; choose one best source variant before any import,InfoVolna meal-plan row; check it works as a standalone recipe; duplicate similarity score 0.721; same source title appears 3 times in this workbook,
Все рецепты!R422 | InfoVolna | page/file [InfoVolna.com] Рекомендованный план питания 2100-2200 вариант 5.pdf | variant 5 ужин,грудка запеченая с сыром и помидором,MAYBE_REVIEW,69,dinner,15-30 min,unknown,"грудка запеченая с сыром и; помидором. Половина грудки; куриной , сыр твердый; соль перец","грудка запеченая с сыром и
помидором. Половина грудки
куриной (220гр), сыр твердый
50гр, Масло оливковое 10гр,
соль перец по вкусу","Сделайте на каждой
половинке куриной грудки
глубокие поперечные
надрезы. Посолите и
поперчите филе со всех
сторон.
Сыр и помидор нарежьте
тонкими ломтиками.
Выложите грудки в форму
для запекания, в каждый
надрез вложите ломтик сыра
и помидора. Сбрызните
куриное филе с помидорами
и сыром оливковым маслом,
еще чуть посолите и
поперчите.
Разогрейте духовку до 180
градусов и запекайте
куриное филе с помидорами
и сыром 20-25 минут под
грилем.","КБЖУ ужин
523
67
26
5
общее КБЖУ
2171
213
85
134",[InfoVolna.com] Рекомендованный план питания 2100-2200 вариант 5.pdf,"possible duplicate; compare with existing: Лаваш с сыром и помидором; positive: clear cooking steps, usable quantities",,medium,Лаваш с сыром и помидором,good,good,compare with similar existing recipe; choose one best source variant before any import,InfoVolna meal-plan row; check it works as a standalone recipe; duplicate similarity score 0.721; same source title appears 3 times in this workbook,
Все рецепты!R225 | InfoVolna | page/file [InfoVolna.com] Рекомендованый план питания 1600 вариант 1.pdf | variant 1 обед,Грудка куриная с рисом и овощной нарезкой,MAYBE_REVIEW,69,lunch,20-45 min,unknown,Грудка куриная с рисом и; овощной нарезкой. филе; куриной грудки; шт,"Грудка куриная с рисом и
овощной нарезкой. филе
куриной грудки (в сыром виде) -
150гр. Рис белый (в сухом виде) -
50гр. Огурец -1 шт, помидор - 1
шт","куриную грудку жарим без
масла на антипригарной
сковородке, либо запекаем.
Рис варим, овощи нарезаем","КБЖУ обед
341
39
3
40",[InfoVolna.com] Рекомендованый план питания 1600 вариант 1.pdf,"possible duplicate; compare with existing: Курица с рисом и овощами на сковороде; positive: clear cooking steps, usable quantities",,medium,Курица с рисом и овощами на сковороде,good,good,compare with similar existing recipe; choose one best source variant before any import,InfoVolna meal-plan row; check it works as a standalone recipe; duplicate similarity score 0.641; same source title appears 8 times in this workbook,
Все рецепты!R260 | InfoVolna | page/file [InfoVolna.com] Рекомендованый план питания 1700 вариант 1.pdf | variant 1 обед,Грудка куриная с рисом и овощной нарезкой,MAYBE_REVIEW,69,lunch,20-45 min,unknown,Грудка куриная с рисом и; овощной нарезкой. филе; куриной грудки; шт,"Грудка куриная с рисом и
овощной нарезкой. филе
куриной грудки (в сыром виде) -
150гр. Рис белый (в сухом виде) -
50гр. Огурец -1 шт, помидор - 1
шт","куриную грудку жарим без
масла на антипригарной
сковородке, либо запекаем.
Рис варим, овощи нарезаем","КБЖУ обед
341
39
3
40",[InfoVolna.com] Рекомендованый план питания 1700 вариант 1.pdf,"possible duplicate; compare with existing: Курица с рисом и овощами на сковороде; positive: clear cooking steps, usable quantities",,medium,Курица с рисом и овощами на сковороде,good,good,compare with similar existing recipe; choose one best source variant before any import,InfoVolna meal-plan row; check it works as a standalone recipe; duplicate similarity score 0.641; same source title appears 8 times in this workbook,
Все рецепты!R330 | InfoVolna | page/file [InfoVolna.com] Рекомендованный план питания 1900 вариант 1.pdf | variant 1 обед,Грудка куриная с рисом и овощной нарезкой,MAYBE_REVIEW,69,lunch,20-45 min,unknown,Грудка куриная с рисом и; овощной нарезкой. филе; куриной грудки; шт,"Грудка куриная с рисом и
овощной нарезкой. филе
куриной грудки (в сыром виде) -
200гр. Рис белый (в сухом виде) -
70гр. Огурец -1 шт, помидор - 1
шт","куриную грудку жарим без
масла на антипригарной
сковородке, либо запекаем.
Рис варим, овощи нарезаем","КБЖУ обед
515
62
3
55",[InfoVolna.com] Рекомендованный план питания 1900 вариант 1.pdf,"possible duplicate; compare with existing: Курица с рисом и овощами на сковороде; positive: clear cooking steps, usable quantities",,medium,Курица с рисом и овощами на сковороде,good,good,compare with similar existing recipe; choose one best source variant before any import,InfoVolna meal-plan row; check it works as a standalone recipe; duplicate similarity score 0.641; same source title appears 8 times in this workbook,
Все рецепты!R365 | InfoVolna | page/file [InfoVolna.com] Рекомендованный план питания 2000 вариант 1.pdf | variant 1 обед,Грудка куриная с рисом и овощной нарезкой,MAYBE_REVIEW,69,lunch,30-60 min,medium,"Грудка куриная с рисом и; овощной нарезкой. филе; куриной грудки; шт, суп в столовой не жирный; куриный например или харчо","Грудка куриная с рисом и
овощной нарезкой. филе
куриной грудки (в сыром виде, )
-200гр. Рис белый (в сухом виде)
- 70гр. Огурец -1 шт, помидор - 1
шт, суп в столовой не жирный,
куриный например или харчо,
(300мл)","куриную грудку жарим без
масла на антипригарной
сковородке, либо запекаем.
Рис варим, овощи нарезаем","КБЖУ обед
640
60
15
64",[InfoVolna.com] Рекомендованный план питания 2000 вариант 1.pdf,"possible duplicate; compare with existing: Курица с рисом и овощами на сковороде; positive: clear cooking steps, usable quantities",,medium,Курица с рисом и овощами на сковороде,good,good,compare with similar existing recipe; choose one best source variant before any import,InfoVolna meal-plan row; check it works as a standalone recipe; duplicate similarity score 0.641; same source title appears 8 times in this workbook,
Все рецепты!R400 | InfoVolna | page/file [InfoVolna.com] Рекомендованный план питания 2100-2200 вариант 1.pdf | variant 1 обед,Грудка куриная с рисом и овощной нарезкой,MAYBE_REVIEW,69,lunch,20-45 min,unknown,Грудка куриная с рисом и; овощной нарезкой. филе; куриной грудки (; четверь лотка; белый; Огурец,"Грудка куриная с рисом и
овощной нарезкой. филе
куриной грудки (в сыром виде,
четверь лотка 1 кг) -250гр. Рис
белый (в сухом виде) - 70гр.
Огурец -1 шт, помидор - 1 шт","куриную грудку жарим без
масла на антипригарной
сковородке, либо запекаем.
Рис варим, овощи нарезаем","КБЖУ обед
523
63
5
56",[InfoVolna.com] Рекомендованный план питания 2100-2200 вариант 1.pdf,"possible duplicate; compare with existing: Курица с рисом и овощами на сковороде; positive: clear cooking steps, usable quantities",,medium,Курица с рисом и овощами на сковороде,good,good,compare with similar existing recipe; choose one best source variant before any import,InfoVolna meal-plan row; check it works as a standalone recipe; duplicate similarity score 0.641; same source title appears 8 times in this workbook,
Все рецепты!R435 | InfoVolna | page/file [InfoVolna.com] Рекомендованный план питания 2300-2400 вариант 1.pdf | variant 1 обед,Грудка куриная с рисом и овощной нарезкой,MAYBE_REVIEW,69,lunch,20-45 min,unknown,Грудка куриная с рисом и; овощной нарезкой. филе; куриной грудки (; четверь лотка; белый; Огурец,"Грудка куриная с рисом и
овощной нарезкой. филе
куриной грудки (в сыром виде,
четверь лотка 1 кг) -250гр. Рис
белый (в сухом виде) - 80гр.
Огурец -1 шт, помидор - 1 шт","куриную грудку жарим без
масла на антипригарной
сковородке, либо запекаем.
Рис варим, овощи нарезаем","КБЖУ обед
558
64
5
64",[InfoVolna.com] Рекомендованный план питания 2300-2400 вариант 1.pdf,"possible duplicate; compare with existing: Курица с рисом и овощами на сковороде; positive: clear cooking steps, usable quantities",,medium,Курица с рисом и овощами на сковороде,good,good,compare with similar existing recipe; choose one best source variant before any import,InfoVolna meal-plan row; check it works as a standalone recipe; duplicate similarity score 0.641; same source title appears 8 times in this workbook,
Все рецепты!R470 | InfoVolna | page/file [InfoVolna.com] Рекомендованный план питания 2500 вариант 1.pdf | variant 1 обед,Грудка куриная с рисом и овощной нарезкой,MAYBE_REVIEW,69,lunch,20-45 min,unknown,Грудка куриная с рисом и; овощной нарезкой. филе; куриной грудки (; четверь лотка; белый; Огурец,"Грудка куриная с рисом и
овощной нарезкой. филе
куриной грудки (в сыром виде,
четверь лотка 1 кг) -250гр. Рис
белый (в сухом виде) - 80гр.
Огурец -1 шт, помидор - 1 шт","куриную грудку жарим без
масла на антипригарной
сковородке, либо запекаем.
Рис варим, овощи нарезаем","КБЖУ обед
558
64
5
64",[InfoVolna.com] Рекомендованный план питания 2500 вариант 1.pdf,"possible duplicate; compare with existing: Курица с рисом и овощами на сковороде; positive: clear cooking steps, usable quantities",,medium,Курица с рисом и овощами на сковороде,good,good,compare with similar existing recipe; choose one best source variant before any import,InfoVolna meal-plan row; check it works as a standalone recipe; duplicate similarity score 0.641; same source title appears 8 times in this workbook,
Все рецепты!R510 | InfoVolna | page/file [InfoVolna.com] Рекомендованный план питания 2700-3000 вариант 1.pdf | variant 1 обед,Грудка куриная с рисом и овощной нарезкой,MAYBE_REVIEW,69,lunch,20-45 min,unknown,Грудка куриная с рисом и; овощной нарезкой. филе; куриной грудки (; четверь лотка; белый; Огурец,"Грудка куриная с рисом и
овощной нарезкой. филе
куриной грудки (в сыром виде,
четверь лотка 1 кг) -250гр. Рис
белый (в сухом виде) - 80гр.
Огурец -1 шт, помидор - 1 шт","куриную грудку жарим без
масла на антипригарной
сковородке, либо запекаем.
Рис варим, овощи нарезаем","КБЖУ обед
558
64
5
64",[InfoVolna.com] Рекомендованный план питания 2700-3000 вариант 1.pdf,"possible duplicate; compare with existing: Курица с рисом и овощами на сковороде; positive: clear cooking steps, usable quantities",,medium,Курица с рисом и овощами на сковороде,good,good,compare with similar existing recipe; choose one best source variant before any import,InfoVolna meal-plan row; check it works as a standalone recipe; duplicate similarity score 0.641; same source title appears 8 times in this workbook,
Все рецепты!R150 | InfoVolna | page/file [InfoVolna.com] Рекомендованый план питания 1300 вариант 7.pdf | variant 7 обед,Запеченный минтай с лимоном и рисом,MAYBE_REVIEW,69,lunch,90+ min,hard,Запеченный минтай с лимоном; и рисом. Филе минтая; Лимон; Специи для рыбы; Рис белый,"Запеченный минтай с лимоном
и рисом. Филе минтая — 150 г
Лимон — 1 шт.
Соль — по вкусу
Перец — по вкусу
Специи для рыбы — 1-2 ч. л.
Рис белый - 50гр",".
 Филе минтая промокните
бумажным полотенцем. Оно
должно быть сухое.
 Приготовьте два больших листа
фольги, каждый лист согните
напополам.
 Филе выложите в центр фольги.
Посыпьте рыбу специями,
солью, перцем.
 Лимон нарежьте кружочками и
положите сверху.
Заверните плотно фольгу. Шов
должен быть сверху.
 Филе минтая в фольге выложите
на противень.
 Запекайте рыбу в разогретой до
200 градусов духовке в течение
20 минут.
 Готовый минтай в духовке будет
мягким и сочным.","КБЖУ обед
280
27
2
39",[InfoVolna.com] Рекомендованый план питания 1300 вариант 7.pdf,"hard/restaurant-style execution; possible duplicate; compare with existing: Запеченный минтай с овощами; positive: clear cooking steps, usable quantities",,medium,Запеченный минтай с овощами,good,good,compare with similar existing recipe; choose one best source variant before any import,InfoVolna meal-plan row; check it works as a standalone recipe; duplicate similarity score 0.677; same source title appears 9 times in this workbook,
Все рецепты!R180 | InfoVolna | page/file [InfoVolna.com] Рекомендованый план питания 1350-1400 вариант 6.pdf | variant 6 обед,Запеченный минтай с лимоном и рисом,MAYBE_REVIEW,69,lunch,90+ min,hard,Запеченный минтай с лимоном; и рисом. Филе минтая; Лимон; Специи для рыбы; Рис белый,"Запеченный минтай с лимоном
и рисом. Филе минтая — 150 г
Лимон — 1 шт.
Соль — по вкусу
Перец — по вкусу
Специи для рыбы — 1-2 ч. л.
Рис белый - 50гр",".
 Филе минтая промокните
бумажным полотенцем. Оно
должно быть сухое.
 Приготовьте два больших листа
фольги, каждый лист согните
напополам.
 Филе выложите в центр фольги.
Посыпьте рыбу специями,
солью, перцем.
 Лимон нарежьте кружочками и
положите сверху.
Заверните плотно фольгу. Шов
должен быть сверху.
 Филе минтая в фольге
выложите на противень.
 Запекайте рыбу в разогретой до
200 градусов духовке в течение
20 минут.
 Готовый минтай в духовке
будет мягким и сочным.","КБЖУ обед
280
27
2
39",[InfoVolna.com] Рекомендованый план питания 1350-1400 вариант 6.pdf,"hard/restaurant-style execution; possible duplicate; compare with existing: Запеченный минтай с овощами; positive: clear cooking steps, usable quantities",,medium,Запеченный минтай с овощами,good,good,compare with similar existing recipe; choose one best source variant before any import,InfoVolna meal-plan row; check it works as a standalone recipe; duplicate similarity score 0.677; same source title appears 9 times in this workbook,
Все рецепты!R220 | InfoVolna | page/file [InfoVolna.com] Рекомендованный план питания 1500 вариант 7.pdf | variant 7 обед,Запеченный минтай с лимоном и рисом,MAYBE_REVIEW,69,lunch,90+ min,hard,Запеченный минтай с лимоном; и рисом. Филе минтая; Лимон; Специи для рыбы; Рис белый,"Запеченный минтай с лимоном
и рисом. Филе минтая — 150 г
Лимон — 1 шт.
Соль — по вкусу
Перец — по вкусу
Специи для рыбы — 1-2 ч. л.
Рис белый - 50гр",".
 Филе минтая промокните
бумажным полотенцем. Оно
должно быть сухое.
 Приготовьте два больших листа
фольги, каждый лист согните
напополам.
 Филе выложите в центр фольги.
Посыпьте рыбу специями,
солью, перцем.
 Лимон нарежьте кружочками и
положите сверху.
Заверните плотно фольгу. Шов
должен быть сверху.
 Филе минтая в фольге выложите
на противень.
 Запекайте рыбу в разогретой до
200 градусов духовке в течение
20 минут.
 Готовый минтай в духовке будет
мягким и сочным.","КБЖУ обед
280
27
2
39",[InfoVolna.com] Рекомендованный план питания 1500 вариант 7.pdf,"hard/restaurant-style execution; possible duplicate; compare with existing: Запеченный минтай с овощами; positive: clear cooking steps, usable quantities",,medium,Запеченный минтай с овощами,good,good,compare with similar existing recipe; choose one best source variant before any import,InfoVolna meal-plan row; check it works as a standalone recipe; duplicate similarity score 0.677; same source title appears 9 times in this workbook,
Все рецепты!R290 | InfoVolna | page/file [InfoVolna.com] Рекомендованый план питания 1700 вариант 7.pdf | variant 7 обед,Запеченный минтай с лимоном и рисом,MAYBE_REVIEW,69,lunch,90+ min,hard,Запеченный минтай с лимоном; и рисом. Филе минтая; Лимон; Специи для рыбы; Рис белый,"Запеченный минтай с лимоном
и рисом. Филе минтая — 150 г
Лимон — 1 шт.
Соль — по вкусу
Перец — по вкусу
Специи для рыбы — 1-2 ч. л.
Рис белый - 70гр",".
 Филе минтая промокните
бумажным полотенцем. Оно
должно быть сухое.
 Приготовьте два больших листа
фольги, каждый лист согните
напополам.
 Филе выложите в центр фольги.
Посыпьте рыбу специями,
солью, перцем.
 Лимон нарежьте кружочками и
положите сверху.
Заверните плотно фольгу. Шов
должен быть сверху.
 Филе минтая в фольге
выложите на противень.
 Запекайте рыбу в разогретой до
200 градусов духовке в течение
20 минут.
 Готовый минтай в духовке
будет мягким и сочным.","КБЖУ обед
348
29
2
55",[InfoVolna.com] Рекомендованый план питания 1700 вариант 7.pdf,"hard/restaurant-style execution; possible duplicate; compare with existing: Запеченный минтай с овощами; positive: clear cooking steps, usable quantities",,medium,Запеченный минтай с овощами,good,good,compare with similar existing recipe; choose one best source variant before any import,InfoVolna meal-plan row; check it works as a standalone recipe; duplicate similarity score 0.677; same source title appears 9 times in this workbook,
Все рецепты!R325 | InfoVolna | page/file [InfoVolna.com] Рекомендованный план питания 1800 вариант 7.pdf | variant 7 обед,Запеченный минтай с лимоном и рисом,MAYBE_REVIEW,69,lunch,90+ min,hard,Запеченный минтай с лимоном; и рисом. Филе минтая; Лимон; Специи для рыбы; Рис белый,"Запеченный минтай с лимоном
и рисом. Филе минтая — 250 г
Лимон — 1 шт.
Соль — по вкусу
Перец — по вкусу
Специи для рыбы — 1-2 ч. л.
Рис белый - 70гр",".
 Филе минтая промокните
бумажным полотенцем. Оно
должно быть сухое.
 Приготовьте два больших листа
фольги, каждый лист согните
напополам.
 Филе выложите в центр фольги.
Посыпьте рыбу специями,
солью, перцем.
 Лимон нарежьте кружочками и
положите сверху.
Заверните плотно фольгу. Шов
должен быть сверху.
 Филе минтая в фольге
выложите на противень.
 Запекайте рыбу в разогретой до
200 градусов духовке в течение
20 минут.
 Готовый минтай в духовке
будет мягким и сочным.","КБЖУ обед
421
44
3
55",[InfoVolna.com] Рекомендованный план питания 1800 вариант 7.pdf,"hard/restaurant-style execution; possible duplicate; compare with existing: Запеченный минтай с овощами; positive: clear cooking steps, usable quantities",,medium,Запеченный минтай с овощами,good,good,compare with similar existing recipe; choose one best source variant before any import,InfoVolna meal-plan row; check it works as a standalone recipe; duplicate similarity score 0.677; same source title appears 9 times in this workbook,
Все рецепты!R430 | InfoVolna | page/file [InfoVolna.com] Рекомендованный план питания 2100-2200 вариант 7.pdf | variant 7 обед,Запеченный минтай с лимоном и рисом,MAYBE_REVIEW,69,lunch,90+ min,hard,Запеченный минтай с лимоном; и рисом. Филе минтая; Лимон; Специи для рыбы; Рис белый,"Запеченный минтай с лимоном
и рисом. Филе минтая — 250 г
Лимон — 1 шт.
Соль — по вкусу
Перец — по вкусу
Специи для рыбы — 1-2 ч. л.
Рис белый - 70гр",".
 Филе минтая промокните
бумажным полотенцем. Оно
должно быть сухое.
 Приготовьте два больших листа
фольги, каждый лист согните
напополам.
 Филе выложите в центр фольги.
Посыпьте рыбу специями,
солью, перцем.
 Лимон нарежьте кружочками и
положите сверху.
Заверните плотно фольгу. Шов
должен быть сверху.
 Филе минтая в фольге
выложите на противень.
 Запекайте рыбу в разогретой до
200 градусов духовке в течение
20 минут.
 Готовый минтай в духовке будет
мягким и сочным.","КБЖУ обед
421
44
3
55",[InfoVolna.com] Рекомендованный план питания 2100-2200 вариант 7.pdf,"hard/restaurant-style execution; possible duplicate; compare with existing: Запеченный минтай с овощами; positive: clear cooking steps, usable quantities",,medium,Запеченный минтай с овощами,good,good,compare with similar existing recipe; choose one best source variant before any import,InfoVolna meal-plan row; check it works as a standalone recipe; duplicate similarity score 0.677; same source title appears 9 times in this workbook,
Все рецепты!R465 | InfoVolna | page/file [InfoVolna.com] Рекомендованный план питания 2300-2400 вариант 7.pdf | variant 7 обед,Запеченный минтай с лимоном и рисом,MAYBE_REVIEW,69,lunch,90+ min,hard,Запеченный минтай с лимоном; и рисом. Филе минтая; Лимон; Специи для рыбы; Рис белый,"Запеченный минтай с лимоном
и рисом. Филе минтая — 250 г
Лимон — 1 шт.
Соль — по вкусу
Перец — по вкусу
Специи для рыбы — 1-2 ч. л.
Рис белый - 90гр",".
 Филе минтая промокните
бумажным полотенцем. Оно
должно быть сухое.
 Приготовьте два больших листа
фольги, каждый лист согните
напополам.
 Филе выложите в центр фольги.
Посыпьте рыбу специями,
солью, перцем.
 Лимон нарежьте кружочками и
положите сверху.
Заверните плотно фольгу. Шов
должен быть сверху.
 Филе минтая в фольге выложите
на противень.
 Запекайте рыбу в разогретой до
200 градусов духовке в течение
20 минут.
 Готовый минтай в духовке будет
мягким и сочным.","КБЖУ обед
489
44
3
71",[InfoVolna.com] Рекомендованный план питания 2300-2400 вариант 7.pdf,"hard/restaurant-style execution; possible duplicate; compare with existing: Запеченный минтай с овощами; positive: clear cooking steps, usable quantities",,medium,Запеченный минтай с овощами,good,good,compare with similar existing recipe; choose one best source variant before any import,InfoVolna meal-plan row; check it works as a standalone recipe; duplicate similarity score 0.677; same source title appears 9 times in this workbook,
Все рецепты!R500 | InfoVolna | page/file [InfoVolna.com] Рекомендованный план питания 2500 вариант 7.pdf | variant 7 обед,Запеченный минтай с лимоном и рисом,MAYBE_REVIEW,69,lunch,90+ min,hard,Запеченный минтай с лимоном; и рисом. Филе минтая; Лимон; Специи для рыбы; Рис белый; помидоры,"Запеченный минтай с лимоном
и рисом. Филе минтая — 250 г
Лимон — 1 шт.
Соль — по вкусу
Перец — по вкусу
Специи для рыбы — 1-2 ч. л.
Рис белый - 90гр, огурец - 1шт ,
помидоры -1шт",".
 Филе минтая промокните
бумажным полотенцем. Оно
должно быть сухое.
 Приготовьте два больших листа
фольги, каждый лист согните
напополам.
 Филе выложите в центр фольги.
Посыпьте рыбу специями,
солью, перцем.
 Лимон нарежьте кружочками и
положите сверху.
Заверните плотно фольгу. Шов
должен быть сверху.
 Филе минтая в фольге выложите
на противень.
 Запекайте рыбу в разогретой до
200 градусов духовке в течение
20 минут.
 Готовый минтай в духовке будет
мягким и сочным.","КБЖУ обед
489
44
3
71",[InfoVolna.com] Рекомендованный план питания 2500 вариант 7.pdf,"hard/restaurant-style execution; possible duplicate; compare with existing: Запеченный минтай с овощами; positive: clear cooking steps, usable quantities",,medium,Запеченный минтай с овощами,good,good,compare with similar existing recipe; choose one best source variant before any import,InfoVolna meal-plan row; check it works as a standalone recipe; duplicate similarity score 0.677; same source title appears 9 times in this workbook,
Все рецепты!R540 | InfoVolna | page/file [InfoVolna.com] Рекомендованный план питания 3000 вариант 2.pdf | variant 2 обед,Запеченный минтай с лимоном и рисом,MAYBE_REVIEW,69,lunch,90+ min,hard,Запеченный минтай с лимоном; и рисом. Филе минтая; Лимон; Специи для рыбы; Рис белый; помидоры,"Запеченный минтай с лимоном
и рисом. Филе минтая — 250 г
Лимон — 1 шт.
Соль — по вкусу
Перец — по вкусу
Специи для рыбы — 1-2 ч. л.
Рис белый - 90гр, огурец - 1шт ,
помидоры -1шт",".
 Филе минтая промокните
бумажным полотенцем. Оно
должно быть сухое.
 Приготовьте два больших листа
фольги, каждый лист согните
напополам.
 Филе выложите в центр фольги.
Посыпьте рыбу специями,
солью, перцем.
 Лимон нарежьте кружочками и
положите сверху.
Заверните плотно фольгу. Шов
должен быть сверху.
 Филе минтая в фольге
выложите на противень.
 Запекайте рыбу в разогретой до
200 градусов духовке в течение
20 минут.
 Готовый минтай в духовке будет
мягким и сочным.","КБЖУ обед
489
44
3
71",[InfoVolna.com] Рекомендованный план питания 3000 вариант 2.pdf,"hard/restaurant-style execution; possible duplicate; compare with existing: Запеченный минтай с овощами; positive: clear cooking steps, usable quantities",,medium,Запеченный минтай с овощами,good,good,compare with similar existing recipe; choose one best source variant before any import,InfoVolna meal-plan row; check it works as a standalone recipe; duplicate similarity score 0.677; same source title appears 9 times in this workbook,
Все рецепты!R250 | InfoVolna | page/file [InfoVolna.com] Рекомендованый план питания 1650 вариант 6.pdf | variant 6 обед,Куриная запеканка под сыром,MAYBE_REVIEW,69,lunch,30-45 min,easy,Куриная запеканка под сыром; Картофель; г куриного филе; морковка; головка лука; цветная капуста,"Куриная запеканка под сыром.
Ингредиенты: Картофель 300гр
100 г куриного филе
1 морковка
1 головка лука
цветная капуста 100 г
1 яйцо
сыр нежирный 20 г
специи","Курицу нарезать на мелкие
кусочки, морковь и лук
измельчить блендером или
натереть. Всё смешать вместе с
яйцом, посолить и выложить в
противень. Сверху выложить
капусту и посыпать натертым
сыром. Запекать при 180
градусах 40 минут.","КБЖУ обед
510
44
13
53",[InfoVolna.com] Рекомендованый план питания 1650 вариант 6.pdf,"possible duplicate; compare with existing: Куриная запеканка кордон блю с брокколи и фузилли; positive: clear cooking steps, usable quantities",,medium,Куриная запеканка кордон блю с брокколи и фузилли,good,good,compare with similar existing recipe; choose one best source variant before any import,InfoVolna meal-plan row; check it works as a standalone recipe; duplicate similarity score 0.632; same source title appears 7 times in this workbook,
Все рецепты!R320 | InfoVolna | page/file [InfoVolna.com] Рекомендованный план питания 1800 вариант 6.pdf | variant 6 обед,Куриная запеканка под сыром,MAYBE_REVIEW,69,lunch,30-45 min,easy,Куриная запеканка под сыром; Картофель; г куриного филе; морковка; головка лука; цветная капуста,"Куриная запеканка под сыром.
Ингредиенты: Картофель 500гр
400 г куриного филе
1 морковка
1 головка лука
цветная капуста 100 г
НА ОДНУ ПОРЦИЮ.
Ингредиенты делим пополам","Курицу нарезать на мелкие
кусочки, морковь и лук
измельчить блендером или
натереть. Всё смешать вместе с
яйцом, посолить и выложить в
противень. Сверху выложить
капусту и посыпать натертым
сыром. Запекать при 180
градусах 40 минут.","КБЖУ обед
541
65
12
41",[InfoVolna.com] Рекомендованный план питания 1800 вариант 6.pdf,"possible duplicate; compare with existing: Куриная запеканка кордон блю с брокколи и фузилли; positive: clear cooking steps, usable quantities",,medium,Куриная запеканка кордон блю с брокколи и фузилли,good,good,compare with similar existing recipe; choose one best source variant before any import,InfoVolna meal-plan row; check it works as a standalone recipe; duplicate similarity score 0.632; same source title appears 7 times in this workbook,
Все рецепты!R425 | InfoVolna | page/file [InfoVolna.com] Рекомендованный план питания 2100-2200 вариант 6.pdf | variant 6 обед,Куриная запеканка под сыром,MAYBE_REVIEW,69,lunch,30-45 min,easy,Куриная запеканка под сыром; Картофель; г куриного филе; морковка; головка лука; цветная капуста,"Куриная запеканка под сыром.
Ингредиенты: Картофель 500гр
400 г куриного филе
1 морковка
1 головка лука
цветная капуста 100 г
НА ОДНУ ПОРЦИЮ.
Ингредиенты делим пополам","Курицу нарезать на мелкие
кусочки, морковь и лук
измельчить блендером или
натереть. Всё смешать вместе с
яйцом, посолить и выложить в
противень. Сверху выложить
капусту и посыпать натертым
сыром. Запекать при 180
градусах 40 минут.","КБЖУ обед
541
65
12
41",[InfoVolna.com] Рекомендованный план питания 2100-2200 вариант 6.pdf,"possible duplicate; compare with existing: Куриная запеканка кордон блю с брокколи и фузилли; positive: clear cooking steps, usable quantities",,medium,Куриная запеканка кордон блю с брокколи и фузилли,good,good,compare with similar existing recipe; choose one best source variant before any import,InfoVolna meal-plan row; check it works as a standalone recipe; duplicate similarity score 0.632; same source title appears 7 times in this workbook,
Все рецепты!R460 | InfoVolna | page/file [InfoVolna.com] Рекомендованный план питания 2300-2400 вариант 6.pdf | variant 6 обед,Куриная запеканка под сыром,MAYBE_REVIEW,69,lunch,30-45 min,easy,Куриная запеканка под сыром; Картофель; г куриного филе; морковка; головка лука; цветная капуста,"Куриная запеканка под сыром.
Ингредиенты: Картофель 500гр
400 г куриного филе
1 морковка
1 головка лука
цветная капуста 100 г
НА ОДНУ ПОРЦИЮ.
Ингредиенты делим пополам","Курицу нарезать на мелкие
кусочки, морковь и лук
измельчить блендером или
натереть. Всё смешать вместе с
яйцом, посолить и выложить в
противень. Сверху выложить
капусту и посыпать натертым
сыром. Запекать при 180
градусах 40 минут.","КБЖУ обед
541
65
12
41",[InfoVolna.com] Рекомендованный план питания 2300-2400 вариант 6.pdf,"possible duplicate; compare with existing: Куриная запеканка кордон блю с брокколи и фузилли; positive: clear cooking steps, usable quantities",,medium,Куриная запеканка кордон блю с брокколи и фузилли,good,good,compare with similar existing recipe; choose one best source variant before any import,InfoVolna meal-plan row; check it works as a standalone recipe; duplicate similarity score 0.632; same source title appears 7 times in this workbook,
Все рецепты!R495 | InfoVolna | page/file [InfoVolna.com] Рекомендованный план питания 2500 вариант 6.pdf | variant 6 обед,Куриная запеканка под сыром,MAYBE_REVIEW,69,lunch,30-45 min,easy,Куриная запеканка под сыром; Картофель; г куриного филе; морковка; головка лука; цветная капуста,"Куриная запеканка под сыром.
Ингредиенты: Картофель 700гр
400 г куриного филе
1 морковка
1 головка лука
цветная капуста 100 г
НА ОДНУ ПОРЦИЮ.
Ингредиенты делим пополам","Курицу нарезать на мелкие
кусочки, морковь и лук
измельчить блендером или
натереть. Всё смешать вместе с
яйцом, посолить и выложить в
противень. Сверху выложить
капусту и посыпать натертым
сыром. Запекать при 180
градусах 40 минут.","КБЖУ обед
669
69
17
57",[InfoVolna.com] Рекомендованный план питания 2500 вариант 6.pdf,"possible duplicate; compare with existing: Куриная запеканка кордон блю с брокколи и фузилли; positive: clear cooking steps, usable quantities",,medium,Куриная запеканка кордон блю с брокколи и фузилли,good,good,compare with similar existing recipe; choose one best source variant before any import,InfoVolna meal-plan row; check it works as a standalone recipe; duplicate similarity score 0.632; same source title appears 7 times in this workbook,
Все рецепты!R505 | InfoVolna | page/file [InfoVolna.com] Рекомендованный план питания 2600 вариант 1.pdf | variant 1 обед,Куриная запеканка под сыром,MAYBE_REVIEW,69,lunch,30-45 min,easy,Куриная запеканка под сыром; Картофель; г куриного филе; морковка; головка лука; цветная капуста,"Куриная запеканка под сыром.
Ингредиенты: Картофель 700гр
400 г куриного филе
1 морковка
1 головка лука
цветная капуста 100 г
НА ОДНУ ПОРЦИЮ.
Ингредиенты делим пополам","Курицу нарезать на мелкие
кусочки, морковь и лук
измельчить блендером или
натереть. Всё смешать вместе с
яйцом, посолить и выложить в
противень. Сверху выложить
капусту и посыпать натертым
сыром. Запекать при 180
градусах 40 минут.","КБЖУ обед
669
69
17
57",[InfoVolna.com] Рекомендованный план питания 2600 вариант 1.pdf,"possible duplicate; compare with existing: Куриная запеканка кордон блю с брокколи и фузилли; positive: clear cooking steps, usable quantities",,medium,Куриная запеканка кордон блю с брокколи и фузилли,good,good,compare with similar existing recipe; choose one best source variant before any import,InfoVolna meal-plan row; check it works as a standalone recipe; duplicate similarity score 0.632; same source title appears 7 times in this workbook,
Все рецепты!R535 | InfoVolna | page/file [InfoVolna.com] Рекомендованный план питания 3000 вариант 1.pdf | variant 1 обед,Куриная запеканка под сыром,MAYBE_REVIEW,69,lunch,30-45 min,easy,Куриная запеканка под сыром; Картофель; г куриного филе; морковка; головка лука; цветная капуста,"Куриная запеканка под сыром.
Ингредиенты: Картофель 700гр
400 г куриного филе
1 морковка
1 головка лука
цветная капуста 100 г
НА ОДНУ ПОРЦИЮ.
Ингредиенты делим пополам","Курицу нарезать на мелкие
кусочки, морковь и лук
измельчить блендером или
натереть. Всё смешать вместе с
яйцом, посолить и выложить в
противень. Сверху выложить
капусту и посыпать натертым
сыром. Запекать при 180
градусах 40 минут.","КБЖУ обед
669
69
17
57",[InfoVolna.com] Рекомендованный план питания 3000 вариант 1.pdf,"possible duplicate; compare with existing: Куриная запеканка кордон блю с брокколи и фузилли; positive: clear cooking steps, usable quantities",,medium,Куриная запеканка кордон блю с брокколи и фузилли,good,good,compare with similar existing recipe; choose one best source variant before any import,InfoVolna meal-plan row; check it works as a standalone recipe; duplicate similarity score 0.632; same source title appears 7 times in this workbook,
Все рецепты!R165 | InfoVolna | page/file [InfoVolna.com] Рекомендованый план питания 1350-1400 вариант 3.pdf | variant 3 обед,Куриные котлеты кусочками + макароны,MAYBE_REVIEW,69,lunch,20-45 min,easy,Куриные котлеты кусочками +; макароны; грудки; яиц; гр пшеничной муки; 1/2 пучка зеленого лука,"Куриные котлеты кусочками +
макароны. 300 гр филе куриной
грудки
2 яиц
20гр сметаны 15%
20 гр пшеничной муки
1/2 пучка зеленого лука
Соль, перец. Макароны Барилла
100гр
 ЗДЕСЬ ИНГРИДИЕНТЫ НА ДВЕ
ПОРЦИЮ УКАЗАН НИЖЕ","Куриную грудку нарезать
мелкими кубиками примерно 5
на 5 мм. Посолить, поперчить,
положить яйца и сметану,
тщательно перемешать.
Добавит мелко нарезанный лук
и муку, снова перемешать.
Консистенция теста должна
быть похожа на кляр. На
разогретую сковородку
выкладывать столовой ложкой,
обжарить с двух сторон.
Приятного аппетита!
PS: Готовая смесь для котлет
хорошо стоит в холодильнике,
до двух дней, можно жарить по
мере надобности и все время
есть свеженькие","КБЖУ обед
451
49
11
36",[InfoVolna.com] Рекомендованый план питания 1350-1400 вариант 3.pdf,"possible duplicate; compare with existing: Куриные котлеты с кабачком; positive: clear cooking steps, usable quantities",,medium,Куриные котлеты с кабачком,good,good,compare with similar existing recipe; choose one best source variant before any import,InfoVolna meal-plan row; check it works as a standalone recipe; duplicate similarity score 0.667; same source title appears 9 times in this workbook,
Все рецепты!R240 | InfoVolna | page/file [InfoVolna.com] Рекомендованый план питания 1600 вариант 4.pdf | variant 4 обед,Куриные котлеты кусочками + макароны,MAYBE_REVIEW,69,lunch,20-45 min,easy,Куриные котлеты кусочками +; макароны; грудки; яиц; гр пшеничной муки; 1/2 пучка зеленого лука,"Куриные котлеты кусочками +
макароны. 300 гр филе куриной
грудки
2 яиц
20гр сметаны 15%
20 гр пшеничной муки
1/2 пучка зеленого лука
Соль, перец. Макароны Барилла
100гр
 ЗДЕСЬ ИНГРИДИЕНТЫ НА ДВЕ
ПОРЦИЮ УКАЗАН НИЖЕ","Куриную грудку нарезать
мелкими кубиками примерно 5
на 5 мм. Посолить, поперчить,
положить яйца и сметану,
тщательно перемешать.
Добавит мелко нарезанный лук
и муку, снова перемешать.
Консистенция теста должна
быть похожа на кляр. На
разогретую сковородку
выкладывать столовой ложкой,
обжарить с двух сторон.
Приятного аппетита!
PS: Готовая смесь для котлет
хорошо стоит в холодильнике,
до двух дней, можно жарить по
мере надобности и все время
есть свеженькие","КБЖУ обед
451
49
11
36",[InfoVolna.com] Рекомендованый план питания 1600 вариант 4.pdf,"possible duplicate; compare with existing: Куриные котлеты с кабачком; positive: clear cooking steps, usable quantities",,medium,Куриные котлеты с кабачком,good,good,compare with similar existing recipe; choose one best source variant before any import,InfoVolna meal-plan row; check it works as a standalone recipe; duplicate similarity score 0.667; same source title appears 9 times in this workbook,
Все рецепты!R275 | InfoVolna | page/file [InfoVolna.com] Рекомендованый план питания 1700 вариант 4.pdf | variant 4 обед,Куриные котлеты кусочками + макароны,MAYBE_REVIEW,69,lunch,20-45 min,easy,Куриные котлеты кусочками +; макароны; грудки; яиц; гр пшеничной муки; 1/2 пучка зеленого лука,"Куриные котлеты кусочками +
макароны. 300 гр филе куриной
грудки
2 яиц
20гр сметаны 15%
20 гр пшеничной муки
1/2 пучка зеленого лука
Соль, перец. Макароны Барилла
100гр
 ЗДЕСЬ ИНГРИДИЕНТЫ НА ДВЕ
ПОРЦИЮ УКАЗАН НИЖЕ","Куриную грудку нарезать
мелкими кубиками примерно 5
на 5 мм. Посолить, поперчить,
положить яйца и сметану,
тщательно перемешать.
Добавит мелко нарезанный лук
и муку, снова перемешать.
Консистенция теста должна
быть похожа на кляр. На
разогретую сковородку
выкладывать столовой ложкой,
обжарить с двух сторон.
Приятного аппетита!
PS: Готовая смесь для котлет
хорошо стоит в холодильнике,
до двух дней, можно жарить по
мере надобности и все время
есть свеженькие","КБЖУ обед
451
49
11
36",[InfoVolna.com] Рекомендованый план питания 1700 вариант 4.pdf,"possible duplicate; compare with existing: Куриные котлеты с кабачком; positive: clear cooking steps, usable quantities",,medium,Куриные котлеты с кабачком,good,good,compare with similar existing recipe; choose one best source variant before any import,InfoVolna meal-plan row; check it works as a standalone recipe; duplicate similarity score 0.667; same source title appears 9 times in this workbook,
Все рецепты!R345 | InfoVolna | page/file [InfoVolna.com] Рекомендованный план питания 1900 вариант 4.pdf | variant 4 обед,Куриные котлеты кусочками + макароны,MAYBE_REVIEW,69,lunch,20-45 min,easy,Куриные котлеты кусочками +; макароны; грудки; яиц; гр пшеничной муки; 1/2 пучка зеленого лука,"Куриные котлеты кусочками +
макароны. 300 гр филе куриной
грудки
2 яиц
20гр сметаны 15%
20 гр пшеничной муки
1/2 пучка зеленого лука
Соль, перец. Макароны Барилла
100гр
 ЗДЕСЬ ИНГРИДИЕНТЫ НА ДВЕ
ПОРЦИЮ УКАЗАН НИЖЕ","Куриную грудку нарезать
мелкими кубиками примерно 5
на 5 мм. Посолить, поперчить,
положить яйца и сметану,
тщательно перемешать. Добавит
мелко нарезанный лук и муку,
снова перемешать.
Консистенция теста должна быть
похожа на кляр. На разогретую
сковородку выкладывать
столовой ложкой, обжарить с
двух сторон.
Приятного аппетита!
PS: Готовая смесь для котлет
хорошо стоит в холодильнике,
до двух дней, можно жарить по
мере надобности и все время
есть свеженькие","КБЖУ обед
451
49
11
36",[InfoVolna.com] Рекомендованный план питания 1900 вариант 4.pdf,"possible duplicate; compare with existing: Куриные котлеты с кабачком; positive: clear cooking steps, usable quantities",,medium,Куриные котлеты с кабачком,good,good,compare with similar existing recipe; choose one best source variant before any import,InfoVolna meal-plan row; check it works as a standalone recipe; duplicate similarity score 0.667; same source title appears 9 times in this workbook,
Все рецепты!R370 | InfoVolna | page/file [InfoVolna.com] Рекомендованный план питания 2000 вариант 2.pdf | variant 2 обед,Куриные котлеты кусочками + макароны,MAYBE_REVIEW,69,lunch,20-45 min,easy,Куриные котлеты кусочками +; макароны; грудки; яиц; гр пшеничной муки; 1/2 пучка зеленого лука,"Куриные котлеты кусочками +
макароны. 400 гр филе куриной
грудки
2 яиц
20гр сметаны 15%
30 гр пшеничной муки
1/2 пучка зеленого лука
Соль, перец. Макароны
Барилла 140гр
 ЗДЕСЬ ИНГРИДИЕНТЫ НА ДВЕ
ПОРЦИЮ УКАЗАН НИЖЕ.
Ингредиенты делим пополам","Куриную грудку нарезать
мелкими кубиками примерно 5
на 5 мм. Посолить, поперчить,
положить яйца и сметану,
тщательно перемешать.
Добавит мелко нарезанный лук
и муку, снова перемешать.
Консистенция теста должна
быть похожа на кляр. На
разогретую сковородку
выкладывать столовой ложкой,
обжарить с двух сторон.
Приятного аппетита!
PS: Готовая смесь для котлет
хорошо стоит в холодильнике,
до двух дней, можно жарить по
мере надобности и все время
есть свеженькие","КБЖУ обед
623
64
11
60",[InfoVolna.com] Рекомендованный план питания 2000 вариант 2.pdf,"possible duplicate; compare with existing: Куриные котлеты с кабачком; positive: clear cooking steps, usable quantities",,medium,Куриные котлеты с кабачком,good,good,compare with similar existing recipe; choose one best source variant before any import,InfoVolna meal-plan row; check it works as a standalone recipe; duplicate similarity score 0.667; same source title appears 9 times in this workbook,
Все рецепты!R405 | InfoVolna | page/file [InfoVolna.com] Рекомендованный план питания 2100-2200 вариант 2.pdf | variant 2 обед,Куриные котлеты кусочками + макароны,MAYBE_REVIEW,69,lunch,20-45 min,easy,Куриные котлеты кусочками +; макароны; грудки; яиц; гр пшеничной муки; 1/2 пучка зеленого лука,"Куриные котлеты кусочками +
макароны. 500 гр филе куриной
грудки
2 яиц
20гр сметаны 15%
20 гр пшеничной муки
1/2 пучка зеленого лука
Соль, перец. Макароны Барилла
120гр
 ЗДЕСЬ ИНГРИДИЕНТЫ НА ДВЕ
ПОРЦИЮ УКАЗАН НИЖЕ.
Ингредиенты делим пополам","Куриную грудку нарезать
мелкими кубиками примерно 5
на 5 мм. Посолить, поперчить,
положить яйца и сметану,
тщательно перемешать.
Добавит мелко нарезанный лук
и муку, снова перемешать.
Консистенция теста должна
быть похожа на кляр. На
разогретую сковородку
выкладывать столовой ложкой,
обжарить с двух сторон.
Приятного аппетита!
PS: Готовая смесь для котлет
хорошо стоит в холодильнике,
до двух дней, можно жарить по
мере надобности и все время
есть свеженькие","КБЖУ обед
633
75
14
50",[InfoVolna.com] Рекомендованный план питания 2100-2200 вариант 2.pdf,"possible duplicate; compare with existing: Куриные котлеты с кабачком; positive: clear cooking steps, usable quantities",,medium,Куриные котлеты с кабачком,good,good,compare with similar existing recipe; choose one best source variant before any import,InfoVolna meal-plan row; check it works as a standalone recipe; duplicate similarity score 0.667; same source title appears 9 times in this workbook,
Все рецепты!R450 | InfoVolna | page/file [InfoVolna.com] Рекомендованный план питания 2300-2400 вариант 4.pdf | variant 4 обед,Куриные котлеты кусочками + макароны,MAYBE_REVIEW,69,lunch,20-45 min,easy,Куриные котлеты кусочками +; макароны; грудки; яиц; гр пшеничной муки; 1/2 пучка зеленого лука,"Куриные котлеты кусочками +
макароны. 500 гр филе куриной
грудки
2 яиц
20гр сметаны 15%
20 гр пшеничной муки
1/2 пучка зеленого лука
Соль, перец. Макароны Барилла
120гр
 ЗДЕСЬ ИНГРИДИЕНТЫ НА ДВЕ
ПОРЦИЮ УКАЗАН НИЖЕ.
Ингредиенты делим пополам","Куриную грудку нарезать
мелкими кубиками примерно 5
на 5 мм. Посолить, поперчить,
положить яйца и сметану,
тщательно перемешать.
Добавит мелко нарезанный лук
и муку, снова перемешать.
Консистенция теста должна
быть похожа на кляр. На
разогретую сковородку
выкладывать столовой ложкой,
обжарить с двух сторон.
Приятного аппетита!
PS: Готовая смесь для котлет
хорошо стоит в холодильнике,
до двух дней, можно жарить по
мере надобности и все время
есть свеженькие","КБЖУ обед
633
75
14
50",[InfoVolna.com] Рекомендованный план питания 2300-2400 вариант 4.pdf,"possible duplicate; compare with existing: Куриные котлеты с кабачком; positive: clear cooking steps, usable quantities",,medium,Куриные котлеты с кабачком,good,good,compare with similar existing recipe; choose one best source variant before any import,InfoVolna meal-plan row; check it works as a standalone recipe; duplicate similarity score 0.667; same source title appears 9 times in this workbook,
Все рецепты!R485 | InfoVolna | page/file [InfoVolna.com] Рекомендованный план питания 2500 вариант 4.pdf | variant 4 обед,Куриные котлеты кусочками + макароны,MAYBE_REVIEW,69,lunch,20-45 min,easy,Куриные котлеты кусочками +; макароны; грудки; яиц; гр пшеничной муки; 1/2 пучка зеленого лука,"Куриные котлеты кусочками +
макароны. 500 гр филе куриной
грудки
2 яиц
20гр сметаны 15%
20 гр пшеничной муки
1/2 пучка зеленого лука
Соль, перец. Макароны Барилла
120гр, огурец -1 шт, помидоры -
1шт
 ЗДЕСЬ ИНГРИДИЕНТЫ НА ДВЕ
ПОРЦИЮ УКАЗАН НИЖЕ.
Ингредиенты делим пополам","Куриную грудку нарезать
мелкими кубиками примерно 5
на 5 мм. Посолить, поперчить,
положить яйца и сметану,
тщательно перемешать.
Добавит мелко нарезанный лук
и муку, снова перемешать.
Консистенция теста должна
быть похожа на кляр. На
разогретую сковородку
выкладывать столовой ложкой,
обжарить с двух сторон.
Приятного аппетита!
PS: Готовая смесь для котлет
хорошо стоит в холодильнике,
до двух дней, можно жарить по
мере надобности и все время
есть свеженькие","КБЖУ обед
633
75
14
50",[InfoVolna.com] Рекомендованный план питания 2500 вариант 4.pdf,"possible duplicate; compare with existing: Куриные котлеты с кабачком; positive: clear cooking steps, usable quantities",,medium,Куриные котлеты с кабачком,good,good,compare with similar existing recipe; choose one best source variant before any import,InfoVolna meal-plan row; check it works as a standalone recipe; duplicate similarity score 0.667; same source title appears 9 times in this workbook,
Все рецепты!R525 | InfoVolna | page/file [InfoVolna.com] Рекомендованный план питания 2800 вариант 1.pdf | variant 1 обед,Куриные котлеты кусочками + макароны,MAYBE_REVIEW,69,lunch,20-45 min,easy,Куриные котлеты кусочками +; макароны; грудки; яиц; гр пшеничной муки; 1/2 пучка зеленого лука,"Куриные котлеты кусочками +
макароны. 500 гр филе куриной
грудки
2 яиц
20гр сметаны 15%
20 гр пшеничной муки
1/2 пучка зеленого лука
Соль, перец. Макароны Барилла
120гр, огурец -1 шт, помидоры -
1шт
 ЗДЕСЬ ИНГРИДИЕНТЫ НА ДВЕ
ПОРЦИЮ УКАЗАН НИЖЕ.
Ингредиенты делим пополам","Куриную грудку нарезать
мелкими кубиками примерно 5
на 5 мм. Посолить, поперчить,
положить яйца и сметану,
тщательно перемешать.
Добавит мелко нарезанный лук
и муку, снова перемешать.
Консистенция теста должна
быть похожа на кляр. На
разогретую сковородку
выкладывать столовой ложкой,
обжарить с двух сторон.
Приятного аппетита!
PS: Готовая смесь для котлет
хорошо стоит в холодильнике,
до двух дней, можно жарить по
мере надобности и все время
есть свеженькие","КБЖУ обед
633
75
14
50",[InfoVolna.com] Рекомендованный план питания 2800 вариант 1.pdf,"possible duplicate; compare with existing: Куриные котлеты с кабачком; positive: clear cooking steps, usable quantities",,medium,Куриные котлеты с кабачком,good,good,compare with similar existing recipe; choose one best source variant before any import,InfoVolna meal-plan row; check it works as a standalone recipe; duplicate similarity score 0.667; same source title appears 9 times in this workbook,
Все рецепты!R253 | InfoVolna | page/file [InfoVolna.com] Рекомендованый план питания 1650 вариант 7.pdf | variant 7 завтрак,ЛЕНИВАЯ ОВСЯНКА С БАНАНОМ,MAYBE_REVIEW,69,breakfast,20-45 min,unknown,ЛЕНИВАЯ ОВСЯНКА С; БАНАНОМ. Овсяные хлопья в; сухом виде; Кефир 1%; мл; Банан,"ЛЕНИВАЯ ОВСЯНКА С
БАНАНОМ. Овсяные хлопья в
сухом виде - 40 гр.; Кефир 1% -
100 мл.;
Банан - 1 шт.; яйцо -1шт.
Подсластитель по вкусу.","В банке залить хлопья
кефиром и добавить банан и
подсластитель по вкусу,
оставить на ночь в
холодильнике. Кушаем 1
яица","КБЖУ завтрак
371
16
10
52",[InfoVolna.com] Рекомендованый план питания 1650 вариант 7.pdf,"possible duplicate; compare with existing: Ленивая овсянка с ягодами и орехами; positive: clear cooking steps, usable quantities",,medium,Ленивая овсянка с ягодами и орехами,good,good,compare with similar existing recipe; choose one best source variant before any import,InfoVolna meal-plan row; check it works as a standalone recipe; duplicate similarity score 0.7; same source title appears 5 times in this workbook,
Все рецепты!R418 | InfoVolna | page/file [InfoVolna.com] Рекомендованный план питания 2100-2200 вариант 5.pdf | variant 5 завтрак,ЛЕНИВАЯ ОВСЯНКА С БАНАНОМ,MAYBE_REVIEW,69,breakfast,20-45 min,unknown,ЛЕНИВАЯ ОВСЯНКА С; БАНАНОМ. Овсяные хлопья в; сухом виде; Кефир 1%; мл; Банан,"ЛЕНИВАЯ ОВСЯНКА С
БАНАНОМ. Овсяные хлопья в
сухом виде - 50 гр.; Кефир 1% -
100 мл.;
Банан - 1 шт.; яйцо - 2шт.
Подсластитель по вкусу.","В банке залить хлопья
кефиром и добавить банан и
подсластитель по вкусу,
оставить на ночь в
холодильнике. Кушаем 2
яица","КБЖУ завтрак
493
24
16
59",[InfoVolna.com] Рекомендованный план питания 2100-2200 вариант 5.pdf,"possible duplicate; compare with existing: Ленивая овсянка с ягодами и орехами; positive: clear cooking steps, usable quantities",,medium,Ленивая овсянка с ягодами и орехами,good,good,compare with similar existing recipe; choose one best source variant before any import,InfoVolna meal-plan row; check it works as a standalone recipe; duplicate similarity score 0.7; same source title appears 5 times in this workbook,
Все рецепты!R453 | InfoVolna | page/file [InfoVolna.com] Рекомендованный план питания 2300-2400 вариант 5.pdf | variant 5 завтрак,ЛЕНИВАЯ ОВСЯНКА С БАНАНОМ,MAYBE_REVIEW,69,breakfast,20-45 min,unknown,ЛЕНИВАЯ ОВСЯНКА С; БАНАНОМ. Овсяные хлопья в; сухом виде; Кефир 1%; мл; Банан,"ЛЕНИВАЯ ОВСЯНКА С
БАНАНОМ. Овсяные хлопья в
сухом виде - 50 гр.; Кефир 1% -
100 мл.;
Банан - 1 шт.; яйцо - 2шт.
Подсластитель по вкусу.","В банке залить хлопья
кефиром и добавить банан и
подсластитель по вкусу,
оставить на ночь в
холодильнике. Кушаем 2
яица","КБЖУ завтрак
493
24
16
59",[InfoVolna.com] Рекомендованный план питания 2300-2400 вариант 5.pdf,"possible duplicate; compare with existing: Ленивая овсянка с ягодами и орехами; positive: clear cooking steps, usable quantities",,medium,Ленивая овсянка с ягодами и орехами,good,good,compare with similar existing recipe; choose one best source variant before any import,InfoVolna meal-plan row; check it works as a standalone recipe; duplicate similarity score 0.7; same source title appears 5 times in this workbook,
Все рецепты!R488 | InfoVolna | page/file [InfoVolna.com] Рекомендованный план питания 2500 вариант 5.pdf | variant 5 завтрак,ЛЕНИВАЯ ОВСЯНКА С БАНАНОМ,MAYBE_REVIEW,69,breakfast,20-45 min,unknown,ЛЕНИВАЯ ОВСЯНКА С; БАНАНОМ. Овсяные хлопья в; сухом виде; Кефир 1%; мл; Банан,"ЛЕНИВАЯ ОВСЯНКА С
БАНАНОМ. Овсяные хлопья в
сухом виде - 50 гр.; Кефир 1% -
100 мл.;
Банан - 1 шт.; яйцо - 2шт.
Подсластитель по вкусу.","В банке залить хлопья
кефиром и добавить банан и
подсластитель по вкусу,
оставить на ночь в
холодильнике. Кушаем 2
яица","КБЖУ завтрак
618
29
18
79",[InfoVolna.com] Рекомендованный план питания 2500 вариант 5.pdf,"possible duplicate; compare with existing: Ленивая овсянка с ягодами и орехами; positive: clear cooking steps, usable quantities",,medium,Ленивая овсянка с ягодами и орехами,good,good,compare with similar existing recipe; choose one best source variant before any import,InfoVolna meal-plan row; check it works as a standalone recipe; duplicate similarity score 0.7; same source title appears 5 times in this workbook,
Все рецепты!R528 | InfoVolna | page/file [InfoVolna.com] Рекомендованный план питания 2800 вариант 2.pdf | variant 2 завтрак,ЛЕНИВАЯ ОВСЯНКА С БАНАНОМ,MAYBE_REVIEW,69,breakfast,20-45 min,unknown,ЛЕНИВАЯ ОВСЯНКА С; БАНАНОМ. Овсяные хлопья в; сухом виде; Кефир 1%; мл; Банан,"ЛЕНИВАЯ ОВСЯНКА С
БАНАНОМ. Овсяные хлопья в
сухом виде - 50 гр.; Кефир 1% -
100 мл.;
Банан - 1 шт.; яйцо - 2шт.
Подсластитель по вкусу.","В банке залить хлопья
кефиром и добавить банан и
подсластитель по вкусу,
оставить на ночь в
холодильнике. Кушаем 2
яица","КБЖУ завтрак
618
29
18
79",[InfoVolna.com] Рекомендованный план питания 2800 вариант 2.pdf,"possible duplicate; compare with existing: Ленивая овсянка с ягодами и орехами; positive: clear cooking steps, usable quantities",,medium,Ленивая овсянка с ягодами и орехами,good,good,compare with similar existing recipe; choose one best source variant before any import,InfoVolna meal-plan row; check it works as a standalone recipe; duplicate similarity score 0.7; same source title appears 5 times in this workbook,
Все рецепты!R153 | InfoVolna | page/file [InfoVolna.com] Рекомендованый план питания 1350-1400 вариант 1.pdf | variant 1 завтрак,Овсяноблин с творогом и бананом,MAYBE_REVIEW,69,breakfast,10-20 min,unknown,Овсяноблин с творогом и; бананом. Творог мягкий; нежный обезжиренный; яйцо; геркулес,"Овсяноблин с творогом и
бананом. Творог мягкий
нежный обезжиренный - 125гр,
яйцо - 1шт, молоко - 2 ст ложки
(30мл), геркулес - 30гр,","Овсяные хлопья или
Геркулес (лучше брать
долгой варки) перемолоть в
блендере, но не до
состоянии муки.Смешиваем
овсяные хлопья, яйцо и
молоко.
Выливаем наше тесто на
холодную сковородку с
антипригарным покрытием,
масло не нужно добавлять.
На готовый блин
выкладываем начинку
(творог и банан)","КБЖУ завтрак
349
22
8
45",[InfoVolna.com] Рекомендованый план питания 1350-1400 вариант 1.pdf,"possible duplicate; compare with existing: Овсянка с творогом, бананом и черникой; positive: clear cooking steps, usable quantities",,medium,"Овсянка с творогом, бананом и черникой",good,good,compare with similar existing recipe; choose one best source variant before any import,InfoVolna meal-plan row; check it works as a standalone recipe; duplicate similarity score 0.706; same source title appears 9 times in this workbook,
Все рецепты!R183 | InfoVolna | page/file [InfoVolna.com] Рекомендованый план питания 1350-1400 вариант 7.pdf | variant 7 завтрак,Овсяноблин с творогом и бананом,MAYBE_REVIEW,69,breakfast,10-20 min,unknown,Овсяноблин с творогом и; бананом. Творог мягкий; нежный обезжиренный; яйцо; геркулес,"Овсяноблин с творогом и
бананом. Творог мягкий
нежный обезжиренный - 125гр,
яйцо - 1шт, молоко - 2 ст ложки
(30мл), геркулес - 30гр,","Овсяные хлопья или
Геркулес (лучше брать
долгой варки) перемолоть в
блендере, но не до
состоянии муки.Смешиваем
овсяные хлопья, яйцо и
молоко.
Выливаем наше тесто на
холодную сковородку с
антипригарным покрытием,
масло не нужно добавлять.
На готовый блин
выкладываем начинку","КБЖУ завтрак
349
22
8
45",[InfoVolna.com] Рекомендованый план питания 1350-1400 вариант 7.pdf,"possible duplicate; compare with existing: Овсянка с творогом, бананом и черникой; positive: clear cooking steps, usable quantities",,medium,"Овсянка с творогом, бананом и черникой",good,good,compare with similar existing recipe; choose one best source variant before any import,InfoVolna meal-plan row; check it works as a standalone recipe; duplicate similarity score 0.706; same source title appears 9 times in this workbook,
Все рецепты!R243 | InfoVolna | page/file [InfoVolna.com] Рекомендованый план питания 1600 вариант 5.pdf | variant 5 завтрак,Овсяноблин с творогом и бананом,MAYBE_REVIEW,69,breakfast,10-20 min,unknown,Овсяноблин с творогом и; бананом. Творог мягкий; нежный обезжиренный; яйцо; геркулес,"Овсяноблин с творогом и
бананом. Творог мягкий
нежный обезжиренный - 125гр,
яйцо - 2шт, молоко - 2 ст ложки
(30мл), геркулес - 50гр,","Овсяные хлопья или
Геркулес (лучше брать
долгой варки) перемолоть в
блендере, но не до
состоянии муки.Смешиваем
овсяные хлопья, яйцо и
молоко.
Выливаем наше тесто на
холодную сковородку с
антипригарным покрытием,
масло не нужно добавлять.
На готовый блин
выкладываем начинку
(творог и банан)","КБЖУ завтрак
493
30
15
56",[InfoVolna.com] Рекомендованый план питания 1600 вариант 5.pdf,"possible duplicate; compare with existing: Овсянка с творогом, бананом и черникой; positive: clear cooking steps, usable quantities",,medium,"Овсянка с творогом, бананом и черникой",good,good,compare with similar existing recipe; choose one best source variant before any import,InfoVolna meal-plan row; check it works as a standalone recipe; duplicate similarity score 0.706; same source title appears 9 times in this workbook,
Все рецепты!R278 | InfoVolna | page/file [InfoVolna.com] Рекомендованый план питания 1700 вариант 5.pdf | variant 5 завтрак,Овсяноблин с творогом и бананом,MAYBE_REVIEW,69,breakfast,10-20 min,unknown,Овсяноблин с творогом и; бананом. Творог мягкий; нежный обезжиренный; яйцо; геркулес,"Овсяноблин с творогом и
бананом. Творог мягкий
нежный обезжиренный - 125гр,
яйцо - 2шт, молоко - 2 ст ложки
(30мл), геркулес - 50гр,","Овсяные хлопья или
Геркулес (лучше брать
долгой варки) перемолоть в
блендере, но не до
состоянии муки.Смешиваем
овсяные хлопья, яйцо и
молоко.
Выливаем наше тесто на
холодную сковородку с
антипригарным покрытием,
масло не нужно добавлять.
На готовый блин
выкладываем начинку
(творог и банан)","КБЖУ завтрак
493
30
15
56",[InfoVolna.com] Рекомендованый план питания 1700 вариант 5.pdf,"possible duplicate; compare with existing: Овсянка с творогом, бананом и черникой; positive: clear cooking steps, usable quantities",,medium,"Овсянка с творогом, бананом и черникой",good,good,compare with similar existing recipe; choose one best source variant before any import,InfoVolna meal-plan row; check it works as a standalone recipe; duplicate similarity score 0.706; same source title appears 9 times in this workbook,
Все рецепты!R313 | InfoVolna | page/file [InfoVolna.com] Рекомендованный план питания 1800 вариант 5.pdf | variant 5 завтрак,Овсяноблин с творогом и бананом,MAYBE_REVIEW,69,breakfast,10-20 min,unknown,Овсяноблин с творогом и; бананом. Творог мягкий нежный; обезжиренный; геркулес,"Овсяноблин с творогом и
бананом. Творог мягкий нежный
обезжиренный - 125гр, яйцо -
1шт, молоко - 2 ст ложки (30мл),
геркулес - 30гр,","Овсяные хлопья или Геркулес
(лучше брать долгой варки)
перемолоть в блендере, но
не до состоянии
муки.Смешиваем овсяные
хлопья, яйцо и молоко.
Выливаем наше тесто на
холодную сковородку с
антипригарным покрытием,
масло не нужно добавлять.
На готовый блин
выкладываем начинку
(творог и банан)","КБЖУ завтрак
349
22
8
45",[InfoVolna.com] Рекомендованный план питания 1800 вариант 5.pdf,"possible duplicate; compare with existing: Овсянка с творогом, бананом и черникой; positive: clear cooking steps, usable quantities",,medium,"Овсянка с творогом, бананом и черникой",good,good,compare with similar existing recipe; choose one best source variant before any import,InfoVolna meal-plan row; check it works as a standalone recipe; duplicate similarity score 0.706; same source title appears 9 times in this workbook,
Все рецепты!R348 | InfoVolna | page/file [InfoVolna.com] Рекомендованный план питания 1900 вариант 5.pdf | variant 5 завтрак,Овсяноблин с творогом и бананом,MAYBE_REVIEW,69,breakfast,10-20 min,unknown,Овсяноблин с творогом и; бананом. Творог мягкий; нежный обезжиренный; яйцо; геркулес,"Овсяноблин с творогом и
бананом. Творог мягкий
нежный обезжиренный - 125гр,
яйцо - 2шт, молоко - 2 ст ложки
(30мл), геркулес - 50гр,","Овсяные хлопья или
Геркулес (лучше брать
долгой варки) перемолоть в
блендере, но не до
состоянии муки.Смешиваем
овсяные хлопья, яйцо и
молоко.
Выливаем наше тесто на
холодную сковородку с
антипригарным покрытием,
масло не нужно добавлять.
На готовый блин
выкладываем начинку
(творог и банан)","КБЖУ завтрак
493
30
15
56",[InfoVolna.com] Рекомендованный план питания 1900 вариант 5.pdf,"possible duplicate; compare with existing: Овсянка с творогом, бананом и черникой; positive: clear cooking steps, usable quantities",,medium,"Овсянка с творогом, бананом и черникой",good,good,compare with similar existing recipe; choose one best source variant before any import,InfoVolna meal-plan row; check it works as a standalone recipe; duplicate similarity score 0.706; same source title appears 9 times in this workbook,
Все рецепты!R368 | InfoVolna | page/file [InfoVolna.com] Рекомендованный план питания 2000 вариант 2.pdf | variant 2 завтрак,Овсяноблин с творогом и бананом,MAYBE_REVIEW,69,breakfast,10-20 min,unknown,Овсяноблин с творогом и; бананом. Творог мягкий; нежный обезжиренный; яйцо; геркулес; шт,"Овсяноблин с творогом и
бананом. Творог мягкий
нежный обезжиренный - 125гр,
яйцо - 2шт, молоко - 2 ст ложки
(30мл), геркулес - 70гр, банан 1
шт","Овсяные хлопья или
Геркулес (лучше брать
долгой варки) перемолоть в
блендере, но не до
состоянии муки.Смешиваем
овсяные хлопья, яйцо и
молоко.
Выливаем наше тесто на
холодную сковородку с
антипригарным покрытием,
масло не нужно добавлять.
На готовый блин
выкладываем начинку
(творог и банан)","КБЖУ завтрак
589
34
17
71",[InfoVolna.com] Рекомендованный план питания 2000 вариант 2.pdf,"possible duplicate; compare with existing: Овсянка с творогом, бананом и черникой; positive: clear cooking steps, usable quantities",,medium,"Овсянка с творогом, бананом и черникой",good,good,compare with similar existing recipe; choose one best source variant before any import,InfoVolna meal-plan row; check it works as a standalone recipe; duplicate similarity score 0.706; same source title appears 9 times in this workbook,
Все рецепты!R517 | InfoVolna | page/file [InfoVolna.com] Рекомендованный план питания 2700-3000 вариант 2.pdf | variant 2 ужин,Овсяноблин с творогом и бананом,MAYBE_REVIEW,69,breakfast,10-20 min,unknown,Овсяноблин с творогом и; бананом. Творог мягкий; нежный обезжиренный; яйцо; геркулес,"Овсяноблин с творогом и
бананом. Творог мягкий
нежный обезжиренный - 125гр,
яйцо - 1шт, молоко - 2 ст ложки
(30мл), геркулес - 70гр,","Овсяные хлопья или
Геркулес (лучше брать
долгой варки) перемолоть в
блендере, но не до
состоянии муки.Смешиваем
овсяные хлопья, яйцо и
молоко.
Выливаем наше тесто на
холодную сковородку с
антипригарным покрытием,
масло не нужно добавлять.
На готовый блин
выкладываем начинку
(творог и банан)","КБЖУ ужин
493
26
11
70
общее КБЖУ
2707
212
83
277",[InfoVolna.com] Рекомендованный план питания 2700-3000 вариант 2.pdf,"possible duplicate; compare with existing: Овсянка с творогом, бананом и черникой; positive: clear cooking steps, usable quantities",,medium,"Овсянка с творогом, бананом и черникой",good,good,compare with similar existing recipe; choose one best source variant before any import,InfoVolna meal-plan row; check it works as a standalone recipe; duplicate similarity score 0.706; same source title appears 9 times in this workbook,
Все рецепты!R538 | InfoVolna | page/file [InfoVolna.com] Рекомендованный план питания 3000 вариант 2.pdf | variant 2 завтрак,Овсяноблин с творогом и бананом,MAYBE_REVIEW,69,breakfast,10-20 min,unknown,Овсяноблин с творогом и; бананом. Творог мягкий нежный; обезжиренный; геркулес,"Овсяноблин с творогом и
бананом. Творог мягкий нежный
обезжиренный - 125гр, яйцо -
2шт, молоко - 2 ст ложки (30мл),
геркулес - 90гр, банан -1шт","Овсяные хлопья или
Геркулес (лучше брать
долгой варки) перемолоть в
блендере, но не до
состоянии муки.Смешиваем
овсяные хлопья, яйцо и
молоко.
Выливаем наше тесто на
холодную сковородку с
антипригарным покрытием,
масло не нужно добавлять.
На готовый блин
выкладываем начинку
(творог и банан)","КБЖУ завтрак
649
36
18
82",[InfoVolna.com] Рекомендованный план питания 3000 вариант 2.pdf,"possible duplicate; compare with existing: Овсянка с творогом, бананом и черникой; positive: clear cooking steps, usable quantities",,medium,"Овсянка с творогом, бананом и черникой",good,good,compare with similar existing recipe; choose one best source variant before any import,InfoVolna meal-plan row; check it works as a standalone recipe; duplicate similarity score 0.706; same source title appears 9 times in this workbook,
Все рецепты!R185 | InfoVolna | page/file [InfoVolna.com] Рекомендованый план питания 1350-1400 вариант 7.pdf | variant 7 обед,Плов с говядиной,MAYBE_REVIEW,69,lunch,15-30 min,unknown,"Плов с говядиной; ● Говядина; ● Лук; ● Морковь; ● Рис; ● Соль, перец","Плов с говядиной.
Ингредиенты:
● Говядина — 400 г
● Лук — 2 шт.
● Морковь — 2 шт.
● Рис — 140гр
● Соль, перец по вкусу
ИНГРИДИЕНТЫ НА ДВЕ ПОРЦИИ.
делим пополам","В сковороду Нагреть. Выложить
морковь и лук.
- Выложить в сковороду кусочки
говядины поверх лука и
моркови. Тушить на среднем
огне 20-25 минут.
- После этого в сковороду
наливаем кипяченую воду из
расчета на 1 стакан риса — 2
стакана воды и доводим до
кипения. Посолить, поперчить,
добавить специи по вкусу.
- Когда вода закипит, положить
в сковороду рис. На сильном
огне половина воды должна
выкипеть.
- Когда половина жидкости
выкипит, закрыть сковороду
крышкой и поставить на
медленный огонь до готовности
(примерно 15-20 минут).","КБЖУ обед
556
49
14
55",[InfoVolna.com] Рекомендованый план питания 1350-1400 вариант 7.pdf,"possible duplicate; compare with existing: Пулькоги из говядины; positive: clear cooking steps, usable quantities",,medium,Пулькоги из говядины,good,good,compare with similar existing recipe; choose one best source variant before any import,InfoVolna meal-plan row; check it works as a standalone recipe; duplicate similarity score 0.667; same source title appears 5 times in this workbook,
Все рецепты!R210 | InfoVolna | page/file [InfoVolna.com] Рекомендованный план питания 1500 вариант 5.pdf | variant 5 обед,Плов с говядиной,MAYBE_REVIEW,69,lunch,15-30 min,unknown,"Плов с говядиной; ● Говядина; ● Лук; ● Морковь; ● Рис; ● Соль, перец","Плов с говядиной.
Ингредиенты:
● Говядина — 400 г
● Лук — 2 шт.
● Морковь — 2 шт.
● Рис — 140гр
● Соль, перец по вкусу
ИНГРИДИЕНТЫ НА ДВЕ ПОРЦИИ.
делим пополам","В сковороду Нагреть. Выложить
морковь и лук.
- Выложить в сковороду кусочки
говядины поверх лука и
моркови. Тушить на среднем
огне 20-25 минут.
- После этого в сковороду
наливаем кипяченую воду из
расчета на 1 стакан риса — 2
стакана воды и доводим до
кипения. Посолить, поперчить,
добавить специи по вкусу.
- Когда вода закипит, положить в
сковороду рис. На сильном огне
половина воды должна
выкипеть.
- Когда половина жидкости
выкипит, закрыть сковороду
крышкой и поставить на
медленный огонь до готовности
(примерно 15-20 минут).","КБЖУ обед
556
49
14
55",[InfoVolna.com] Рекомендованный план питания 1500 вариант 5.pdf,"possible duplicate; compare with existing: Пулькоги из говядины; positive: clear cooking steps, usable quantities",,medium,Пулькоги из говядины,good,good,compare with similar existing recipe; choose one best source variant before any import,InfoVolna meal-plan row; check it works as a standalone recipe; duplicate similarity score 0.667; same source title appears 5 times in this workbook,
Все рецепты!R315 | InfoVolna | page/file [InfoVolna.com] Рекомендованный план питания 1800 вариант 5.pdf | variant 5 обед,Плов с говядиной,MAYBE_REVIEW,69,lunch,15-30 min,unknown,"Плов с говядиной; ● Говядина; ● Лук; ● Морковь; ● Рис; ● Соль, перец","Плов с говядиной.
Ингредиенты:
● Говядина — 400 г
● Лук — 2 шт.
● Морковь — 2 шт.
● Рис — 140гр
● Соль, перец по вкусу
ИНГРИДИЕНТЫ НА ДВЕ ПОРЦИИ.
делим пополам","В сковороду Нагреть. Выложить
морковь и лук.
- Выложить в сковороду кусочки
говядины поверх лука и
моркови. Тушить на среднем
огне 20-25 минут.
- После этого в сковороду
наливаем кипяченую воду из
расчета на 1 стакан риса — 2
стакана воды и доводим до
кипения. Посолить, поперчить,
добавить специи по вкусу.
- Когда вода закипит, положить в
сковороду рис. На сильном огне
половина воды должна
выкипеть.
- Когда половина жидкости
выкипит, закрыть сковороду
крышкой и поставить на
медленный огонь до готовности
(примерно 15-20 минут).","КБЖУ обед
556
49
14
55",[InfoVolna.com] Рекомендованный план питания 1800 вариант 5.pdf,"possible duplicate; compare with existing: Пулькоги из говядины; positive: clear cooking steps, usable quantities",,medium,Пулькоги из говядины,good,good,compare with similar existing recipe; choose one best source variant before any import,InfoVolna meal-plan row; check it works as a standalone recipe; duplicate similarity score 0.667; same source title appears 5 times in this workbook,
Все рецепты!R140 | InfoVolna | page/file [InfoVolna.com] Рекомендованый план питания 1300 вариант 5.pdf | variant 5 обед,Рис с морепродуктами и овощами,MAYBE_REVIEW,69,lunch,up to 15 min,unknown,Рис с морепродуктами и; овощами. Рис (указан вес риса в; сыром виде); Морепродукты (морской; коктейль); Лук репчатый,"Рис с морепродуктами и
овощами. Рис (указан вес риса в
сыром виде) - 100 г
Морепродукты (морской
коктейль) - 200 г
Лук репчатый - 1 шт.
Чеснок - 1 зубчик
Морковь - 1 шт.
Перец сладкий - 1 шт.
Кукуруза консервированная - 3
ст. ложки
Масло кокосовое - 10гр
Зелень - по вкусу
Соль - по вкусу
Перец чёрный молотый - по
вкусу","Отварите рис до готовности в
зависимости от сорта. Сладкий
перец помойте, удалите
внутренние перегородки и
семена, мякоть перца нарежьте
соломкой.
Лук почистите, нарежьте
маленькими кубиками.
Морковь почистите, нарежьте
соломкой.
Чеснок почистите, измельчите.
обжаривайте все овощи до
мягкости перца. Затем к овощам
добавьте морепродукты (у меня
- кусочки кальмара, мидии,
креветки; если морепродукты
замороженные,
предварительно разморозьте
их).
Посолите, поперчите всё это и
обжарьте в течение 5-7 минут на
среднем огне, помешивая, пока
морепродукты не приготовятся.
В сковороду переложите","готовый рис.
КБЖУ обед
298
18
7
38",[InfoVolna.com] Рекомендованый план питания 1300 вариант 5.pdf,"some expensive or less common ingredients; possible duplicate; compare with existing: Рис с яйцом и овощами; positive: clear cooking steps, usable quantities",,medium,Рис с яйцом и овощами,medium,good,consider replacing rare/expensive items with CIS supermarket alternatives; compare with similar existing recipe; choose one best source variant before any import,InfoVolna meal-plan row; check it works as a standalone recipe; duplicate similarity score 0.667; same source title appears 5 times in this workbook,
Все рецепты!R205 | InfoVolna | page/file [InfoVolna.com] Рекомендованный план питания 1500 вариант 4.pdf | variant 4 обед,Рис с морепродуктами и овощами,MAYBE_REVIEW,69,lunch,up to 15 min,unknown,Рис с морепродуктами и; овощами. Рис (указан вес риса в; сыром виде); Морепродукты (морской; коктейль); Лук репчатый,"Рис с морепродуктами и
овощами. Рис (указан вес риса в
сыром виде) - 60 г
Морепродукты (морской
коктейль) - 250 г
Лук репчатый - 1 шт.
Чеснок - 1 зубчик
Морковь - 1 шт.
Перец сладкий - 1 шт.
Кукуруза консервированная - 3
ст. ложки
Масло оливковое - 10гр
Зелень - по вкусу
Соль - по вкусу
Перец чёрный молотый - по
вкусу","Отварите рис до готовности в
зависимости от сорта. Сладкий
перец помойте, удалите
внутренние перегородки и
семена, мякоть перца нарежьте
соломкой.
Лук почистите, нарежьте
маленькими кубиками.
Морковь почистите, нарежьте
соломкой.
Чеснок почистите, измельчите.
обжаривайте все овощи до
мягкости перца. Затем к овощам
добавьте морепродукты (у меня -
кусочки кальмара, мидии,
креветки; если морепродукты
замороженные, предварительно
разморозьте их).
Посолите, поперчите всё это и
обжарьте в течение 5-7 минут на
среднем огне, помешивая, пока
морепродукты не приготовятся.
В сковороду переложите готовый
рис.","КБЖУ обед
418
42
13
47",[InfoVolna.com] Рекомендованный план питания 1500 вариант 4.pdf,"some expensive or less common ingredients; possible duplicate; compare with existing: Рис с яйцом и овощами; positive: clear cooking steps, usable quantities",,medium,Рис с яйцом и овощами,medium,good,consider replacing rare/expensive items with CIS supermarket alternatives; compare with similar existing recipe; choose one best source variant before any import,InfoVolna meal-plan row; check it works as a standalone recipe; duplicate similarity score 0.667; same source title appears 5 times in this workbook,
Все рецепты!R310 | InfoVolna | page/file [InfoVolna.com] Рекомендованный план питания 1800 вариант 4.pdf | variant 4 обед,Рис с морепродуктами и овощами,MAYBE_REVIEW,69,lunch,up to 15 min,unknown,Рис с морепродуктами и; овощами. Рис (указан вес риса в; сыром виде); Морепродукты (морской; коктейль); Лук репчатый,"Рис с морепродуктами и
овощами. Рис (указан вес риса в
сыром виде) - 60 г
Морепродукты (морской
коктейль) - 2500 г
Лук репчатый - 1 шт.
Чеснок - 1 зубчик
Морковь - 1 шт.
Перец сладкий - 1 шт.
Кукуруза консервированная - 3
ст. ложки
Масло оливковое - 10гр
Зелень - по вкусу
Соль - по вкусу
Перец чёрный молотый - по
вкусу","Отварите рис до готовности в
зависимости от сорта. Сладкий
перец помойте, удалите
внутренние перегородки и
семена, мякоть перца нарежьте
соломкой.
Лук почистите, нарежьте
маленькими кубиками.
Морковь почистите, нарежьте
соломкой.
Чеснок почистите, измельчите.
обжаривайте все овощи до
мягкости перца. Затем к овощам
добавьте морепродукты (у меня -
кусочки кальмара, мидии,
креветки; если морепродукты
замороженные, предварительно
разморозьте их).
Посолите, поперчите всё это и
обжарьте в течение 5-7 минут на
среднем огне, помешивая, пока
морепродукты не приготовятся.
В сковороду переложите
готовый рис.","КБЖУ обед
418
42
13
47",[InfoVolna.com] Рекомендованный план питания 1800 вариант 4.pdf,"some expensive or less common ingredients; possible duplicate; compare with existing: Рис с яйцом и овощами; positive: clear cooking steps, usable quantities",,medium,Рис с яйцом и овощами,medium,good,consider replacing rare/expensive items with CIS supermarket alternatives; compare with similar existing recipe; choose one best source variant before any import,InfoVolna meal-plan row; check it works as a standalone recipe; duplicate similarity score 0.667; same source title appears 5 times in this workbook,
Все рецепты!R360 | InfoVolna | page/file [InfoVolna.com] Рекомендованный план питания 1900 вариант 7.pdf | variant 7 обед,Рис с морепродуктами и овощами,MAYBE_REVIEW,69,lunch,up to 15 min,unknown,Рис с морепродуктами и; овощами. Рис (указан вес риса в; сыром виде); Морепродукты (морской; коктейль); Лук репчатый,"Рис с морепродуктами и
овощами. Рис (указан вес риса в
сыром виде) - 60 г
Морепродукты (морской
коктейль) - 2500 г
Лук репчатый - 1 шт.
Чеснок - 1 зубчик
Морковь - 1 шт.
Перец сладкий - 1 шт.
Кукуруза консервированная - 3
ст. ложки
Масло оливковое - 10гр
Зелень - по вкусу
Соль - по вкусу
Перец чёрный молотый - по
вкусу","Отварите рис до готовности в
зависимости от сорта. Сладкий
перец помойте, удалите
внутренние перегородки и
семена, мякоть перца нарежьте
соломкой.
Лук почистите, нарежьте
маленькими кубиками.
Морковь почистите, нарежьте
соломкой.
Чеснок почистите, измельчите.
обжаривайте все овощи до
мягкости перца. Затем к овощам
добавьте морепродукты (у меня
- кусочки кальмара, мидии,
креветки; если морепродукты
замороженные,
предварительно разморозьте
их).
Посолите, поперчите всё это и
обжарьте в течение 5-7 минут
на среднем огне, помешивая,
пока морепродукты не","приготовятся.
В сковороду переложите
КБЖУ обед
418
42
13
47",[InfoVolna.com] Рекомендованный план питания 1900 вариант 7.pdf,"some expensive or less common ingredients; possible duplicate; compare with existing: Рис с яйцом и овощами; positive: clear cooking steps, usable quantities",,medium,Рис с яйцом и овощами,medium,good,consider replacing rare/expensive items with CIS supermarket alternatives; compare with similar existing recipe; choose one best source variant before any import,InfoVolna meal-plan row; check it works as a standalone recipe; duplicate similarity score 0.667; same source title appears 5 times in this workbook,
Все рецепты!R395 | InfoVolna | page/file [InfoVolna.com] Рекомендованный план питания 2000 вариант 7.pdf | variant 7 обед,Рис с морепродуктами и овощами,MAYBE_REVIEW,69,lunch,up to 15 min,unknown,Рис с морепродуктами и; овощами. Рис (указан вес риса в; сыром виде); Морепродукты (морской; коктейль); Лук репчатый,"Рис с морепродуктами и
овощами. Рис (указан вес риса в
сыром виде) - 60 г
Морепродукты (морской
коктейль) - 2500 г
Лук репчатый - 1 шт.
Чеснок - 1 зубчик
Морковь - 1 шт.
Перец сладкий - 1 шт.
Кукуруза консервированная - 3
ст. ложки
Масло оливковое - 10гр
Зелень - по вкусу
Соль - по вкусу
Перец чёрный молотый - по
вкусу","Отварите рис до готовности в
зависимости от сорта. Сладкий
перец помойте, удалите
внутренние перегородки и
семена, мякоть перца нарежьте
соломкой.
Лук почистите, нарежьте
маленькими кубиками.
Морковь почистите, нарежьте
соломкой.
Чеснок почистите, измельчите.
обжаривайте все овощи до
мягкости перца. Затем к овощам
добавьте морепродукты (у меня
- кусочки кальмара, мидии,
креветки; если морепродукты
замороженные,
предварительно разморозьте
их).
Посолите, поперчите всё это и
обжарьте в течение 5-7 минут
на среднем огне, помешивая,
пока морепродукты не","приготовятся.
В сковороду переложите
КБЖУ обед
418
42
13
47",[InfoVolna.com] Рекомендованный план питания 2000 вариант 7.pdf,"some expensive or less common ingredients; possible duplicate; compare with existing: Рис с яйцом и овощами; positive: clear cooking steps, usable quantities",,medium,Рис с яйцом и овощами,medium,good,consider replacing rare/expensive items with CIS supermarket alternatives; compare with similar existing recipe; choose one best source variant before any import,InfoVolna meal-plan row; check it works as a standalone recipe; duplicate similarity score 0.667; same source title appears 5 times in this workbook,
Все рецепты!R147 | InfoVolna | page/file [InfoVolna.com] Рекомендованый план питания 1300 вариант 6.pdf | variant 6 ужин,РИСОВЫЕ БЛИНЧИКИ НА ЗАВТРАК,MAYBE_REVIEW,69,breakfast,10-20 min,easy,"РИСОВЫЕ БЛИНЧИКИ НА; ЗАВТРАК. Ингредиенты; Для блинов; яйцо; молоко 1,5%; мука рисовая","РИСОВЫЕ БЛИНЧИКИ НА
ЗАВТРАК. Ингредиенты:
Для блинов:
яйцо - 1 шт
 молоко 1,5% - 70 мл
 мука рисовая - 30гр
.
Для начинки:
красная рыба Горбуша
слабосоленая - 30гр
огурец
 мягкий творог - 50гр","Смешать яйцо, молоко и
постепенно добавлять муку,
консистенция должна быть
достаточно жидкой. По вкусу
можно добавить соль.
Выпекать блинчики с двух
сторон до готовности на
сковороде с а/п покрытием.
Рыбу и огурец нарезать
длинными ломтиками.
Блинчики с одной стороны
смазать творожным сыром
или мягким творогом, внутрь
положить ломтики рыбы и
огурца, свернуть блинчики в
рулеты.
Рулетики можно разрезать
на 2-3 части и подавать к
столу.","КБЖУ ужин
309
23
10
30
общее КБЖУ
1237
83
53
101",[InfoVolna.com] Рекомендованый план питания 1300 вариант 6.pdf,"possible duplicate; compare with existing: Буррито на завтрак; positive: clear cooking steps, usable quantities",,medium,Буррито на завтрак,good,good,compare with similar existing recipe; choose one best source variant before any import,InfoVolna meal-plan row; check it works as a standalone recipe; duplicate similarity score 0.622; same source title appears 12 times in this workbook,
Все рецепты!R177 | InfoVolna | page/file [InfoVolna.com] Рекомендованый план питания 1350-1400 вариант 5.pdf | variant 5 ужин,РИСОВЫЕ БЛИНЧИКИ НА ЗАВТРАК,MAYBE_REVIEW,69,breakfast,10-20 min,easy,"РИСОВЫЕ БЛИНЧИКИ НА; ЗАВТРАК. Ингредиенты; Для блинов; яйцо; молоко 1,5%; мука рисовая","РИСОВЫЕ БЛИНЧИКИ НА
ЗАВТРАК. Ингредиенты:
Для блинов:
яйцо - 1 шт
 молоко 1,5% - 70 мл
 мука рисовая - 30гр
.
Для начинки:
красная рыба Горбуша
слабосоленая - 30гр
огурец
 мягкий творог - 50гр","Смешать яйцо, молоко и
постепенно добавлять муку,
консистенция должна быть
достаточно жидкой. По вкусу
можно добавить соль.
Выпекать блинчики с двух
сторон до готовности на
сковороде с а/п покрытием.
Рыбу и огурец нарезать
длинными ломтиками.
Блинчики с одной стороны
смазать творожным сыром
или мягким творогом, внутрь
положить ломтики рыбы и
огурца, свернуть блинчики в
рулеты.
Рулетики можно разрезать
на 2-3 части и подавать к","КБЖУ ужин
309
23
10
30
общее КБЖУ
1400
125
58
90",[InfoVolna.com] Рекомендованый план питания 1350-1400 вариант 5.pdf,"possible duplicate; compare with existing: Буррито на завтрак; positive: clear cooking steps, usable quantities",,medium,Буррито на завтрак,good,good,compare with similar existing recipe; choose one best source variant before any import,InfoVolna meal-plan row; check it works as a standalone recipe; duplicate similarity score 0.622; same source title appears 12 times in this workbook,
Все рецепты!R252 | InfoVolna | page/file [InfoVolna.com] Рекомендованый план питания 1650 вариант 6.pdf | variant 6 ужин,РИСОВЫЕ БЛИНЧИКИ НА ЗАВТРАК,MAYBE_REVIEW,69,breakfast,10-20 min,easy,"РИСОВЫЕ БЛИНЧИКИ НА; ЗАВТРАК. Ингредиенты; Для блинов; яйцо; молоко 1,5%; мука рисовая","РИСОВЫЕ БЛИНЧИКИ НА
ЗАВТРАК. Ингредиенты:
Для блинов:
яйцо - 1 шт
 молоко 1,5% - 70 мл
 мука рисовая - 30гр
.
Для начинки:
красная рыба Горбуша
слабосоленая - 30гр
огурец
 мягкий творог - 50гр","Смешать яйцо, молоко и
постепенно добавлять муку,
консистенция должна быть
достаточно жидкой. По вкусу
можно добавить соль.
Выпекать блинчики с двух
сторон до готовности на
сковороде с а/п покрытием.
Рыбу и огурец нарезать
длинными ломтиками.
Блинчики с одной стороны
смазать творожным сыром
или мягким творогом, внутрь
положить ломтики рыбы и
огурца, свернуть блинчики в
рулеты.
Рулетики можно разрезать
на 2-3 части и подавать к","КБЖУ ужин
309
23
10
30
общее КБЖУ
1639
117
62
151",[InfoVolna.com] Рекомендованый план питания 1650 вариант 6.pdf,"possible duplicate; compare with existing: Буррито на завтрак; positive: clear cooking steps, usable quantities",,medium,Буррито на завтрак,good,good,compare with similar existing recipe; choose one best source variant before any import,InfoVolna meal-plan row; check it works as a standalone recipe; duplicate similarity score 0.622; same source title appears 12 times in this workbook,
Все рецепты!R287 | InfoVolna | page/file [InfoVolna.com] Рекомендованый план питания 1700 вариант 6.pdf | variant 6 ужин,РИСОВЫЕ БЛИНЧИКИ НА ЗАВТРАК,MAYBE_REVIEW,69,breakfast,10-20 min,easy,"РИСОВЫЕ БЛИНЧИКИ НА; ЗАВТРАК. Ингредиенты; Для блинов; яйцо; молоко 1,5%; мука рисовая","РИСОВЫЕ БЛИНЧИКИ НА
ЗАВТРАК. Ингредиенты:
Для блинов:
яйцо - 1 шт
 молоко 1,5% - 70 мл
 мука рисовая - 30гр
.
Для начинки:
красная рыба Горбуша
слабосоленая - 30гр
огурец
 мягкий творог - 50гр","Смешать яйцо, молоко и
постепенно добавлять муку,
консистенция должна быть
достаточно жидкой. По вкусу
можно добавить соль.
Выпекать блинчики с двух
сторон до готовности на
сковороде с а/п покрытием.
Рыбу и огурец нарезать
длинными ломтиками.
Блинчики с одной стороны
смазать творожным сыром
или мягким творогом, внутрь
положить ломтики рыбы и
огурца, свернуть блинчики в
рулеты.
Рулетики можно разрезать
на 2-3 части и подавать к","КБЖУ ужин
309
23
10
30
общее КБЖУ
1760
153
52
160",[InfoVolna.com] Рекомендованый план питания 1700 вариант 6.pdf,"possible duplicate; compare with existing: Буррито на завтрак; positive: clear cooking steps, usable quantities",,medium,Буррито на завтрак,good,good,compare with similar existing recipe; choose one best source variant before any import,InfoVolna meal-plan row; check it works as a standalone recipe; duplicate similarity score 0.622; same source title appears 12 times in this workbook,
Все рецепты!R322 | InfoVolna | page/file [InfoVolna.com] Рекомендованный план питания 1800 вариант 6.pdf | variant 6 ужин,РИСОВЫЕ БЛИНЧИКИ НА ЗАВТРАК,MAYBE_REVIEW,69,breakfast,10-20 min,easy,"РИСОВЫЕ БЛИНЧИКИ НА; ЗАВТРАК. Ингредиенты; Для блинов; яйцо; молоко 1,5%; мука рисовая","РИСОВЫЕ БЛИНЧИКИ НА
ЗАВТРАК. Ингредиенты:
Для блинов:
яйцо - 1 шт
 молоко 1,5% - 100 мл
мука рисовая - 50гр
.
Для начинки:
красная рыба Горбуша
слабосоленая - 50гр
огурец
 мягкий творог - 50гр","Смешать яйцо, молоко и
постепенно добавлять муку,
консистенция должна быть
достаточно жидкой. По вкусу
можно добавить соль.
Выпекать блинчики с двух
сторон до готовности на
сковороде с а/п покрытием.
Рыбу и огурец нарезать
длинными ломтиками.
Блинчики с одной стороны
смазать творожным сыром
или мягким творогом, внутрь
положить ломтики рыбы и
огурца, свернуть блинчики в
рулеты.
Рулетики можно разрезать
на 2-3 части и подавать к
столу.","КБЖУ ужин
405
28
12
45
общее КБЖУ
1815
159
48
180",[InfoVolna.com] Рекомендованный план питания 1800 вариант 6.pdf,"possible duplicate; compare with existing: Буррито на завтрак; positive: clear cooking steps, usable quantities",,medium,Буррито на завтрак,good,good,compare with similar existing recipe; choose one best source variant before any import,InfoVolna meal-plan row; check it works as a standalone recipe; duplicate similarity score 0.622; same source title appears 12 times in this workbook,
Все рецепты!R373 | InfoVolna | page/file [InfoVolna.com] Рекомендованный план питания 2000 вариант 3.pdf | variant 3 завтрак,РИСОВЫЕ БЛИНЧИКИ НА ЗАВТРАК,MAYBE_REVIEW,69,breakfast,10-20 min,easy,"РИСОВЫЕ БЛИНЧИКИ НА; ЗАВТРАК. Ингредиенты; Для блинов; яйцо; молоко 1,5%; мука рисовая","РИСОВЫЕ БЛИНЧИКИ НА
ЗАВТРАК. Ингредиенты:
Для блинов:
яйцо - 1 шт
 молоко 1,5% - 100 мл
мука рисовая - 50гр
.
Для начинки:
красная рыба Горбуша
слабосоленая - 50гр
огурец
 мягкий творог - 50гр","Смешать яйцо, молоко и
постепенно добавлять муку,
консистенция должна быть
достаточно жидкой. По вкусу
можно добавить соль.
Выпекать блинчики с двух
сторон до готовности на
сковороде с а/п покрытием.
Рыбу и огурец нарезать
длинными ломтиками.
Блинчики с одной стороны
смазать творожным сыром
или мягким творогом, внутрь
положить ломтики рыбы и
огурца, свернуть блинчики в
рулеты.
Рулетики можно разрезать
на 2-3 части и подавать к
столу.","КБЖУ завтрак
405
28
12
45",[InfoVolna.com] Рекомендованный план питания 2000 вариант 3.pdf,"possible duplicate; compare with existing: Буррито на завтрак; positive: clear cooking steps, usable quantities",,medium,Буррито на завтрак,good,good,compare with similar existing recipe; choose one best source variant before any import,InfoVolna meal-plan row; check it works as a standalone recipe; duplicate similarity score 0.622; same source title appears 12 times in this workbook,
Все рецепты!R427 | InfoVolna | page/file [InfoVolna.com] Рекомендованный план питания 2100-2200 вариант 6.pdf | variant 6 ужин,Рисовые блинчики на завтрак,MAYBE_REVIEW,69,breakfast,10-20 min,easy,консистенция должна быть; достаточно жидкой; РИСОВЫЕ БЛИНЧИКИ НА; ЗАВТРАК. Ингредиенты; Для блинов; яйцо,"консистенция должна быть
достаточно жидкой. По вкусу
РИСОВЫЕ БЛИНЧИКИ НА
ЗАВТРАК. Ингредиенты:
Для блинов:
яйцо - 1 шт
 молоко 1,5% - 100 мл
мука рисовая - 50гр
.
Для начинки:
красная рыба Горбуша
длинными ломтиками.
Блинчики с одной стороны
смазать творожным сыром
или мягким творогом, внутрь
слабосоленая - 50гр
огурец
 мягкий творог - 50гр","Смешать яйцо, молоко и
постепенно добавлять муку,
можно добавить соль.
Выпекать блинчики с двух
сторон до готовности на
сковороде с а/п покрытием.
Рыбу и огурец нарезать
положить ломтики рыбы и
огурца, свернуть блинчики в
рулеты.
Рулетики можно разрезать
на 2-3 части и подавать к","КБЖУ ужин
405
28
12
45
общее КБЖУ
2113
184
78
158",[InfoVolna.com] Рекомендованный план питания 2100-2200 вариант 6.pdf,"possible duplicate; compare with existing: Буррито на завтрак; positive: clear cooking steps, usable quantities",,medium,Буррито на завтрак,good,good,compare with similar existing recipe; choose one best source variant before any import,InfoVolna meal-plan row; check it works as a standalone recipe; title was inferred or looks like a source fragment; duplicate similarity score 0.622; title inferred from ingredients because source title was missing or malformed; same source title appears 12 times in this workbook,
Все рецепты!R428 | InfoVolna | page/file [InfoVolna.com] Рекомендованный план питания 2100-2200 вариант 7.pdf | variant 7 завтрак,РИСОВЫЕ БЛИНЧИКИ НА ЗАВТРАК,MAYBE_REVIEW,69,breakfast,10-20 min,easy,"РИСОВЫЕ БЛИНЧИКИ НА; ЗАВТРАК. Ингредиенты; Для блинов; яйцо; молоко 1,5%; мука рисовая","РИСОВЫЕ БЛИНЧИКИ НА
ЗАВТРАК. Ингредиенты:
Для блинов:
яйцо - 1 шт
 молоко 1,5% - 100 мл
мука рисовая - 50гр
.
Для начинки:
красная рыба Горбуша
слабосоленая - 50гр
огурец
 мягкий творог - 50гр","Смешать яйцо, молоко и
постепенно добавлять муку,
консистенция должна быть
достаточно жидкой. По вкусу
можно добавить соль.
Выпекать блинчики с двух
сторон до готовности на
сковороде с а/п покрытием.
Рыбу и огурец нарезать
длинными ломтиками.
Блинчики с одной стороны
смазать творожным сыром
или мягким творогом, внутрь
положить ломтики рыбы и
огурца, свернуть блинчики в
рулеты.
Рулетики можно разрезать
на 2-3 части и подавать к
столу.","КБЖУ завтрак
405
28
12
45",[InfoVolna.com] Рекомендованный план питания 2100-2200 вариант 7.pdf,"possible duplicate; compare with existing: Буррито на завтрак; positive: clear cooking steps, usable quantities",,medium,Буррито на завтрак,good,good,compare with similar existing recipe; choose one best source variant before any import,InfoVolna meal-plan row; check it works as a standalone recipe; duplicate similarity score 0.622; same source title appears 12 times in this workbook,
Все рецепты!R462 | InfoVolna | page/file [InfoVolna.com] Рекомендованный план питания 2300-2400 вариант 6.pdf | variant 6 ужин,РИСОВЫЕ БЛИНЧИКИ НА ЗАВТРАК,MAYBE_REVIEW,69,breakfast,10-20 min,easy,"РИСОВЫЕ БЛИНЧИКИ НА; ЗАВТРАК. Ингредиенты; Для блинов; яйцо; молоко 1,5%; мука рисовая","РИСОВЫЕ БЛИНЧИКИ НА
ЗАВТРАК. Ингредиенты:
Для блинов:
яйцо - 1 шт
 молоко 1,5% - 100 мл
мука рисовая - 50гр
.
Для начинки:
красная рыба Горбуша
слабосоленая - 50гр
огурец
 мягкий творог - 50гр","Смешать яйцо, молоко и
постепенно добавлять муку,
консистенция должна быть
достаточно жидкой. По вкусу
можно добавить соль.
Выпекать блинчики с двух
сторон до готовности на
сковороде с а/п покрытием.
Рыбу и огурец нарезать
длинными ломтиками.
Блинчики с одной стороны
смазать творожным сыром
или мягким творогом, внутрь
положить ломтики рыбы и
огурца, свернуть блинчики в
рулеты.
Рулетики можно разрезать
на 2-3 части и подавать к","КБЖУ ужин
405
28
12
45
общее КБЖУ
2320
174
62
257",[InfoVolna.com] Рекомендованный план питания 2300-2400 вариант 6.pdf,"possible duplicate; compare with existing: Буррито на завтрак; positive: clear cooking steps, usable quantities",,medium,Буррито на завтрак,good,good,compare with similar existing recipe; choose one best source variant before any import,InfoVolna meal-plan row; check it works as a standalone recipe; duplicate similarity score 0.622; same source title appears 12 times in this workbook,
Все рецепты!R497 | InfoVolna | page/file [InfoVolna.com] Рекомендованный план питания 2500 вариант 6.pdf | variant 6 ужин,РИСОВЫЕ БЛИНЧИКИ НА ЗАВТРАК,MAYBE_REVIEW,69,breakfast,90+ min,hard,"РИСОВЫЕ БЛИНЧИКИ НА; ЗАВТРАК. Ингредиенты; Для блинов; яйцо; молоко 1,5%; мука рисовая","РИСОВЫЕ БЛИНЧИКИ НА
ЗАВТРАК. Ингредиенты:
Для блинов:
яйцо - 1 шт
 молоко 1,5% - 150 мл
 мука рисовая - 60гр,
разрыхлитель 1/2ч.л.
.
Для начинки:
красная рыба Горбуша
слабосоленая - 50гр
огурец
 мягкий творог - 50гр","Смешать яйцо, молоко и
постепенно добавлять муку,
консистенция должна быть
достаточно жидкой. По вкусу
можно добавить соль.
Выпекать блинчики с двух
сторон до готовности на
сковороде с а/п покрытием.
Рыбу и огурец нарезать
длинными ломтиками.
Блинчики с одной стороны
смазать творожным сыром
или мягким творогом, внутрь
положить ломтики рыбы и
огурца, свернуть блинчики в
рулеты.
Рулетики можно разрезать
на 2-3 части и подавать к","КБЖУ ужин
489
32
13
58
общее КБЖУ
2519
181
69
283",[InfoVolna.com] Рекомендованный план питания 2500 вариант 6.pdf,"hard/restaurant-style execution; possible duplicate; compare with existing: Буррито на завтрак; positive: clear cooking steps, usable quantities",,medium,Буррито на завтрак,good,good,compare with similar existing recipe; choose one best source variant before any import,InfoVolna meal-plan row; check it works as a standalone recipe; duplicate similarity score 0.622; same source title appears 12 times in this workbook,
Все рецепты!R507 | InfoVolna | page/file [InfoVolna.com] Рекомендованный план питания 2600 вариант 1.pdf | variant 1 ужин,РИСОВЫЕ БЛИНЧИКИ НА ЗАВТРАК,MAYBE_REVIEW,69,breakfast,90+ min,hard,"РИСОВЫЕ БЛИНЧИКИ НА; ЗАВТРАК. Ингредиенты; Для блинов; яйцо; молоко 1,5%; мука рисовая","РИСОВЫЕ БЛИНЧИКИ НА
ЗАВТРАК. Ингредиенты:
Для блинов:
яйцо - 1 шт
 молоко 1,5% - 150 мл
 мука рисовая - 60гр,
разрыхлитель 1/2ч.л.
.
Для начинки:
красная рыба Горбуша
слабосоленая - 50гр
огурец
 мягкий творог - 50гр","Смешать яйцо, молоко и
постепенно добавлять муку,
консистенция должна быть
достаточно жидкой. По вкусу
можно добавить соль.
Выпекать блинчики с двух
сторон до готовности на
сковороде с а/п покрытием.
Рыбу и огурец нарезать
длинными ломтиками.
Блинчики с одной стороны
смазать творожным сыром
или мягким творогом, внутрь
положить ломтики рыбы и
огурца, свернуть блинчики в
рулеты.
Рулетики можно разрезать
на 2-3 части и подавать к","КБЖУ ужин
489
32
13
58
общее КБЖУ
2629
200
76
282",[InfoVolna.com] Рекомендованный план питания 2600 вариант 1.pdf,"hard/restaurant-style execution; possible duplicate; compare with existing: Буррито на завтрак; positive: clear cooking steps, usable quantities",,medium,Буррито на завтрак,good,good,compare with similar existing recipe; choose one best source variant before any import,InfoVolna meal-plan row; check it works as a standalone recipe; duplicate similarity score 0.622; same source title appears 12 times in this workbook,
Все рецепты!R537 | InfoVolna | page/file [InfoVolna.com] Рекомендованный план питания 3000 вариант 1.pdf | variant 1 ужин,РИСОВЫЕ БЛИНЧИКИ НА ЗАВТРАК,MAYBE_REVIEW,69,breakfast,90+ min,hard,"РИСОВЫЕ БЛИНЧИКИ НА; ЗАВТРАК. Ингредиенты; Для блинов; яйцо; молоко 1,5%; мука рисовая","РИСОВЫЕ БЛИНЧИКИ НА
ЗАВТРАК. Ингредиенты:
Для блинов:
яйцо - 1 шт
 молоко 1,5% - 150 мл
 мука рисовая - 60гр,
разрыхлитель 1/2ч.л.
.
Для начинки:
красная рыба Горбуша
слабосоленая - 50гр
огурец
 мягкий творог - 50гр","Смешать яйцо, молоко и
постепенно добавлять муку,
консистенция должна быть
достаточно жидкой. По вкусу
можно добавить соль.
Выпекать блинчики с двух
сторон до готовности на
сковороде с а/п покрытием.
Рыбу и огурец нарезать
длинными ломтиками.
Блинчики с одной стороны
смазать творожным сыром
или мягким творогом, внутрь
положить ломтики рыбы и
огурца, свернуть блинчики в
рулеты.
Рулетики можно разрезать
на 2-3 части и подавать к","КБЖУ ужин
489
32
13
58
общее КБЖУ
3055
214
82
353",[InfoVolna.com] Рекомендованный план питания 3000 вариант 1.pdf,"hard/restaurant-style execution; possible duplicate; compare with existing: Буррито на завтрак; positive: clear cooking steps, usable quantities",,medium,Буррито на завтрак,good,good,compare with similar existing recipe; choose one best source variant before any import,InfoVolna meal-plan row; check it works as a standalone recipe; duplicate similarity score 0.622; same source title appears 12 times in this workbook,
Все рецепты!R122 | InfoVolna | page/file [InfoVolna.com] Рекомендованый план питания 1300 вариант 1.pdf | variant 1 ужин,Рыба с овощами,MAYBE_REVIEW,69,dinner,15-30 min,unknown,"Рыба с овощами. Кета свежая; морковь; зелень, соль специи","Рыба с овощами. Кета свежая -
200гр, Брокколи -100гр,
морковь -1шт, Борлгарский
перец -100гр, Лимон, Любая
зелень, соль специи по вкусу","Филе рыбе порезать и
натереть солью и специями,
взбрызнуть лимонным
соком, оставить на 15 мин,
Овощи порезать. Рыбу и
овощи положить в пакет для
запекания, выпкеать 30 мин
180гр, укарсить готовое
блюдо зеленью","КБЖУ ужин
350
44
8
20
общее КБЖУ
1266
99
46
116",[InfoVolna.com] Рекомендованый план питания 1300 вариант 1.pdf,"possible duplicate; compare with existing: Яичные маффины с овощами; positive: clear cooking steps, usable quantities",,medium,Яичные маффины с овощами,good,good,compare with similar existing recipe; choose one best source variant before any import,InfoVolna meal-plan row; check it works as a standalone recipe; duplicate similarity score 0.632; same source title appears 4 times in this workbook,
Все рецепты!R157 | InfoVolna | page/file [InfoVolna.com] Рекомендованый план питания 1350-1400 вариант 1.pdf | variant 1 ужин,Рыба с овощами,MAYBE_REVIEW,69,dinner,15-30 min,unknown,"Рыба с овощами. Кета свежая; морковь; зелень, соль специи","Рыба с овощами. Кета свежая -
200гр, Брокколи -100гр,
морковь -1шт, Борлгарский
перец -100гр, Лимон, Любая
зелень, соль специи по вкусу","Филе рыбе порезать и
натереть солью и специями,
взбрызнуть лимонным
соком, оставить на 15 мин,
Овощи порезать. Рыбу и
овощи положить в пакет для
запекания, выпкеать 30 мин
180гр, укарсить готовое
блюдо зеленью","КБЖУ ужин
350
44
8
20",[InfoVolna.com] Рекомендованый план питания 1350-1400 вариант 1.pdf,"possible duplicate; compare with existing: Яичные маффины с овощами; positive: clear cooking steps, usable quantities",,medium,Яичные маффины с овощами,good,good,compare with similar existing recipe; choose one best source variant before any import,InfoVolna meal-plan row; check it works as a standalone recipe; duplicate similarity score 0.632; same source title appears 4 times in this workbook,
Все рецепты!R192 | InfoVolna | page/file [InfoVolna.com] Рекомендованный план питания 1500 вариант 1.pdf | variant 1 ужин,Рыба с овощами,MAYBE_REVIEW,69,dinner,15-30 min,unknown,"Рыба с овощами. Рыба красная; свежая; морковь; зелень, соль специи","Рыба с овощами. Рыба красная
свежая -200гр, Брокколи -100гр,
морковь -1шт, Борлгарский
перец -100гр, Лимон, Любая
зелень, соль специи по вкусу","Филе рыбе порезать и
натереть солью и специями,
взбрызнуть лимонным соком,
оставить на 15 мин, Овощи
порезать. Рыбу и овощи
положить в пакет для
запекания, выпкеать 30 мин
180гр, укарсить готовое
блюдо зеленью","КБЖУ ужин
350
44
8
20
общее КБЖУ
1499
112
57
123",[InfoVolna.com] Рекомендованный план питания 1500 вариант 1.pdf,"possible duplicate; compare with existing: Яичные маффины с овощами; positive: clear cooking steps, usable quantities",,medium,Яичные маффины с овощами,good,good,compare with similar existing recipe; choose one best source variant before any import,InfoVolna meal-plan row; check it works as a standalone recipe; duplicate similarity score 0.632; same source title appears 4 times in this workbook,
Все рецепты!R332 | InfoVolna | page/file [InfoVolna.com] Рекомендованный план питания 1900 вариант 1.pdf | variant 1 ужин,Рыба с овощами,MAYBE_REVIEW,69,dinner,15-30 min,unknown,"Рыба с овощами. Кета свежая; Лимон, Любая зелень, соль","Рыба с овощами. Кета свежая -
200гр, Брокколи -100гр, морковь
-1шт, Борлгарский перец -100гр,
Лимон, Любая зелень, соль
специи по вкусу","Филе рыбе порезать и
натереть солью и специями,
взбрызнуть лимонным соком,
оставить на 15 мин, Овощи
порезать. Рыбу и овощи
положить в пакет для
запекания, выпкеать 30 мин
180гр, укарсить готовое
блюдо зеленью","КБЖУ ужин
350
44
8
20
общее КБЖУ
1883
186
42
174",[InfoVolna.com] Рекомендованный план питания 1900 вариант 1.pdf,"possible duplicate; compare with existing: Яичные маффины с овощами; positive: clear cooking steps, usable quantities",,medium,Яичные маффины с овощами,good,good,compare with similar existing recipe; choose one best source variant before any import,InfoVolna meal-plan row; check it works as a standalone recipe; duplicate similarity score 0.632; same source title appears 4 times in this workbook,
Все рецепты!R307 | InfoVolna | page/file [InfoVolna.com] Рекомендованный план питания 1800 вариант 3.pdf | variant 3 ужин,"сметана 15% - 100гр, творог 5% - 200гр",MAYBE_REVIEW,68,dinner,unknown,easy,сметана 15%,"сметана 15% - 100гр, творог 5% -
200гр. Банан -1шт",,"КБЖУ ужин
468
40
19
33
общее КБЖУ
1790
154
85
100",[InfoVolna.com] Рекомендованный план питания 1800 вариант 3.pdf,"missing steps; positive: usable quantities, protein-forward",,low,,good,medium,check quantities before nutrition calculation; choose one best source variant before any import,verify whether this is a no-cook snack or an incomplete recipe; InfoVolna meal-plan row; check it works as a standalone recipe; same source title appears 5 times in this workbook,
Все рецепты!R417 | InfoVolna | page/file [InfoVolna.com] Рекомендованный план питания 2100-2200 вариант 4.pdf | variant 4 ужин,"сметана 15% - 100гр, творог 5% - 200гр",MAYBE_REVIEW,68,dinner,unknown,easy,сметана 15%,"сметана 15% - 100гр, творог 5% -
200гр",,"КБЖУ ужин
366
38
19
10
общее КБЖУ
2181
196
75
164",[InfoVolna.com] Рекомендованный план питания 2100-2200 вариант 4.pdf,"missing steps; positive: usable quantities, protein-forward",,low,,good,medium,check quantities before nutrition calculation; choose one best source variant before any import,verify whether this is a no-cook snack or an incomplete recipe; InfoVolna meal-plan row; check it works as a standalone recipe; same source title appears 5 times in this workbook,
Все рецепты!R213 | InfoVolna | page/file [InfoVolna.com] Рекомендованный план питания 1500 вариант 6.pdf | variant 6 завтрак,ячница с беконом,MAYBE_REVIEW,68,breakfast,unknown,easy,ячница с беконом. Яйцо; бекон,"ячница с беконом. Яйцо -3 шт,
бекон - 30гр",,"КБЖУ завтрак
409
30
8
29",[InfoVolna.com] Рекомендованный план питания 1500 вариант 6.pdf,"missing steps; positive: usable quantities, protein-forward",,low,,good,medium,check quantities before nutrition calculation,verify whether this is a no-cook snack or an incomplete recipe; InfoVolna meal-plan row; check it works as a standalone recipe,
Все рецепты!R461 | InfoVolna | page/file [InfoVolna.com] Рекомендованный план питания 2300-2400 вариант 6.pdf | variant 6 перекус 2,"Груша - 1шт, яблоко - 1 шт, хлебцы dr korner - 4 шт (40гр Йогурт активия натур",MAYBE_REVIEW,65,snack,unknown,easy,Груша; хлебцы dr korner; Йогурт активия натур,"Груша - 1шт, яблоко - 1 шт,
хлебцы dr korner - 4 шт (40гр
Йогурт активия натур. - 150гр",,"перекус КБЖУ
422
12
7
76",[InfoVolna.com] Рекомендованный план питания 2300-2400 вариант 6.pdf,"missing steps; ingredient-only snack row; positive: usable quantities, protein-forward",,low,,good,medium,check quantities before nutrition calculation,verify whether this is a no-cook snack or an incomplete recipe; InfoVolna snack row is more menu item than recipe; InfoVolna meal-plan row; check it works as a standalone recipe; title was inferred or looks like a source fragment,
Все рецепты!R489 | InfoVolna | page/file [InfoVolna.com] Рекомендованный план питания 2500 вариант 5.pdf | variant 5 перекус 1,"йогурт активиа питьевой = 290 мл, орехи (арахис, миндаль и др) -30гр, груша -1 шт",MAYBE_REVIEW,65,snack,unknown,easy,"йогурт активиа питьевой = 290; мл, орехи (арахис, миндаль и; др)","йогурт активиа питьевой = 290
мл, орехи (арахис, миндаль и
др) -30гр, груша -1 шт",,"КБЖУ перекус
394
17
21
31",[InfoVolna.com] Рекомендованный план питания 2500 вариант 5.pdf,"missing steps; ingredient-only snack row; positive: usable quantities, protein-forward",,low,,good,medium,check quantities before nutrition calculation,verify whether this is a no-cook snack or an incomplete recipe; InfoVolna snack row is more menu item than recipe; InfoVolna meal-plan row; check it works as a standalone recipe; title was inferred or looks like a source fragment,
Все рецепты!R529 | InfoVolna | page/file [InfoVolna.com] Рекомендованный план питания 2800 вариант 2.pdf | variant 2 перекус 1,"йогурт активиа питьевой = 290 мл, орехи (арахис, миндаль и др) -40гр, груша -1 шт",MAYBE_REVIEW,65,snack,unknown,easy,"йогурт активиа питьевой = 290; мл, орехи (арахис, миндаль и; др)","йогурт активиа питьевой = 290
мл, орехи (арахис, миндаль и
др) -40гр, груша -1 шт",,"КБЖУ перекус
478
20
26
33",[InfoVolna.com] Рекомендованный план питания 2800 вариант 2.pdf,"missing steps; ingredient-only snack row; positive: usable quantities, protein-forward",,low,,good,medium,check quantities before nutrition calculation,verify whether this is a no-cook snack or an incomplete recipe; InfoVolna snack row is more menu item than recipe; InfoVolna meal-plan row; check it works as a standalone recipe; title was inferred or looks like a source fragment,
Все рецепты!R454 | InfoVolna | page/file [InfoVolna.com] Рекомендованный план питания 2300-2400 вариант 5.pdf | variant 5 перекус 1,"йогурт активиа питьевой = 290 мл, фундук -40гр",MAYBE_REVIEW,65,snack,unknown,easy,"йогурт активиа питьевой = 290; мл, фундук","йогурт активиа питьевой = 290
мл, фундук -40гр",,"КБЖУ перекус
432
16
33
17",[InfoVolna.com] Рекомендованный план питания 2300-2400 вариант 5.pdf,"missing steps; ingredient-only snack row; positive: usable quantities, protein-forward",,low,,good,medium,check quantities before nutrition calculation,verify whether this is a no-cook snack or an incomplete recipe; InfoVolna snack row is more menu item than recipe; InfoVolna meal-plan row; check it works as a standalone recipe,
Все рецепты!R274 | InfoVolna | page/file [InfoVolna.com] Рекомендованый план питания 1700 вариант 4.pdf | variant 4 перекус 1,"йогурт активиа питьевой = 290 мл, яйцо -2 шт",MAYBE_REVIEW,65,snack,unknown,easy,"йогурт активиа питьевой = 290; мл, яйцо","йогурт активиа питьевой = 290
мл, яйцо -2 шт",,"КБЖУ перекус
323
23
29
13",[InfoVolna.com] Рекомендованый план питания 1700 вариант 4.pdf,"missing steps; ingredient-only snack row; positive: usable quantities, protein-forward",,low,,good,medium,check quantities before nutrition calculation,verify whether this is a no-cook snack or an incomplete recipe; InfoVolna snack row is more menu item than recipe; InfoVolna meal-plan row; check it works as a standalone recipe,
Все рецепты!R239 | InfoVolna | page/file [InfoVolna.com] Рекомендованый план питания 1600 вариант 4.pdf | variant 4 перекус 1,"йогурт активиа питьевой = 290 мл, яйцо целых -2 шт, белок яичный - 3шт",MAYBE_REVIEW,65,snack,unknown,easy,"йогурт активиа питьевой = 290; мл, яйцо целых; яичный","йогурт активиа питьевой = 290
мл, яйцо целых -2 шт, белок
яичный - 3шт",,"КБЖУ перекус
349
32
16
16",[InfoVolna.com] Рекомендованый план питания 1600 вариант 4.pdf,"missing steps; ingredient-only snack row; positive: usable quantities, protein-forward",,low,,good,medium,check quantities before nutrition calculation,verify whether this is a no-cook snack or an incomplete recipe; InfoVolna snack row is more menu item than recipe; InfoVolna meal-plan row; check it works as a standalone recipe; title was inferred or looks like a source fragment,
Все рецепты!R469 | InfoVolna | page/file [InfoVolna.com] Рекомендованный план питания 2500 вариант 1.pdf | variant 1 перекус 1,"йогурт активия натуральный 150гр - 1шт Банан -1шт,",MAYBE_REVIEW,65,snack,unknown,easy,йогурт активия натуральный,"йогурт активия натуральный
150гр - 1шт Банан -1шт,",,"КБЖУ перекус
255
11
7
37",[InfoVolna.com] Рекомендованный план питания 2500 вариант 1.pdf,"missing steps; ingredient-only snack row; positive: usable quantities, protein-forward",,low,,good,medium,check quantities before nutrition calculation,verify whether this is a no-cook snack or an incomplete recipe; InfoVolna snack row is more menu item than recipe; InfoVolna meal-plan row; check it works as a standalone recipe,
Все рецепты!R434 | InfoVolna | page/file [InfoVolna.com] Рекомендованный план питания 2300-2400 вариант 1.pdf | variant 1 перекус 1,"йогурт активия натуральный 150гр - 1шт Банан -1шт, грецкий орех -20гр",MAYBE_REVIEW,65,snack,unknown,easy,йогурт активия натуральный; орех,"йогурт активия натуральный
150гр - 1шт Банан -1шт, грецкий
орех -20гр",,"КБЖУ перекус
347
11
18
34",[InfoVolna.com] Рекомендованный план питания 2300-2400 вариант 1.pdf,"missing steps; ingredient-only snack row; positive: usable quantities, protein-forward",,low,,good,medium,check quantities before nutrition calculation,verify whether this is a no-cook snack or an incomplete recipe; InfoVolna snack row is more menu item than recipe; InfoVolna meal-plan row; check it works as a standalone recipe; title was inferred or looks like a source fragment,
Все рецепты!R404 | InfoVolna | page/file [InfoVolna.com] Рекомендованный план питания 2100-2200 вариант 2.pdf | variant 2 перекус 1,йогурт греческий Савушкин ТЕОС 240гр,MAYBE_REVIEW,65,snack,unknown,easy,йогурт греческий Савушкин; ТЕОС,"йогурт греческий Савушкин
ТЕОС 240гр. Яблоко/груша -1шт",,"КБЖУ перекус
238
20
5
26",[InfoVolna.com] Рекомендованный план питания 2100-2200 вариант 2.pdf,"missing steps; ingredient-only snack row; positive: usable quantities, protein-forward",,low,,good,medium,check quantities before nutrition calculation; choose one best source variant before any import,verify whether this is a no-cook snack or an incomplete recipe; InfoVolna snack row is more menu item than recipe; InfoVolna meal-plan row; check it works as a standalone recipe; same source title appears 3 times in this workbook,
Все рецепты!R409 | InfoVolna | page/file [InfoVolna.com] Рекомендованный план питания 2100-2200 вариант 3.pdf | variant 3 перекус 1,йогурт греческий Савушкин ТЕОС 240гр,MAYBE_REVIEW,65,snack,unknown,easy,йогурт греческий Савушкин; ТЕОС,"йогурт греческий Савушкин
ТЕОС 240гр. Яблоко/груша -1шт",,"КБЖУ перекус
238
20
5
26",[InfoVolna.com] Рекомендованный план питания 2100-2200 вариант 3.pdf,"missing steps; ingredient-only snack row; positive: usable quantities, protein-forward",,low,,good,medium,check quantities before nutrition calculation; choose one best source variant before any import,verify whether this is a no-cook snack or an incomplete recipe; InfoVolna snack row is more menu item than recipe; InfoVolna meal-plan row; check it works as a standalone recipe; same source title appears 3 times in this workbook,
Все рецепты!R466 | InfoVolna | page/file [InfoVolna.com] Рекомендованный план питания 2300-2400 вариант 7.pdf | variant 7 перекус 2,"йогурт греческий ТЕОС 140гр, грецкий орех -30гр",MAYBE_REVIEW,65,snack,unknown,easy,йогурт греческий ТЕОС; грецкий орех,"йогурт греческий ТЕОС 140гр,
грецкий орех -30гр",,"перекус КБЖУ
290
15
23
8",[InfoVolna.com] Рекомендованный план питания 2300-2400 вариант 7.pdf,"missing steps; ingredient-only snack row; positive: usable quantities, protein-forward",,low,,good,medium,check quantities before nutrition calculation,verify whether this is a no-cook snack or an incomplete recipe; InfoVolna snack row is more menu item than recipe; InfoVolna meal-plan row; check it works as a standalone recipe,
Все рецепты!R501 | InfoVolna | page/file [InfoVolna.com] Рекомендованный план питания 2500 вариант 7.pdf | variant 7 перекус 2,"йогурт греческий ТЕОС 140гр, грецкий орех или любой другой -50гр, яблоко 1- шт",MAYBE_REVIEW,65,snack,unknown,easy,йогурт греческий ТЕОС; грецкий орех или любой другой,"йогурт греческий ТЕОС 140гр,
грецкий орех или любой другой
-50гр, яблоко 1- шт",,"перекус КБЖУ
482
25
26
27",[InfoVolna.com] Рекомендованный план питания 2500 вариант 7.pdf,"missing steps; ingredient-only snack row; positive: usable quantities, protein-forward",,low,,good,medium,check quantities before nutrition calculation,verify whether this is a no-cook snack or an incomplete recipe; InfoVolna snack row is more menu item than recipe; InfoVolna meal-plan row; check it works as a standalone recipe; title was inferred or looks like a source fragment,
Все рецепты!R336 | InfoVolna | page/file [InfoVolna.com] Рекомендованный план питания 1900 вариант 2.pdf | variant 2 перекус 2,"Кефир 1% - 250мл, хлебец dr Korner - 3шт, сыр легкий -30гр",MAYBE_REVIEW,65,snack,unknown,easy,Кефир 1%; Korner,"Кефир 1% - 250мл, хлебец dr
Korner - 3шт, сыр легкий -30гр",,"перекус КБЖУ
264
18
8
27",[InfoVolna.com] Рекомендованный план питания 1900 вариант 2.pdf,"missing steps; ingredient-only snack row; positive: usable quantities, protein-forward",,low,,good,medium,check quantities before nutrition calculation; choose one best source variant before any import,verify whether this is a no-cook snack or an incomplete recipe; InfoVolna snack row is more menu item than recipe; InfoVolna meal-plan row; check it works as a standalone recipe; title was inferred or looks like a source fragment; same source title appears 3 times in this workbook,
Все рецепты!R354 | InfoVolna | page/file [InfoVolna.com] Рекомендованный план питания 1900 вариант 6.pdf | variant 6 перекус 1,"Кефир 1% - 250мл, хлебец dr Korner - 3шт, сыр легкий -30гр",MAYBE_REVIEW,65,snack,unknown,easy,Кефир 1%; Korner,"Кефир 1% - 250мл, хлебец dr
Korner - 3шт, сыр легкий -30гр",,"КБЖУ перекус
264
18
8
27",[InfoVolna.com] Рекомендованный план питания 1900 вариант 6.pdf,"missing steps; ingredient-only snack row; positive: usable quantities, protein-forward",,low,,good,medium,check quantities before nutrition calculation; choose one best source variant before any import,verify whether this is a no-cook snack or an incomplete recipe; InfoVolna snack row is more menu item than recipe; InfoVolna meal-plan row; check it works as a standalone recipe; title was inferred or looks like a source fragment; same source title appears 3 times in this workbook,
Все рецепты!R389 | InfoVolna | page/file [InfoVolna.com] Рекомендованный план питания 2000 вариант 6.pdf | variant 6 перекус 1,"Кефир 1% - 250мл, хлебец dr Korner - 3шт, сыр легкий -30гр",MAYBE_REVIEW,65,snack,unknown,easy,Кефир 1%; Korner,"Кефир 1% - 250мл, хлебец dr
Korner - 3шт, сыр легкий -30гр",,"КБЖУ перекус
264
18
8
27",[InfoVolna.com] Рекомендованный план питания 2000 вариант 6.pdf,"missing steps; ingredient-only snack row; positive: usable quantities, protein-forward",,low,,good,medium,check quantities before nutrition calculation; choose one best source variant before any import,verify whether this is a no-cook snack or an incomplete recipe; InfoVolna snack row is more menu item than recipe; InfoVolna meal-plan row; check it works as a standalone recipe; title was inferred or looks like a source fragment; same source title appears 3 times in this workbook,
Все рецепты!R449 | InfoVolna | page/file [InfoVolna.com] Рекомендованный план питания 2300-2400 вариант 4.pdf | variant 4 перекус 1,"Кефир 1% - 250мл, хлебец dr Korner - 3шт, сыр легкий -40гр",MAYBE_REVIEW,65,snack,unknown,easy,Кефир 1%; Korner,"Кефир 1% - 250мл, хлебец dr
Korner - 3шт, сыр легкий -40гр",,"КБЖУ перекус
299
20
10
30",[InfoVolna.com] Рекомендованный план питания 2300-2400 вариант 4.pdf,"missing steps; ingredient-only snack row; positive: usable quantities, protein-forward",,low,,good,medium,check quantities before nutrition calculation,verify whether this is a no-cook snack or an incomplete recipe; InfoVolna snack row is more menu item than recipe; InfoVolna meal-plan row; check it works as a standalone recipe; title was inferred or looks like a source fragment,
Все рецепты!R484 | InfoVolna | page/file [InfoVolna.com] Рекомендованный план питания 2500 вариант 4.pdf | variant 4 перекус 1,"Кефир 1% - 250мл, хлебец dr Korner - 5шт, сыр легкий -40гр, груша - 1шт",MAYBE_REVIEW,65,snack,unknown,easy,Кефир 1%; Korner; груша,"Кефир 1% - 250мл, хлебец dr
Korner - 5шт, сыр легкий -40гр,
груша - 1шт",,"КБЖУ перекус
357
24
12
36",[InfoVolna.com] Рекомендованный план питания 2500 вариант 4.pdf,"missing steps; ingredient-only snack row; positive: usable quantities, protein-forward",,low,,good,medium,check quantities before nutrition calculation,verify whether this is a no-cook snack or an incomplete recipe; InfoVolna snack row is more menu item than recipe; InfoVolna meal-plan row; check it works as a standalone recipe; title was inferred or looks like a source fragment,
Все рецепты!R459 | InfoVolna | page/file [InfoVolna.com] Рекомендованный план питания 2300-2400 вариант 6.pdf | variant 6 перекус 1,"Хлеб цельнозерновой - 110 гр (3 куска средних), сыр легкий 15- 25% - 40гр, капучинно 200мл",MAYBE_REVIEW,65,snack,unknown,easy,"Хлеб цельнозерновой; куска средних), сыр легкий 15; 25%","Хлеб цельнозерновой - 110 гр (3
куска средних), сыр легкий 15-
25% - 40гр, капучинно 200мл",,"КБЖУ перекус
463
28
16
51",[InfoVolna.com] Рекомендованный план питания 2300-2400 вариант 6.pdf,"missing steps; ingredient-only snack row; positive: usable quantities, protein-forward",,low,,good,medium,check quantities before nutrition calculation; choose one best source variant before any import,verify whether this is a no-cook snack or an incomplete recipe; InfoVolna snack row is more menu item than recipe; InfoVolna meal-plan row; check it works as a standalone recipe; title was inferred or looks like a source fragment; same source title appears 3 times in this workbook,
Все рецепты!R494 | InfoVolna | page/file [InfoVolna.com] Рекомендованный план питания 2500 вариант 6.pdf | variant 6 перекус 1,"Хлеб цельнозерновой - 110 гр (3 куска средних), сыр легкий 15- 25% - 40гр, капучинно 200мл",MAYBE_REVIEW,65,snack,unknown,easy,"Хлеб цельнозерновой; куска средних), сыр легкий 15; 25%","Хлеб цельнозерновой - 110 гр (3
куска средних), сыр легкий 15-
25% - 40гр, капучинно 200мл",,"КБЖУ перекус
463
28
16
51",[InfoVolna.com] Рекомендованный план питания 2500 вариант 6.pdf,"missing steps; ingredient-only snack row; positive: usable quantities, protein-forward",,low,,good,medium,check quantities before nutrition calculation; choose one best source variant before any import,verify whether this is a no-cook snack or an incomplete recipe; InfoVolna snack row is more menu item than recipe; InfoVolna meal-plan row; check it works as a standalone recipe; title was inferred or looks like a source fragment; same source title appears 3 times in this workbook,
Все рецепты!R504 | InfoVolna | page/file [InfoVolna.com] Рекомендованный план питания 2600 вариант 1.pdf | variant 1 перекус 1,"Хлеб цельнозерновой - 110 гр (3 куска средних), сыр легкий 15- 25% - 40гр, капучинно 200мл",MAYBE_REVIEW,65,snack,unknown,easy,"Хлеб цельнозерновой; куска средних), сыр легкий 15; 25%","Хлеб цельнозерновой - 110 гр (3
куска средних), сыр легкий 15-
25% - 40гр, капучинно 200мл",,"КБЖУ перекус
463
28
16
51",[InfoVolna.com] Рекомендованный план питания 2600 вариант 1.pdf,"missing steps; ingredient-only snack row; positive: usable quantities, protein-forward",,low,,good,medium,check quantities before nutrition calculation; choose one best source variant before any import,verify whether this is a no-cook snack or an incomplete recipe; InfoVolna snack row is more menu item than recipe; InfoVolna meal-plan row; check it works as a standalone recipe; title was inferred or looks like a source fragment; same source title appears 3 times in this workbook,
Все рецепты!R534 | InfoVolna | page/file [InfoVolna.com] Рекомендованный план питания 3000 вариант 1.pdf | variant 1 перекус 1,"Хлеб цельнозерновой - 150 гр (3 куска средних), сыр легкий 15- 25% - 40гр, капучинно 200мл",MAYBE_REVIEW,65,snack,unknown,easy,"Хлеб цельнозерновой; куска средних), сыр легкий 15; 25%","Хлеб цельнозерновой - 150 гр (3
куска средних), сыр легкий 15-
25% - 40гр, капучинно 200мл",,"КБЖУ перекус
571
34
18
68",[InfoVolna.com] Рекомендованный план питания 3000 вариант 1.pdf,"missing steps; ingredient-only snack row; positive: usable quantities, protein-forward",,low,,good,medium,check quantities before nutrition calculation,verify whether this is a no-cook snack or an incomplete recipe; InfoVolna snack row is more menu item than recipe; InfoVolna meal-plan row; check it works as a standalone recipe; title was inferred or looks like a source fragment,
Все рецепты!R319 | InfoVolna | page/file [InfoVolna.com] Рекомендованный план питания 1800 вариант 6.pdf | variant 6 перекус 1,"Хлеб цельнозерновой - 70 гр (2 куска средних), сыр легкий 15- 25% - 40гр, капучинно 200мл",MAYBE_REVIEW,65,snack,unknown,easy,"Хлеб цельнозерновой; куска средних), сыр легкий 15; 25%","Хлеб цельнозерновой - 70 гр (2
куска средних), сыр легкий 15-
25% - 40гр, капучинно 200мл",,"КБЖУ перекус
359
24
13
34",[InfoVolna.com] Рекомендованный план питания 1800 вариант 6.pdf,"missing steps; ingredient-only snack row; positive: usable quantities, protein-forward",,low,,good,medium,check quantities before nutrition calculation; choose one best source variant before any import,verify whether this is a no-cook snack or an incomplete recipe; InfoVolna snack row is more menu item than recipe; InfoVolna meal-plan row; check it works as a standalone recipe; title was inferred or looks like a source fragment; same source title appears 4 times in this workbook,
Все рецепты!R411 | InfoVolna | page/file [InfoVolna.com] Рекомендованный план питания 2100-2200 вариант 3.pdf | variant 3 перекус 2,"Хлеб цельнозерновой - 70 гр (2 куска средних), сыр легкий 15- 25% - 40гр, капучинно 200мл",MAYBE_REVIEW,65,snack,unknown,easy,"Хлеб цельнозерновой; куска средних), сыр легкий 15; 25%","Хлеб цельнозерновой - 70 гр (2
куска средних), сыр легкий 15-
25% - 40гр, капучинно 200мл",,"перекус КБЖУ
359
24
13
34",[InfoVolna.com] Рекомендованный план питания 2100-2200 вариант 3.pdf,"missing steps; ingredient-only snack row; positive: usable quantities, protein-forward",,low,,good,medium,check quantities before nutrition calculation; choose one best source variant before any import,verify whether this is a no-cook snack or an incomplete recipe; InfoVolna snack row is more menu item than recipe; InfoVolna meal-plan row; check it works as a standalone recipe; title was inferred or looks like a source fragment; same source title appears 4 times in this workbook,
Все рецепты!R424 | InfoVolna | page/file [InfoVolna.com] Рекомендованный план питания 2100-2200 вариант 6.pdf | variant 6 перекус 1,"Хлеб цельнозерновой - 70 гр (2 куска средних), сыр легкий 15- 25% - 40гр, капучинно 200мл",MAYBE_REVIEW,65,snack,unknown,easy,"Хлеб цельнозерновой; куска средних), сыр легкий 15; 25%","Хлеб цельнозерновой - 70 гр (2
куска средних), сыр легкий 15-
25% - 40гр, капучинно 200мл",,"КБЖУ перекус
359
24
13
34",[InfoVolna.com] Рекомендованный план питания 2100-2200 вариант 6.pdf,"missing steps; ingredient-only snack row; positive: usable quantities, protein-forward",,low,,good,medium,check quantities before nutrition calculation; choose one best source variant before any import,verify whether this is a no-cook snack or an incomplete recipe; InfoVolna snack row is more menu item than recipe; InfoVolna meal-plan row; check it works as a standalone recipe; title was inferred or looks like a source fragment; same source title appears 4 times in this workbook,
Все рецепты!R249 | InfoVolna | page/file [InfoVolna.com] Рекомендованый план питания 1650 вариант 6.pdf | variant 6 перекус 1,"хлебцы dr korner - 4 шт, сыр легкий 15-25% - 40гр, капучинно 200мл",MAYBE_REVIEW,65,snack,unknown,easy,хлебцы dr korner; легкий 15-25%,"хлебцы dr korner - 4 шт, сыр
легкий 15-25% - 40гр, капучинно
200мл",,"КБЖУ перекус
295
17
11
31",[InfoVolna.com] Рекомендованый план питания 1650 вариант 6.pdf,"missing steps; ingredient-only snack row; positive: usable quantities, protein-forward",,low,,good,medium,check quantities before nutrition calculation,verify whether this is a no-cook snack or an incomplete recipe; InfoVolna snack row is more menu item than recipe; InfoVolna meal-plan row; check it works as a standalone recipe; title was inferred or looks like a source fragment,
Все рецепты!R166 | InfoVolna | page/file [InfoVolna.com] Рекомендованый план питания 1350-1400 вариант 3.pdf | variant 3 перекус 2,Хлебцы с сыром,MAYBE_REVIEW,65,snack,unknown,easy,"Хлебцы с сыром. Хлебец dr; korner; Кофе, чай с сахарозаменителем; или без","Хлебцы с сыром. Хлебец dr
korner - 2 шт, сыр легкий - 30 гр.
Кофе, чай с сахарозаменителем
или без",,"перекус КБЖУ
144
11
5
13",[InfoVolna.com] Рекомендованый план питания 1350-1400 вариант 3.pdf,"missing steps; ingredient-only snack row; positive: usable quantities, protein-forward",,low,,good,medium,check quantities before nutrition calculation; choose one best source variant before any import,verify whether this is a no-cook snack or an incomplete recipe; InfoVolna snack row is more menu item than recipe; InfoVolna meal-plan row; check it works as a standalone recipe; same source title appears 3 times in this workbook,
Все рецепты!R296 | InfoVolna | page/file [InfoVolna.com] Рекомендованный план питания 1800 вариант 1.pdf | variant 1 перекус 2,Хлебцы с сыром,MAYBE_REVIEW,65,snack,unknown,easy,"Хлебцы с сыром. Хлебец dr; korner; Кофе, чай с сахарозаменителем; или без","Хлебцы с сыром. Хлебец dr
korner - 2 шт, сыр легкий - 30 гр.
Кофе, чай с сахарозаменителем
или без",,"перекус КБЖУ
144
11
5
13",[InfoVolna.com] Рекомендованный план питания 1800 вариант 1.pdf,"missing steps; ingredient-only snack row; positive: usable quantities, protein-forward",,low,,good,medium,check quantities before nutrition calculation; choose one best source variant before any import,verify whether this is a no-cook snack or an incomplete recipe; InfoVolna snack row is more menu item than recipe; InfoVolna meal-plan row; check it works as a standalone recipe; same source title appears 3 times in this workbook,
Все рецепты!R436 | InfoVolna | page/file [InfoVolna.com] Рекомендованный план питания 2300-2400 вариант 1.pdf | variant 1 перекус 2,Хлебцы с сыром,MAYBE_REVIEW,65,snack,unknown,easy,"Хлебцы с сыром. Хлебец dr; korner; Ряженка 3,2 %","Хлебцы с сыром. Хлебец dr
korner - 3 шт, сыр легкий -40 гр.
Ряженка 3,2 % - 250 мл",,"перекус КБЖУ
342
20
16
30",[InfoVolna.com] Рекомендованный план питания 2300-2400 вариант 1.pdf,"missing steps; ingredient-only snack row; positive: usable quantities, protein-forward",,low,,good,medium,check quantities before nutrition calculation; choose one best source variant before any import,verify whether this is a no-cook snack or an incomplete recipe; InfoVolna snack row is more menu item than recipe; InfoVolna meal-plan row; check it works as a standalone recipe; same source title appears 3 times in this workbook,
Все рецепты!R496 | InfoVolna | page/file [InfoVolna.com] Рекомендованный план питания 2500 вариант 6.pdf | variant 6 перекус 2,"яблоко - 2 шт, хлебцы dr korner - 4 шт (40гр Йогурт активия натур",MAYBE_REVIEW,65,snack,unknown,easy,яблоко; шт (; натур,"яблоко - 2 шт, хлебцы dr korner -
4 шт (40гр Йогурт активия
натур. - 150гр",,"перекус КБЖУ
349
10
7
58",[InfoVolna.com] Рекомендованный план питания 2500 вариант 6.pdf,"missing steps; ingredient-only snack row; positive: usable quantities, protein-forward",,low,,good,medium,check quantities before nutrition calculation,verify whether this is a no-cook snack or an incomplete recipe; InfoVolna snack row is more menu item than recipe; InfoVolna meal-plan row; check it works as a standalone recipe; title was inferred or looks like a source fragment,
Все рецепты!R226 | InfoVolna | page/file [InfoVolna.com] Рекомендованый план питания 1600 вариант 1.pdf | variant 1 перекус 2,"йогурт активия - 120гр, творог 2% -200гр",MAYBE_REVIEW,60,snack,unknown,easy,йогурт активия; 2%,"йогурт активия - 120гр, творог
2% -200гр",,"перекус КБЖУ
269
40
6
12",[InfoVolna.com] Рекомендованый план питания 1600 вариант 1.pdf,"missing steps; ingredient-only snack row; positive: usable quantities, protein-forward",,low,,good,medium,check quantities before nutrition calculation; choose one best source variant before any import,verify whether this is a no-cook snack or an incomplete recipe; InfoVolna snack row is more menu item than recipe; InfoVolna meal-plan row; check it works as a standalone recipe; same source title appears 2 times in this workbook,
Все рецепты!R331 | InfoVolna | page/file [InfoVolna.com] Рекомендованный план питания 1900 вариант 1.pdf | variant 1 перекус 2,"йогурт активия - 120гр, творог 2% -200гр",MAYBE_REVIEW,60,snack,unknown,easy,йогурт активия; 2%,"йогурт активия - 120гр, творог
2% -200гр",,"перекус КБЖУ
269
40
6
12",[InfoVolna.com] Рекомендованный план питания 1900 вариант 1.pdf,"missing steps; ingredient-only snack row; positive: usable quantities, protein-forward",,low,,good,medium,check quantities before nutrition calculation; choose one best source variant before any import,verify whether this is a no-cook snack or an incomplete recipe; InfoVolna snack row is more menu item than recipe; InfoVolna meal-plan row; check it works as a standalone recipe; same source title appears 2 times in this workbook,
Все рецепты!R224 | InfoVolna | page/file [InfoVolna.com] Рекомендованый план питания 1600 вариант 1.pdf | variant 1 перекус 1,"йогурт активия путьевой 290гр - 1шт, банан - 1шт",MAYBE_REVIEW,60,snack,unknown,easy,йогурт активия путьевой,"йогурт активия путьевой 290гр -
1шт, банан - 1шт",,"КБЖУ перекус
274
11
7
41",[InfoVolna.com] Рекомендованый план питания 1600 вариант 1.pdf,"missing steps; ingredient-only snack row; positive: usable quantities, protein-forward",,low,,good,medium,check quantities before nutrition calculation; choose one best source variant before any import,verify whether this is a no-cook snack or an incomplete recipe; InfoVolna snack row is more menu item than recipe; InfoVolna meal-plan row; check it works as a standalone recipe; same source title appears 2 times in this workbook,
Все рецепты!R259 | InfoVolna | page/file [InfoVolna.com] Рекомендованый план питания 1700 вариант 1.pdf | variant 1 перекус 1,"йогурт активия путьевой 290гр - 1шт, банан - 1шт",MAYBE_REVIEW,60,snack,unknown,easy,йогурт активия путьевой,"йогурт активия путьевой 290гр -
1шт, банан - 1шт",,"КБЖУ перекус
274
11
7
41",[InfoVolna.com] Рекомендованый план питания 1700 вариант 1.pdf,"missing steps; ingredient-only snack row; positive: usable quantities, protein-forward",,low,,good,medium,check quantities before nutrition calculation; choose one best source variant before any import,verify whether this is a no-cook snack or an incomplete recipe; InfoVolna snack row is more menu item than recipe; InfoVolna meal-plan row; check it works as a standalone recipe; same source title appears 2 times in this workbook,
Все рецепты!R329 | InfoVolna | page/file [InfoVolna.com] Рекомендованный план питания 1900 вариант 1.pdf | variant 1 перекус 1,йогурт греческий Савушкин ТЕОС 140гр и яблоко 1шт,MAYBE_REVIEW,60,snack,unknown,easy,йогурт греческий Савушкин ТЕОС,"йогурт греческий Савушкин ТЕОС
140гр и яблоко 1шт",,"КБЖУ перекус
171
11
3
25",[InfoVolna.com] Рекомендованный план питания 1900 вариант 1.pdf,"missing steps; ingredient-only snack row; positive: usable quantities, protein-forward",,low,,good,medium,check quantities before nutrition calculation; choose one best source variant before any import,verify whether this is a no-cook snack or an incomplete recipe; InfoVolna snack row is more menu item than recipe; InfoVolna meal-plan row; check it works as a standalone recipe; same source title appears 2 times in this workbook,
Все рецепты!R351 | InfoVolna | page/file [InfoVolna.com] Рекомендованный план питания 1900 вариант 5.pdf | variant 5 перекус 2,йогурт греческий Савушкин ТЕОС 140гр и яблоко 1шт,MAYBE_REVIEW,60,snack,unknown,easy,йогурт греческий Савушкин; ТЕОС,"йогурт греческий Савушкин
ТЕОС 140гр и яблоко 1шт",,"перекус КБЖУ
171
11
3
25",[InfoVolna.com] Рекомендованный план питания 1900 вариант 5.pdf,"missing steps; ingredient-only snack row; positive: usable quantities, protein-forward",,low,,good,medium,check quantities before nutrition calculation; choose one best source variant before any import,verify whether this is a no-cook snack or an incomplete recipe; InfoVolna snack row is more menu item than recipe; InfoVolna meal-plan row; check it works as a standalone recipe; same source title appears 2 times in this workbook,
Все рецепты!R414 | InfoVolna | page/file [InfoVolna.com] Рекомендованный план питания 2100-2200 вариант 4.pdf | variant 4 перекус 1,"Кефир 1% - 250мл, хлебец dr Korner - 5шт, сыр легкий -50гр",MAYBE_REVIEW,60,snack,unknown,easy,Кефир 1%; Korner,"Кефир 1% - 250мл, хлебец dr
Korner - 5шт, сыр легкий -50гр",,"КБЖУ перекус
372
28
10
38",[InfoVolna.com] Рекомендованный план питания 2100-2200 вариант 4.pdf,"missing steps; ingredient-only snack row; positive: usable quantities, protein-forward",,low,,good,medium,check quantities before nutrition calculation; choose one best source variant before any import,verify whether this is a no-cook snack or an incomplete recipe; InfoVolna snack row is more menu item than recipe; InfoVolna meal-plan row; check it works as a standalone recipe; title was inferred or looks like a source fragment; same source title appears 2 times in this workbook,
Все рецепты!R416 | InfoVolna | page/file [InfoVolna.com] Рекомендованный план питания 2100-2200 вариант 4.pdf | variant 4 перекус 2,"Кефир 1% - 250мл, хлебец dr Korner - 5шт, сыр легкий -50гр",MAYBE_REVIEW,60,snack,unknown,easy,Кефир 1%; Korner,"Кефир 1% - 250мл, хлебец dr
Korner - 5шт, сыр легкий -50гр",,"перекус КБЖУ
372
28
10
38",[InfoVolna.com] Рекомендованный план питания 2100-2200 вариант 4.pdf,"missing steps; ingredient-only snack row; positive: usable quantities, protein-forward",,low,,good,medium,check quantities before nutrition calculation; choose one best source variant before any import,verify whether this is a no-cook snack or an incomplete recipe; InfoVolna snack row is more menu item than recipe; InfoVolna meal-plan row; check it works as a standalone recipe; title was inferred or looks like a source fragment; same source title appears 2 times in this workbook,
Все рецепты!R139 | InfoVolna | page/file [InfoVolna.com] Рекомендованый план питания 1300 вариант 5.pdf | variant 5 перекус 1,"яйцо -2 шт, огурец -1шт",MAYBE_REVIEW,60,snack,unknown,easy,яйцо,"яйцо -2 шт, огурец -1шт",,"КБЖУ перекус
172
14
12
0",[InfoVolna.com] Рекомендованый план питания 1300 вариант 5.pdf,"missing steps; ingredient-only snack row; positive: usable quantities, protein-forward",,low,,good,medium,check quantities before nutrition calculation; choose one best source variant before any import,verify whether this is a no-cook snack or an incomplete recipe; InfoVolna snack row is more menu item than recipe; InfoVolna meal-plan row; check it works as a standalone recipe; same source title appears 2 times in this workbook,
Все рецепты!R196 | InfoVolna | page/file [InfoVolna.com] Рекомендованный план питания 1500 вариант 2.pdf | variant 2 перекус 2,"яйцо -2 шт, огурец -1шт",MAYBE_REVIEW,60,snack,unknown,easy,яйцо,"яйцо -2 шт, огурец -1шт",,"перекус КБЖУ
172
14
12
0",[InfoVolna.com] Рекомендованный план питания 1500 вариант 2.pdf,"missing steps; ingredient-only snack row; positive: usable quantities, protein-forward",,low,,good,medium,check quantities before nutrition calculation; choose one best source variant before any import,verify whether this is a no-cook snack or an incomplete recipe; InfoVolna snack row is more menu item than recipe; InfoVolna meal-plan row; check it works as a standalone recipe; same source title appears 2 times in this workbook,
Все рецепты!R339 | InfoVolna | page/file [InfoVolna.com] Рекомендованный план питания 1900 вариант 3.pdf | variant 3 перекус 1,Капучино 200мл,MAYBE_REVIEW,58,snack,unknown,easy,Капучино,"Капучино 200мл. Яйцо вареное -
2шт",,"КБЖУ перекус
236
17
15
5",[InfoVolna.com] Рекомендованный план питания 1900 вариант 3.pdf,"missing steps; ingredient-only snack row; positive: usable quantities, protein-forward",,low,,good,medium,check quantities before nutrition calculation; choose one best source variant before any import,verify whether this is a no-cook snack or an incomplete recipe; InfoVolna snack row is more menu item than recipe; InfoVolna meal-plan row; check it works as a standalone recipe; same source title appears 5 times in this workbook,
Все рецепты!R356 | InfoVolna | page/file [InfoVolna.com] Рекомендованный план питания 1900 вариант 6.pdf | variant 6 перекус 2,Капучино 200мл,MAYBE_REVIEW,58,snack,unknown,easy,Капучино,"Капучино 200мл. Яйцо вареное -
2шт",,"перекус КБЖУ
236
17
15
5",[InfoVolna.com] Рекомендованный план питания 1900 вариант 6.pdf,"missing steps; ingredient-only snack row; positive: usable quantities, protein-forward",,low,,good,medium,check quantities before nutrition calculation; choose one best source variant before any import,verify whether this is a no-cook snack or an incomplete recipe; InfoVolna snack row is more menu item than recipe; InfoVolna meal-plan row; check it works as a standalone recipe; same source title appears 5 times in this workbook,
Все рецепты!R391 | InfoVolna | page/file [InfoVolna.com] Рекомендованный план питания 2000 вариант 6.pdf | variant 6 перекус 2,Капучино 200мл,MAYBE_REVIEW,58,snack,unknown,easy,Капучино,"Капучино 200мл. Яйцо вареное -
2шт",,"перекус КБЖУ
236
17
15
5",[InfoVolna.com] Рекомендованный план питания 2000 вариант 6.pdf,"missing steps; ingredient-only snack row; positive: usable quantities, protein-forward",,low,,good,medium,check quantities before nutrition calculation; choose one best source variant before any import,verify whether this is a no-cook snack or an incomplete recipe; InfoVolna snack row is more menu item than recipe; InfoVolna meal-plan row; check it works as a standalone recipe; same source title appears 5 times in this workbook,
Все рецепты!R401 | InfoVolna | page/file [InfoVolna.com] Рекомендованный план питания 2100-2200 вариант 1.pdf | variant 1 перекус 2,Капучино 200мл,MAYBE_REVIEW,58,snack,unknown,easy,Капучино,"Капучино 200мл. Яйцо вареное -
3шт",,"перекус КБЖУ
323
24
21
6",[InfoVolna.com] Рекомендованный план питания 2100-2200 вариант 1.pdf,"missing steps; ingredient-only snack row; positive: usable quantities, protein-forward",,low,,good,medium,check quantities before nutrition calculation; choose one best source variant before any import,verify whether this is a no-cook snack or an incomplete recipe; InfoVolna snack row is more menu item than recipe; InfoVolna meal-plan row; check it works as a standalone recipe; same source title appears 5 times in this workbook,
Все рецепты!R431 | InfoVolna | page/file [InfoVolna.com] Рекомендованный план питания 2100-2200 вариант 7.pdf | variant 7 перекус 2,Капучино 200мл,MAYBE_REVIEW,58,snack,unknown,easy,Капучино,"Капучино 200мл. Яйцо вареное -
3шт",,"перекус КБЖУ
323
24
21
6",[InfoVolna.com] Рекомендованный план питания 2100-2200 вариант 7.pdf,"missing steps; ingredient-only snack row; positive: usable quantities, protein-forward",,low,,good,medium,check quantities before nutrition calculation; choose one best source variant before any import,verify whether this is a no-cook snack or an incomplete recipe; InfoVolna snack row is more menu item than recipe; InfoVolna meal-plan row; check it works as a standalone recipe; same source title appears 5 times in this workbook,
Все рецепты!R306 | InfoVolna | page/file [InfoVolna.com] Рекомендованный план питания 1800 вариант 3.pdf | variant 3 перекус 2,"протеиновый шейк на молоке (250мл), банан -1шт",MAYBE_REVIEW,58,snack,unknown,easy,протеиновый шейк на молоке; банан,"протеиновый шейк на молоке
(250мл), банан -1шт",,"перекус КБЖУ
243
32
7
16",[InfoVolna.com] Рекомендованный план питания 1800 вариант 3.pdf,"missing steps; ingredient-only snack row; positive: usable quantities, protein-forward",,low,,good,medium,check quantities before nutrition calculation,verify whether this is a no-cook snack or an incomplete recipe; InfoVolna snack row is more menu item than recipe; InfoVolna meal-plan row; check it works as a standalone recipe,
Все рецепты!R406 | InfoVolna | page/file [InfoVolna.com] Рекомендованный план питания 2100-2200 вариант 2.pdf | variant 2 перекус 2,"сметана 15% - 100гр, творог 5% - 200гр",MAYBE_REVIEW,58,snack,unknown,easy,сметана 15%,"сметана 15% - 100гр, творог 5% -
200гр",,"перекус КБЖУ
366
38
19
10",[InfoVolna.com] Рекомендованный план питания 2100-2200 вариант 2.pdf,"missing steps; ingredient-only snack row; positive: usable quantities, protein-forward",,low,,good,medium,check quantities before nutrition calculation; choose one best source variant before any import,verify whether this is a no-cook snack or an incomplete recipe; InfoVolna snack row is more menu item than recipe; InfoVolna meal-plan row; check it works as a standalone recipe; same source title appears 5 times in this workbook,
Все рецепты!R421 | InfoVolna | page/file [InfoVolna.com] Рекомендованный план питания 2100-2200 вариант 5.pdf | variant 5 перекус 2,"сметана 15% - 100гр, творог 5% - 200гр",MAYBE_REVIEW,58,snack,unknown,easy,сметана 15%,"сметана 15% - 100гр, творог 5% -
200гр",,"перекус КБЖУ
400
38
25
6",[InfoVolna.com] Рекомендованный план питания 2100-2200 вариант 5.pdf,"missing steps; ingredient-only snack row; positive: usable quantities, protein-forward",,low,,good,medium,check quantities before nutrition calculation; choose one best source variant before any import,verify whether this is a no-cook snack or an incomplete recipe; InfoVolna snack row is more menu item than recipe; InfoVolna meal-plan row; check it works as a standalone recipe; same source title appears 5 times in this workbook,
Все рецепты!R429 | InfoVolna | page/file [InfoVolna.com] Рекомендованный план питания 2100-2200 вариант 7.pdf | variant 7 перекус 1,"сметана 15% - 100гр, творог 5% - 200гр",MAYBE_REVIEW,58,snack,unknown,easy,сметана 15%,"сметана 15% - 100гр, творог 5% -
200гр",,"КБЖУ перекус
400
38
25
6",[InfoVolna.com] Рекомендованный план питания 2100-2200 вариант 7.pdf,"missing steps; ingredient-only snack row; positive: usable quantities, protein-forward",,low,,good,medium,check quantities before nutrition calculation; choose one best source variant before any import,verify whether this is a no-cook snack or an incomplete recipe; InfoVolna snack row is more menu item than recipe; InfoVolna meal-plan row; check it works as a standalone recipe; same source title appears 5 times in this workbook,
Все рецепты!R261 | InfoVolna | page/file [InfoVolna.com] Рекомендованый план питания 1700 вариант 1.pdf | variant 1 перекус 2,"сметана 15% - 50гр, творог 2% - 200гр",MAYBE_REVIEW,58,snack,unknown,easy,сметана 15%,"сметана 15% - 50гр, творог 2% -
200гр",,"перекус КБЖУ
285
37
11
8",[InfoVolna.com] Рекомендованый план питания 1700 вариант 1.pdf,"missing steps; ingredient-only snack row; positive: usable quantities, protein-forward",,low,,good,medium,check quantities before nutrition calculation; choose one best source variant before any import,verify whether this is a no-cook snack or an incomplete recipe; InfoVolna snack row is more menu item than recipe; InfoVolna meal-plan row; check it works as a standalone recipe; same source title appears 5 times in this workbook,
Все рецепты!R281 | InfoVolna | page/file [InfoVolna.com] Рекомендованый план питания 1700 вариант 5.pdf | variant 5 перекус 2,"сметана 15% - 50гр, творог 2% - 200гр",MAYBE_REVIEW,58,snack,unknown,easy,сметана 15%,"сметана 15% - 50гр, творог 2% -
200гр",,"перекус КБЖУ
230
20
5
26",[InfoVolna.com] Рекомендованый план питания 1700 вариант 5.pdf,"missing steps; ingredient-only snack row; positive: usable quantities, protein-forward",,low,,good,medium,check quantities before nutrition calculation; choose one best source variant before any import,verify whether this is a no-cook snack or an incomplete recipe; InfoVolna snack row is more menu item than recipe; InfoVolna meal-plan row; check it works as a standalone recipe; same source title appears 5 times in this workbook,
Все рецепты!R361 | InfoVolna | page/file [InfoVolna.com] Рекомендованный план питания 1900 вариант 7.pdf | variant 7 перекус 2,"сметана 15% - 50гр, творог 2% - 200гр",MAYBE_REVIEW,58,snack,unknown,easy,сметана 15%,"сметана 15% - 50гр, творог 2% -
200гр",,"перекус КБЖУ
286
37
11
8",[InfoVolna.com] Рекомендованный план питания 1900 вариант 7.pdf,"missing steps; ingredient-only snack row; positive: usable quantities, protein-forward",,low,,good,medium,check quantities before nutrition calculation; choose one best source variant before any import,verify whether this is a no-cook snack or an incomplete recipe; InfoVolna snack row is more menu item than recipe; InfoVolna meal-plan row; check it works as a standalone recipe; same source title appears 5 times in this workbook,
Все рецепты!R386 | InfoVolna | page/file [InfoVolna.com] Рекомендованный план питания 2000 вариант 5.pdf | variant 5 перекус 2,"сметана 15% - 50гр, творог 2% - 200гр",MAYBE_REVIEW,58,snack,unknown,easy,сметана 15%,"сметана 15% - 50гр, творог 2% -
200гр",,"перекус КБЖУ
286
37
11
8",[InfoVolna.com] Рекомендованный план питания 2000 вариант 5.pdf,"missing steps; ingredient-only snack row; positive: usable quantities, protein-forward",,low,,good,medium,check quantities before nutrition calculation; choose one best source variant before any import,verify whether this is a no-cook snack or an incomplete recipe; InfoVolna snack row is more menu item than recipe; InfoVolna meal-plan row; check it works as a standalone recipe; same source title appears 5 times in this workbook,
Все рецепты!R396 | InfoVolna | page/file [InfoVolna.com] Рекомендованный план питания 2000 вариант 7.pdf | variant 7 перекус 2,"сметана 15% - 50гр, творог 2% - 200гр",MAYBE_REVIEW,58,snack,unknown,easy,сметана 15%,"сметана 15% - 50гр, творог 2% -
200гр",,"перекус КБЖУ
286
37
11
8",[InfoVolna.com] Рекомендованный план питания 2000 вариант 7.pdf,"missing steps; ingredient-only snack row; positive: usable quantities, protein-forward",,low,,good,medium,check quantities before nutrition calculation; choose one best source variant before any import,verify whether this is a no-cook snack or an incomplete recipe; InfoVolna snack row is more menu item than recipe; InfoVolna meal-plan row; check it works as a standalone recipe; same source title appears 5 times in this workbook,
Все рецепты!R244 | InfoVolna | page/file [InfoVolna.com] Рекомендованый план питания 1600 вариант 5.pdf | variant 5 перекус 1,"яйцо -1 шт, капучино -300 мл",MAYBE_REVIEW,58,snack,unknown,easy,яйцо,"яйцо -1 шт, капучино -300 мл",,"КБЖУ перекус
142
10
8
6",[InfoVolna.com] Рекомендованый план питания 1600 вариант 5.pdf,"missing steps; ingredient-only snack row; positive: usable quantities, protein-forward",,low,,good,medium,check quantities before nutrition calculation,verify whether this is a no-cook snack or an incomplete recipe; InfoVolna snack row is more menu item than recipe; InfoVolna meal-plan row; check it works as a standalone recipe,
Все рецепты!R472 | InfoVolna | page/file [InfoVolna.com] Рекомендованный план питания 2500 вариант 1.pdf | variant 1 ужин,шаурма с курицей - 1шт,MAYBE_REVIEW,58,dinner,20-45 min,unknown,шаурма с курицей,шаурма с курицей - 1шт,"Важно чтоб в шаурме не
было других ингридентов
типа картошки фри и других
углеводов. Обычная шаурма
с курицей, овощами и соусом","КБЖУ ужин
581
35
14
76
общее КБЖУ
2468
158
62
281",[InfoVolna.com] Рекомендованный план питания 2500 вариант 1.pdf,poor nutrition feasibility; poor nutrition calculation feasibility; possible duplicate,,medium,Кускус с курицей,good,poor,compare with similar existing recipe; choose one best source variant before any import,InfoVolna meal-plan row; check it works as a standalone recipe; duplicate similarity score 0.611; same source title appears 2 times in this workbook,
Все рецепты!R512 | InfoVolna | page/file [InfoVolna.com] Рекомендованный план питания 2700-3000 вариант 1.pdf | variant 1 ужин,шаурма с курицей - 1шт,MAYBE_REVIEW,58,dinner,20-45 min,unknown,шаурма с курицей,шаурма с курицей - 1шт,"Важно чтоб в шаурме не
было других ингридентов
типа картошки фри и других
углеводов. Обычная шаурма
с курицей, овощами и соусом","КБЖУ ужин
581
35
14
76
общее КБЖУ
2711
198
78
295",[InfoVolna.com] Рекомендованный план питания 2700-3000 вариант 1.pdf,poor nutrition feasibility; poor nutrition calculation feasibility; possible duplicate,,medium,Кускус с курицей,good,poor,compare with similar existing recipe; choose one best source variant before any import,InfoVolna meal-plan row; check it works as a standalone recipe; duplicate similarity score 0.611; same source title appears 2 times in this workbook,
Все рецепты!R82 | SWBAND.CO | page/file 91,Огуречный суп с мацони и грецкими орехами,MAYBE_REVIEW,57,lunch,45-90 min,medium,Огурцы; Мацони; Чеснок; Укроп; Грецкие орехи; Огурец на 95% состоит из воды и содержит кремний,"Огурцы — 600 г
• Мацони — 500 г
Чеснок — 5 г
Укроп — 20 г
Грецкие орехи — 30 г
• Соль —5 г
Огурец на 95% состоит из воды и содержит кремний.
Мацони поставляет пробиотики и кальций. Грецкие орехи содержат
АЛК (омега-З). Суп нужно охлаждать не менее часа — вкус становится
насыщеннее при охлаждении.","Огурцы, мацони, чеснок и зелень
1.
пробить блендером до крема.
2.
Посолить.
Охладить 1 ч.
З.
4.
Подавать с грецкими орехами.","Показания: В жару для быстрого восстановления водного
баланса. Хорошо переносится при чувствительном ЖКТ.",[SWBAND.CO] 102 рецепта для снижения веса тела.pdf,rare/expensive ingredients; poor CIS ingredient availability; possible duplicate,,medium,"Запеченная овсянка с малиной, кокосом и грецкими орехами",poor,good,replace rare or expensive ingredients; compare with similar existing recipe,SWBAND row came from OCR extraction; verify text and quantities; duplicate similarity score 0.625; source notes may contain OCR artifacts,
Все рецепты!R399 | InfoVolna | page/file [InfoVolna.com] Рекомендованный план питания 2100-2200 вариант 1.pdf | variant 1 перекус 1,йогурт греческий Савушкин ТЕОС 240гр,MAYBE_REVIEW,54,snack,unknown,easy,йогурт греческий Савушкин; ТЕОС,"йогурт греческий Савушкин
ТЕОС 240гр",,"КБЖУ перекус
238
20
5
26",[InfoVolna.com] Рекомендованный план питания 2100-2200 вариант 1.pdf,poor nutrition feasibility; missing steps; poor nutrition calculation feasibility; ingredient-only snack row,,low,,good,poor,choose one best source variant before any import,verify whether this is a no-cook snack or an incomplete recipe; InfoVolna snack row is more menu item than recipe; InfoVolna meal-plan row; check it works as a standalone recipe; same source title appears 3 times in this workbook,
Все рецепты!R151 | InfoVolna | page/file [InfoVolna.com] Рекомендованый план питания 1300 вариант 7.pdf | variant 7 перекус 2,йогурт греческий ТЕОС 140гр,MAYBE_REVIEW,54,snack,unknown,easy,йогурт греческий ТЕОС,йогурт греческий ТЕОС 140гр,,"перекус КБЖУ
94
11
3
6",[InfoVolna.com] Рекомендованый план питания 1300 вариант 7.pdf,poor nutrition feasibility; missing steps; poor nutrition calculation feasibility; ingredient-only snack row,,low,,good,poor,,verify whether this is a no-cook snack or an incomplete recipe; InfoVolna snack row is more menu item than recipe; InfoVolna meal-plan row; check it works as a standalone recipe,
Все рецепты!R301 | InfoVolna | page/file [InfoVolna.com] Рекомендованный план питания 1800 вариант 2.pdf | variant 2 перекус 2,"Йогурт питьевой 290 мл (например активия, без вкусов и сахара, по желанию можно добавить сахзам)",MAYBE_REVIEW,54,snack,unknown,easy,"Йогурт питьевой; (например активия, без вкусов и; сахара, по желанию можно; добавить сахзам)","Йогурт питьевой 290 мл
(например активия, без вкусов и
сахара, по желанию можно
добавить сахзам)",,"перекус КБЖУ
228
9
7
29",[InfoVolna.com] Рекомендованный план питания 1800 вариант 2.pdf,poor nutrition feasibility; missing steps; poor nutrition calculation feasibility; ingredient-only snack row,,low,,good,poor,choose one best source variant before any import,verify whether this is a no-cook snack or an incomplete recipe; InfoVolna snack row is more menu item than recipe; InfoVolna meal-plan row; check it works as a standalone recipe; title was inferred or looks like a source fragment; same source title appears 3 times in this workbook,
Все рецепты!R359 | InfoVolna | page/file [InfoVolna.com] Рекомендованный план питания 1900 вариант 7.pdf | variant 7 перекус 1,"Йогурт питьевой 290 мл (например активия, без вкусов и сахара, по желанию можно добавить сахзам)",MAYBE_REVIEW,54,snack,unknown,easy,"Йогурт питьевой; (например активия, без вкусов и; сахара, по желанию можно; добавить сахзам)","Йогурт питьевой 290 мл
(например активия, без вкусов и
сахара, по желанию можно
добавить сахзам)",,"КБЖУ перекус
228
9
7
29",[InfoVolna.com] Рекомендованный план питания 1900 вариант 7.pdf,poor nutrition feasibility; missing steps; poor nutrition calculation feasibility; ingredient-only snack row,,low,,good,poor,choose one best source variant before any import,verify whether this is a no-cook snack or an incomplete recipe; InfoVolna snack row is more menu item than recipe; InfoVolna meal-plan row; check it works as a standalone recipe; title was inferred or looks like a source fragment; same source title appears 3 times in this workbook,
Все рецепты!R394 | InfoVolna | page/file [InfoVolna.com] Рекомендованный план питания 2000 вариант 7.pdf | variant 7 перекус 1,"Йогурт питьевой 290 мл (например активия, без вкусов и сахара, по желанию можно добавить сахзам)",MAYBE_REVIEW,54,snack,unknown,easy,"Йогурт питьевой; (например активия, без вкусов и; сахара, по желанию можно; добавить сахзам)","Йогурт питьевой 290 мл
(например активия, без вкусов и
сахара, по желанию можно
добавить сахзам)",,"КБЖУ перекус
228
9
7
29",[InfoVolna.com] Рекомендованный план питания 2000 вариант 7.pdf,poor nutrition feasibility; missing steps; poor nutrition calculation feasibility; ingredient-only snack row,,low,,good,poor,choose one best source variant before any import,verify whether this is a no-cook snack or an incomplete recipe; InfoVolna snack row is more menu item than recipe; InfoVolna meal-plan row; check it works as a standalone recipe; title was inferred or looks like a source fragment; same source title appears 3 times in this workbook,
Все рецепты!R291 | InfoVolna | page/file [InfoVolna.com] Рекомендованый план питания 1700 вариант 7.pdf | variant 7 перекус 2,йогурт питьевой активия 290гр без сахара,MAYBE_REVIEW,54,snack,unknown,easy,йогурт питьевой активия; без сахара,"йогурт питьевой активия 290гр
без сахара",,"перекус КБЖУ
151
9
7
13",[InfoVolna.com] Рекомендованый план питания 1700 вариант 7.pdf,poor nutrition feasibility; missing steps; poor nutrition calculation feasibility; ingredient-only snack row,,low,,good,poor,,verify whether this is a no-cook snack or an incomplete recipe; InfoVolna snack row is more menu item than recipe; InfoVolna meal-plan row; check it works as a standalone recipe,
Все рецепты!R286 | InfoVolna | page/file [InfoVolna.com] Рекомендованый план питания 1700 вариант 6.pdf | variant 6 перекус 2,"сметана 15% - 50гр, творог 5% - 200гр",MAYBE_REVIEW,53,snack,unknown,easy,сметана 15%,"сметана 15% - 50гр, творог 5% -
200гр",,"перекус КБЖУ
321
35
17
5",[InfoVolna.com] Рекомендованый план питания 1700 вариант 6.pdf,"missing steps; ingredient-only snack row; positive: usable quantities, protein-forward",,low,,good,medium,check quantities before nutrition calculation; choose one best source variant before any import,verify whether this is a no-cook snack or an incomplete recipe; InfoVolna snack row is more menu item than recipe; InfoVolna meal-plan row; check it works as a standalone recipe; same source title appears 2 times in this workbook,
Все рецепты!R509 | InfoVolna | page/file [InfoVolna.com] Рекомендованный план питания 2700-3000 вариант 1.pdf | variant 1 перекус 1,"сметана 15% - 50гр, творог 5% - 200гр",MAYBE_REVIEW,53,snack,unknown,easy,сметана 15%,"сметана 15% - 50гр, творог 5% -
200гр",,"КБЖУ перекус
425
37
17
29",[InfoVolna.com] Рекомендованный план питания 2700-3000 вариант 1.pdf,"missing steps; ingredient-only snack row; positive: usable quantities, protein-forward",,low,,good,medium,check quantities before nutrition calculation; choose one best source variant before any import,verify whether this is a no-cook snack or an incomplete recipe; InfoVolna snack row is more menu item than recipe; InfoVolna meal-plan row; check it works as a standalone recipe; same source title appears 2 times in this workbook,
Все рецепты!R254 | InfoVolna | page/file [InfoVolna.com] Рекомендованый план питания 1650 вариант 7.pdf | variant 7 перекус 1,"яйцо -2 шт, капучино -300 мл",MAYBE_REVIEW,53,snack,unknown,easy,яйцо,"яйцо -2 шт, капучино -300 мл",,"КБЖУ перекус
236
16
16
5",[InfoVolna.com] Рекомендованый план питания 1650 вариант 7.pdf,"missing steps; ingredient-only snack row; positive: usable quantities, protein-forward",,low,,good,medium,check quantities before nutrition calculation; choose one best source variant before any import,verify whether this is a no-cook snack or an incomplete recipe; InfoVolna snack row is more menu item than recipe; InfoVolna meal-plan row; check it works as a standalone recipe; same source title appears 2 times in this workbook,
Все рецепты!R279 | InfoVolna | page/file [InfoVolna.com] Рекомендованый план питания 1700 вариант 5.pdf | variant 5 перекус 1,"яйцо -2 шт, капучино -300 мл",MAYBE_REVIEW,53,snack,unknown,easy,яйцо,"яйцо -2 шт, капучино -300 мл",,"КБЖУ перекус
236
16
16
5",[InfoVolna.com] Рекомендованый план питания 1700 вариант 5.pdf,"missing steps; ingredient-only snack row; positive: usable quantities, protein-forward",,low,,good,medium,check quantities before nutrition calculation; choose one best source variant before any import,verify whether this is a no-cook snack or an incomplete recipe; InfoVolna snack row is more menu item than recipe; InfoVolna meal-plan row; check it works as a standalone recipe; same source title appears 2 times in this workbook,
Все рецепты!R197 | InfoVolna | page/file [InfoVolna.com] Рекомендованный план питания 1500 вариант 2.pdf | variant 2 ужин,Бульон мясной с говядиной на кости,MAYBE_REVIEW,52,dinner,90+ min,hard,"Бульон мясной с говядиной на; кости. Подобрать кусочек; говдяниы, чтоб мяса было; примерно; не считается, ориентируемся; визуально. Оливковое масло","Бульон мясной с говядиной на
кости. Подобрать кусочек
говдяниы, чтоб мяса было
примерно 150гр, кость по весу
не считается, ориентируемся
визуально. Оливковое масло
5гр, лук, морковка","Варим кусок говядины на
кости примерно 3-4 часа,
чтоб мясо начало отходить от
кости, ближе к готовности
обжарим лук и морковку на
оливкоком масле, добавим в
бульон, посолим поперчим
по вкусу","КБЖУ ужин
325
28
23
0
общее КБЖУ
1520
119
69
102",[InfoVolna.com] Рекомендованный план питания 1500 вариант 2.pdf,"hard/restaurant-style execution; some expensive or less common ingredients; positive: clear cooking steps, usable quantities",,low,,medium,medium,consider replacing rare/expensive items with CIS supermarket alternatives; check quantities before nutrition calculation; choose one best source variant before any import,InfoVolna meal-plan row; check it works as a standalone recipe; same source title appears 2 times in this workbook,
Все рецепты!R302 | InfoVolna | page/file [InfoVolna.com] Рекомендованный план питания 1800 вариант 2.pdf | variant 2 ужин,Бульон мясной с говядиной на кости,MAYBE_REVIEW,52,dinner,90+ min,hard,"Бульон мясной с говядиной на; кости. Подобрать кусочек; говдяниы, чтоб мяса было; примерно; не считается, ориентируемся; визуально. Оливковое масло","Бульон мясной с говядиной на
кости. Подобрать кусочек
говдяниы, чтоб мяса было
примерно 150гр, кость по весу
не считается, ориентируемся
визуально. Оливковое масло
5гр, лук, морковка","Варим кусок говядины на
кости примерно 3-4 часа,
чтоб мясо начало отходить от
кости, ближе к готовности
обжарим лук и морковку на
оливкоком масле, добавим в
бульон, посолим поперчим
по вкусу","КБЖУ ужин
325
28
23
0
общее КБЖУ
1822
164
65
138",[InfoVolna.com] Рекомендованный план питания 1800 вариант 2.pdf,"hard/restaurant-style execution; some expensive or less common ingredients; positive: clear cooking steps, usable quantities",,low,,medium,medium,consider replacing rare/expensive items with CIS supermarket alternatives; check quantities before nutrition calculation; choose one best source variant before any import,InfoVolna meal-plan row; check it works as a standalone recipe; same source title appears 2 times in this workbook,
Все рецепты!R439 | InfoVolna | page/file [InfoVolna.com] Рекомендованный план питания 2300-2400 вариант 2.pdf | variant 2 перекус 1,"банан -1 шт, капучино -300 мл (без сахара)",MAYBE_REVIEW,50,snack,unknown,easy,банан,"банан -1 шт, капучино -300 мл
(без сахара)",,"КБЖУ перекус
229
7
7
33",[InfoVolna.com] Рекомендованный план питания 2300-2400 вариант 2.pdf,missing steps; ingredient-only snack row; positive: usable quantities,,low,,good,medium,check quantities before nutrition calculation,verify whether this is a no-cook snack or an incomplete recipe; InfoVolna snack row is more menu item than recipe; InfoVolna meal-plan row; check it works as a standalone recipe,
Все рецепты!R474 | InfoVolna | page/file [InfoVolna.com] Рекомендованный план питания 2500 вариант 2.pdf | variant 2 перекус 1,"банан -1 шт, капучино -300 мл (без сахара), яблоко - 1шт",MAYBE_REVIEW,50,snack,unknown,easy,банан; яблоко,"банан -1 шт, капучино -300 мл
(без сахара), яблоко - 1шт",,"КБЖУ перекус
278
7
7
47",[InfoVolna.com] Рекомендованный план питания 2500 вариант 2.pdf,missing steps; ingredient-only snack row; positive: usable quantities,,low,,good,medium,check quantities before nutrition calculation,verify whether this is a no-cook snack or an incomplete recipe; InfoVolna snack row is more menu item than recipe; InfoVolna meal-plan row; check it works as a standalone recipe; title was inferred or looks like a source fragment,
Все рецепты!R479 | InfoVolna | page/file [InfoVolna.com] Рекомендованный план питания 2500 вариант 3.pdf | variant 3 перекус 1,"банан -1 шт, орехи (арахис, фундук, миндаль и др) - 40гр, яблоко - 1шт",MAYBE_REVIEW,50,snack,unknown,easy,"банан; фундук, миндаль и др); яблоко","банан -1 шт, орехи (арахис,
фундук, миндаль и др) - 40гр,
яблоко - 1шт",,"КБЖУ перекус
430
12
19
44",[InfoVolna.com] Рекомендованный план питания 2500 вариант 3.pdf,missing steps; ingredient-only snack row; positive: usable quantities,,low,,good,medium,check quantities before nutrition calculation,verify whether this is a no-cook snack or an incomplete recipe; InfoVolna snack row is more menu item than recipe; InfoVolna meal-plan row; check it works as a standalone recipe; title was inferred or looks like a source fragment,
Все рецепты!R444 | InfoVolna | page/file [InfoVolna.com] Рекомендованный план питания 2300-2400 вариант 3.pdf | variant 3 перекус 1,"банан -1 шт, орехи (грецкий, фундук, миндаль и др) - 40гр",MAYBE_REVIEW,50,snack,unknown,easy,"банан; фундук, миндаль и др)","банан -1 шт, орехи (грецкий,
фундук, миндаль и др) - 40гр",,"КБЖУ перекус
366
7
26
26",[InfoVolna.com] Рекомендованный план питания 2300-2400 вариант 3.pdf,missing steps; ingredient-only snack row; positive: usable quantities,,low,,good,medium,check quantities before nutrition calculation,verify whether this is a no-cook snack or an incomplete recipe; InfoVolna snack row is more menu item than recipe; InfoVolna meal-plan row; check it works as a standalone recipe; title was inferred or looks like a source fragment,
Все рецепты!R201 | InfoVolna | page/file [InfoVolna.com] Рекомендованный план питания 1500 вариант 3.pdf | variant 3 перекус 2,капучино -200мл (без сахара) Хзлебцы гречневые корнер 3 шт,MAYBE_REVIEW,50,snack,unknown,easy,капучино; Хзлебцы гречневые корнер,"капучино -200мл (без сахара)
Хзлебцы гречневые корнер 3 шт",,"перекус КБЖУ
125
5
3
20",[InfoVolna.com] Рекомендованный план питания 1500 вариант 3.pdf,missing steps; ingredient-only snack row; positive: usable quantities,,low,,good,medium,check quantities before nutrition calculation,verify whether this is a no-cook snack or an incomplete recipe; InfoVolna snack row is more menu item than recipe; InfoVolna meal-plan row; check it works as a standalone recipe; title was inferred or looks like a source fragment,
Все рецепты!R160 | InfoVolna | page/file [InfoVolna.com] Рекомендованый план питания 1350-1400 вариант 2.pdf | variant 2 обед,Индейка с овощами,MAYBE_REVIEW,50,lunch,unknown,easy,Индейка с овощами. Филе; индейки; деревенски замороженные,"Индейка с овощами. Филе
индейки 100гр, овощи по
деревенски замороженные
200гр",,"КБЖУ обед
366
30
4
52",[InfoVolna.com] Рекомендованый план питания 1350-1400 вариант 2.pdf,"missing steps; some expensive or less common ingredients; possible duplicate; compare with existing: Фасоль с индейкой и овощами; positive: usable quantities, protein-forward",,medium,Фасоль с индейкой и овощами,medium,medium,consider replacing rare/expensive items with CIS supermarket alternatives; check quantities before nutrition calculation; compare with similar existing recipe,verify whether this is a no-cook snack or an incomplete recipe; InfoVolna meal-plan row; check it works as a standalone recipe; duplicate similarity score 0.682,
Все рецепты!R208 | InfoVolna | page/file [InfoVolna.com] Рекомендованный план питания 1500 вариант 5.pdf | variant 5 завтрак,Арахисовая паста с хлебцом DR korner,MAYBE_REVIEW,49,breakfast,unknown,easy,Арахисовая паста с хлебцом DR; korner. Арахисовая паста; хлебца др корнер,"Арахисовая паста с хлебцом DR
korner. Арахисовая паста 50гр, 3
хлебца др корнер",,"КБЖУ завтрак
365
17
23
22",[InfoVolna.com] Рекомендованный план питания 1500 вариант 5.pdf,poor nutrition feasibility; missing steps; poor nutrition calculation feasibility,,low,,good,poor,,verify whether this is a no-cook snack or an incomplete recipe; InfoVolna meal-plan row; check it works as a standalone recipe,
Все рецепты!R269 | InfoVolna | page/file [InfoVolna.com] Рекомендованый план питания 1700 вариант 3.pdf | variant 3 перекус 1,йогурт греческий ТЕОС 240гр,MAYBE_REVIEW,49,snack,unknown,easy,йогурт греческий ТЕОС,йогурт греческий ТЕОС 240гр,,"КБЖУ перекус
160
20
5
10",[InfoVolna.com] Рекомендованый план питания 1700 вариант 3.pdf,poor nutrition feasibility; missing steps; poor nutrition calculation feasibility; ingredient-only snack row,,low,,good,poor,choose one best source variant before any import,verify whether this is a no-cook snack or an incomplete recipe; InfoVolna snack row is more menu item than recipe; InfoVolna meal-plan row; check it works as a standalone recipe; same source title appears 2 times in this workbook,
Все рецепты!R276 | InfoVolna | page/file [InfoVolna.com] Рекомендованый план питания 1700 вариант 4.pdf | variant 4 перекус 2,йогурт греческий ТЕОС 240гр,MAYBE_REVIEW,49,snack,unknown,easy,йогурт греческий ТЕОС,йогурт греческий ТЕОС 240гр,,"перекус КБЖУ
160
20
5
10",[InfoVolna.com] Рекомендованый план питания 1700 вариант 4.pdf,poor nutrition feasibility; missing steps; poor nutrition calculation feasibility; ingredient-only snack row,,low,,good,poor,choose one best source variant before any import,verify whether this is a no-cook snack or an incomplete recipe; InfoVolna snack row is more menu item than recipe; InfoVolna meal-plan row; check it works as a standalone recipe; same source title appears 2 times in this workbook,
Все рецепты!R481 | InfoVolna | page/file [InfoVolna.com] Рекомендованный план питания 2500 вариант 3.pdf | variant 3 перекус 2,"Протеин 30гр на воде, половина тульского пряника",MAYBE_REVIEW,47,snack,unknown,easy,Протеин; тульского пряника,"Протеин 30гр на воде, половина
тульского пряника",,"перекус КБЖУ
306
25
6
38",[InfoVolna.com] Рекомендованный план питания 2500 вариант 3.pdf,poor nutrition feasibility; missing steps; poor nutrition calculation feasibility; ingredient-only snack row,,low,,good,poor,,verify whether this is a no-cook snack or an incomplete recipe; InfoVolna snack row is more menu item than recipe; InfoVolna meal-plan row; check it works as a standalone recipe,
Все рецепты!R299 | InfoVolna | page/file [InfoVolna.com] Рекомендованный план питания 1800 вариант 2.pdf | variant 2 перекус 1,протеиновый шейк на молоке (250мл),MAYBE_REVIEW,47,snack,unknown,easy,протеиновый шейк на молоке,"протеиновый шейк на молоке
(250мл)",,"КБЖУ перекус
243
32
7
16",[InfoVolna.com] Рекомендованный план питания 1800 вариант 2.pdf,poor nutrition feasibility; missing steps; poor nutrition calculation feasibility; ingredient-only snack row,,low,,good,poor,choose one best source variant before any import,verify whether this is a no-cook snack or an incomplete recipe; InfoVolna snack row is more menu item than recipe; InfoVolna meal-plan row; check it works as a standalone recipe; same source title appears 3 times in this workbook,
Все рецепты!R311 | InfoVolna | page/file [InfoVolna.com] Рекомендованный план питания 1800 вариант 4.pdf | variant 4 перекус 2,протеиновый шейк на молоке (250мл),MAYBE_REVIEW,47,snack,unknown,easy,протеиновый шейк на молоке,"протеиновый шейк на молоке
(250мл)",,"перекус КБЖУ
243
32
7
16",[InfoVolna.com] Рекомендованный план питания 1800 вариант 4.pdf,poor nutrition feasibility; missing steps; poor nutrition calculation feasibility; ingredient-only snack row,,low,,good,poor,choose one best source variant before any import,verify whether this is a no-cook snack or an incomplete recipe; InfoVolna snack row is more menu item than recipe; InfoVolna meal-plan row; check it works as a standalone recipe; same source title appears 3 times in this workbook,
Все рецепты!R326 | InfoVolna | page/file [InfoVolna.com] Рекомендованный план питания 1800 вариант 7.pdf | variant 7 перекус 2,протеиновый шейк на молоке (250мл),MAYBE_REVIEW,47,snack,unknown,easy,протеиновый шейк на молоке,"протеиновый шейк на молоке
(250мл)",,"перекус КБЖУ
243
32
7
16",[InfoVolna.com] Рекомендованный план питания 1800 вариант 7.pdf,poor nutrition feasibility; missing steps; poor nutrition calculation feasibility; ingredient-only snack row,,low,,good,poor,choose one best source variant before any import,verify whether this is a no-cook snack or an incomplete recipe; InfoVolna snack row is more menu item than recipe; InfoVolna meal-plan row; check it works as a standalone recipe; same source title appears 3 times in this workbook,
Все рецепты!R284 | InfoVolna | page/file [InfoVolna.com] Рекомендованый план питания 1700 вариант 6.pdf | variant 6 перекус 1,"Груша - 1шт, яблоко - 1 шт,",MAYBE_REVIEW,45,snack,unknown,easy,Груша,"Груша - 1шт, яблоко - 1 шт,",,"КБЖУ перекус
134
1
1
30",[InfoVolna.com] Рекомендованый план питания 1700 вариант 6.pdf,missing steps; ingredient-only snack row; positive: usable quantities,,low,,good,medium,check quantities before nutrition calculation; choose one best source variant before any import,verify whether this is a no-cook snack or an incomplete recipe; InfoVolna snack row is more menu item than recipe; InfoVolna meal-plan row; check it works as a standalone recipe; same source title appears 2 times in this workbook,
Все рецепты!R321 | InfoVolna | page/file [InfoVolna.com] Рекомендованный план питания 1800 вариант 6.pdf | variant 6 перекус 2,"Груша - 1шт, яблоко - 1 шт,",MAYBE_REVIEW,45,snack,unknown,easy,Груша,"Груша - 1шт, яблоко - 1 шт,",,"перекус КБЖУ
134
1
1
30",[InfoVolna.com] Рекомендованный план питания 1800 вариант 6.pdf,missing steps; ingredient-only snack row; positive: usable quantities,,low,,good,medium,check quantities before nutrition calculation; choose one best source variant before any import,verify whether this is a no-cook snack or an incomplete recipe; InfoVolna snack row is more menu item than recipe; InfoVolna meal-plan row; check it works as a standalone recipe; same source title appears 2 times in this workbook,
Все рецепты!R154 | InfoVolna | page/file [InfoVolna.com] Рекомендованый план питания 1350-1400 вариант 1.pdf | variant 1 перекус 1,греческий йогрут теос 240гр,MAYBE_REVIEW,42,snack,unknown,easy,греческий йогрут теос,греческий йогрут теос 240гр,,"КБЖУ перекус
160
20
5
10",[InfoVolna.com] Рекомендованый план питания 1350-1400 вариант 1.pdf,poor nutrition feasibility; missing steps; poor nutrition calculation feasibility; ingredient-only snack row,,low,,good,poor,choose one best source variant before any import,verify whether this is a no-cook snack or an incomplete recipe; InfoVolna snack row is more menu item than recipe; InfoVolna meal-plan row; check it works as a standalone recipe; same source title appears 2 times in this workbook,
Все рецепты!R181 | InfoVolna | page/file [InfoVolna.com] Рекомендованый план питания 1350-1400 вариант 6.pdf | variant 6 перекус 2,греческий йогрут теос 240гр,MAYBE_REVIEW,42,snack,unknown,easy,греческий йогрут теос,греческий йогрут теос 240гр,,"перекус КБЖУ
160
20
5
10",[InfoVolna.com] Рекомендованый план питания 1350-1400 вариант 6.pdf,poor nutrition feasibility; missing steps; poor nutrition calculation feasibility; ingredient-only snack row,,low,,good,poor,choose one best source variant before any import,verify whether this is a no-cook snack or an incomplete recipe; InfoVolna snack row is more menu item than recipe; InfoVolna meal-plan row; check it works as a standalone recipe; same source title appears 2 times in this workbook,
Все рецепты!R5 | SWBAND.CO | page/file 8,Белковые кебабы из говядины и цукини,REJECT,68,unknown,30-45 min,medium,Постная говядина; Цукини; лук; Зира,"- 700 г
Постная говядина
Цукини — 250 г
лук - 120 г
Зира — 5 г
Соль — 10 г","1.
Лук натереть и слегка отжать сок.
2.
Цукини натереть на тёрке, отжать
лишнюю жидкость.
З.
Мясо мелко порубить или взять готовый
фарш.
Смешать фарш с луком, цукини и
4.
специями.
Отбивать массу 5 мин до вязкости.
5.
Охладить 40 мин.
Сформировать кебабы на шампурах.
6.
Жарить 10 мин, переворачивая.
7.","О Говядина — лучший источник гемового железа, которое усваивается в 2—3 раза
лучше, чем растительное. Также содержит цинк, необходимый для иммунитета и
заживления тканей. Цукини увеличивает объём блюда при минимальной
калорийности и добавляет клетчатку, замедляющую усвоение белка.
Показания: При железодефицитной анемии и активных силовых тренировках.
Большой объ “ м блюда при умеренной калорийнору
кебаба (-1804
Порция: 1",[SWBAND.CO] 102 рецепта для снижения веса тела.pdf,requires grill/mangal/open fire,requires grill/mangal/open fire,low,,good,good,would need oven/pan adaptation,SWBAND row came from OCR extraction; verify text and quantities; source notes may contain OCR artifacts,
Все рецепты!R88 | SWBAND.CO | page/file 98,Пицца на основе цветной капусты,REJECT,66,breakfast,15-30 min,medium,"Основа: цветная капуста; яйца; Начинка: моцарелла Iight; индейка-гриль; Капусту нужно хорошо отжать; Основа из цветной капусты содержит глюкозинолаты, которые","Основа: цветная капуста — 700 г,
яйца — 2 шт., пармезан — 50 г, соль
• Начинка: моцарелла Iight
- 180 г,
индейка-гриль — 250 г, томаты — 150
Д
Капусту нужно хорошо отжать — лишняя влага делает основу мягкой!
О
Основа из цветной капусты содержит глюкозинолаты, которые
превращаются в сульфорафан с противоопухолевым действием. По
сравнению с традиционной пиццей: вдвое меньше углеводов, втрое
больше кл","1.
Капусту измельчить в блендере.
2.
Выложить на противень и запечь 12
мин.
З.
Хорошо отжать через полотенце.
4.
Смешать с яйцами и пармезаном.
Выпекать основу 20 мин при 200 0 С.
5.
6.
Добавить начинку. Допечь 10 мин.",Показания: при диа ЦХ5ф;Л'кетодиете.,[SWBAND.CO] 102 рецепта для снижения веса тела.pdf,rare/expensive ingredients; duplicate or near-duplicate of current FoodBalance recipe; poor CIS ingredient availability,rare/expensive ingredients; duplicate or near-duplicate of current FoodBalance recipe,high,Пицца на основе из цветной капусты,poor,good,replace rare or expensive ingredients; deduplicate against existing recipe before any import,SWBAND row came from OCR extraction; verify text and quantities; duplicate similarity score 1.05; source notes may contain OCR artifacts,
Все рецепты!R54 | SWBAND.CO | page/file 61,Кабачки на гриле с творожным кремом,REJECT,63,unknown,up to 15 min,medium,"Кабачки; Крем: мягкий творог; г, петрушка; мл, оливковое масло","• Кабачки — 700 г
• Рафинированное масло — 15 мл
Крем: мягкий творог — 250 г, мята
15 г, петрушка — 15 г, лимонный сок
10 мл, оливковое масло — 10 мл,
соль — 5 г","1.
Кабачки нарезать длинными
пластинами (0,5—1 см).
2.
Смазать маслом.
З.
Обжарить на гриле по 2 мин с
каждой стороны.
4.
Смешать творог, зелень, лимонный
сок, масло и соль.
5.
Подать тёплые кабачки с
творожным кремом.","О А Кабачок — один из самых лёгких для переваривания овощей. Он
практически не содержит грубой клетчатки, что безопасно при
обострениях ЖКТ. Мята содержит ментол, снимающий спазмы кишечника.
Творожный крем с мятой добавляет белок и кальций.
заболеваниях ЖКТ, в том числе п и гост ите и
с ии. Хорош переносится пож лыми.
панкреати в стадии p,etqg:
Порция: —3 пласта кабачка + крем",[SWBAND.CO] 102 рецепта для снижения веса тела.pdf,requires grill/mangal/open fire,requires grill/mangal/open fire,low,,good,good,would need oven/pan adaptation,SWBAND row came from OCR extraction; verify text and quantities; source notes may contain OCR artifacts,
Все рецепты!R14 | SWBAND.CO | page/file 17,Котлеты из чечевицы и индейки,REJECT,63,unknown,15-30 min,medium,Филе индейки; Чечевица; стакан; Яйцо; Белок яйца; Лук репчатый,"• Филе индейки (или фарш) — 500 г
Чечевица (красная или зелёная)
стакан (200 г, в сухом виде)
Яйцо — 1 шт.
Белок яйца — 1 шт. (для увеличения белка)
Лук репчатый — 1 шт. (мелкий, сырой или
припущенный)
Чеснок — 1—2 зубчика
Овсяные отруби — 2—3 ст. ложки (вместо
сухарей, для связки)
Соль, перец — по вкусу
Немного воды или нежирного йогурта
2 ст. ложки, если смесь суховата","1.
Промойте и варите чечевицу 15—20 минут
до мягкости без соли. Откиньте на сито,
остудите.
2.
Измельчите всё в блендере или
мясорубке.
Сформируйте котлеты и запеките при
З.
1800С 25—30 минут, перевернув на","О Чечевица — богатый источник растительного белка, железа и клетчатки, питающей
микробиом кишечника. Индейка обеспечивает полноценный животный белок с
минимумом жира. Овсяные отруби дополнительно снижают гликемический индекс
блюда.
Показания:РеКОмендуетсйЛрИИСАиженИйв
ара в крови и
поддержке пи еварения. Г18фддтври",[SWBAND.CO] 102 рецепта для снижения веса тела.pdf,requires grill/mangal/open fire,requires grill/mangal/open fire,low,,good,good,would need oven/pan adaptation,SWBAND row came from OCR extraction; verify text and quantities; source notes may contain OCR artifacts,
Все рецепты!R125 | InfoVolna | page/file [InfoVolna.com] Рекомендованый план питания 1300 вариант 2.pdf | variant 2 обед,Медальоны из птицы с гречкой,REJECT,63,lunch,15-30 min,easy,Медальоны из птицы с гречкой; Медальоны из индейки; (можно заменить на; куриную грудку); Помидор; rp,"Медальоны из птицы с гречкой.
Медальоны из индейки - 100 rp.
(можно заменить на
куриную грудку); Помидор - 100
rp. ;
Болгарский перец - 70 rp.;
Баклажан - 100 rp.; Сметана 15%
-50 rp.;
Гречка - 50 rp. (в сухом виде);
Соль, перец, специи - по вкусу.
Помидор -1шт, огурец - 1шт","Гречку отварить. Медальоны
нарезать на средне-круп ные
кусочки. В сметану добавляем
соль, перец, специи (можно
итальянских трав, паприки и
чеснока сушеного).
Перемешиваем. Маринуем
медальоны в сметанном coyce.
Нарезаем перец, баклажан и
помидор на крупные кусочки и
добавляем к индейке. Все
получившееся отправляем в
форму для запекания и
отправляем в заранее
разогретую до 200 градусов
духовку. Запекаем около 25
минут. Едим индейку с гречкой.","КБЖУ обед
319
26
10
32",[InfoVolna.com] Рекомендованый план питания 1300 вариант 2.pdf,mostly sugar dessert,mostly sugar dessert,low,,good,medium,check quantities before nutrition calculation; choose one best source variant before any import,InfoVolna meal-plan row; check it works as a standalone recipe; same source title appears 12 times in this workbook,
Все рецепты!R480 | InfoVolna | page/file [InfoVolna.com] Рекомендованный план питания 2500 вариант 3.pdf | variant 3 обед,Медальоны из птицы с гречкой,REJECT,63,lunch,15-30 min,easy,Медальоны из птицы с гречкой; Медальоны из индейки; (можно заменить на; куриную грудку); Помидор; rp,"Медальоны из птицы с гречкой.
Медальоны из индейки - 500 rp.
(можно заменить на
куриную грудку); Помидор - 100
rp. ;
Болгарский перец - 70 rp.;
Баклажан - 100 rp.; Сметана 15%
- 100 rp.;
Гречка - 160 rp. (в сухом виде);
Соль, перец, специи - по вкусу.
огурец - 1шт, помидор - 1шт
ЗДЕСЬ ИНГРИДИЕНТЫ НА ДВЕ
ПОРЦИЮ УКАЗАН НИЖЕ.
Ингредиенты делим пополам","Гречку отварить. Медальоны
нарезать на средне-круп ные
кусочки. В сметану добавляем
соль, перец, специи (у нас чуть
итальянских трав, паприки и
чеснока сушеного).
Перемешиваем. Маринуем
медальоны в сметанном coyce.
Нарезаем перец, баклажан и
помидор на крупные кусочки и
добавляем к индейке. Все
получившееся отправляем в
форму для запекания и
отправляем в заранее
разогретую до 200 градусов
духовку. Запекаем около 25
минут. Едим индейку с гречкой.
Дан ное количество
ингредиентов рассчитано на 2
раза (или на 2 человек).
Получившуюся порцию делим
пополам.","КБЖУ обед
611
70
15
52",[InfoVolna.com] Рекомендованный план питания 2500 вариант 3.pdf,mostly sugar dessert,mostly sugar dessert,low,,good,medium,check quantities before nutrition calculation; choose one best source variant before any import,InfoVolna meal-plan row; check it works as a standalone recipe; same source title appears 12 times in this workbook,
Все рецепты!R520 | InfoVolna | page/file [InfoVolna.com] Рекомендованный план питания 2700-3000 вариант 3.pdf | variant 3 обед,Медальоны из птицы с гречкой,REJECT,63,lunch,15-30 min,easy,Медальоны из птицы с гречкой; Медальоны из индейки; (можно заменить на; куриную грудку); Помидор; rp,"Медальоны из птицы с гречкой.
Медальоны из индейки - 500 rp.
(можно заменить на
куриную грудку); Помидор - 100
rp. ;
Болгарский перец - 70 rp.;
Баклажан - 100 rp.; Сметана 15%
- 100 rp.;
Гречка - 160 rp. (в сухом виде);
Соль, перец, специи - по вкусу.
огурец - 1шт, помидор - 1шт
ЗДЕСЬ ИНГРИДИЕНТЫ НА ДВЕ
ПОРЦИЮ УКАЗАН НИЖЕ.
Ингредиенты делим пополам","Гречку отварить. Медальоны
нарезать на средне-круп ные
кусочки. В сметану добавляем
соль, перец, специи (у нас чуть
итальянских трав, паприки и
чеснока сушеного).
Перемешиваем. Маринуем
медальоны в сметанном coyce.
Нарезаем перец, баклажан и
помидор на крупные кусочки и
добавляем к индейке. Все
получившееся отправляем в
форму для запекания и
отправляем в заранее
разогретую до 200 градусов
духовку. Запекаем около 25
минут. Едим индейку с гречкой.
Дан ное количество
ингредиентов рассчитано на 2
раза (или на 2 человек).
Получившуюся порцию делим
пополам.","КБЖУ обед
611
70
15
52",[InfoVolna.com] Рекомендованный план питания 2700-3000 вариант 3.pdf,mostly sugar dessert,mostly sugar dessert,low,,good,medium,check quantities before nutrition calculation; choose one best source variant before any import,InfoVolna meal-plan row; check it works as a standalone recipe; same source title appears 12 times in this workbook,
Все рецепты!R12 | SWBAND.CO | page/file 15,Рубленые котлеты из куриного филе с луком-пореем,REJECT,63,unknown,15-30 min,medium,Куриное филе; Лук-порей; Чеснок; Сушёный тимьян,"Куриное филе — 700 г
Лук-порей (белая часть)
- 180 г
. Чеснок — 8г
• Соль — 8 г • Чёрный перец — Зг
Сушёный тимьян — 2 г
• Рафинированное масло — 10 мл","1.
Куриное филе очень мелко порубите
ножом, почти до состояния фарша.
2.
Лук-порей разрежьте вдоль, промойте и
очень мелко нарежьте.
З.
Чеснок измельчите.
4.
вымешивайте 2—3 минуты, слегка отбивая
массу — появится связка без яйцо.
5.
Охладите 20 минут. Влажными руками
сформируйте плоские котлеты.
Запекайте при 200 0 С 18—20 минут.
6.
7.
Подавайте с дзадзики или томатной
сальсой.","О Куриное филе — источник легкоусвояемого белка (24 г на 100 г) с минимумом жира.
Лук-порей содержит пребиотики инулинового типа, питающие полезную микрофлору
кишечника.
Показания: Рекомендуется при снижении веса и для восстановления после
тренировок.
котлеты (-200
Порция:",[SWBAND.CO] 102 рецепта для снижения веса тела.pdf,requires grill/mangal/open fire,requires grill/mangal/open fire,low,,good,good,would need oven/pan adaptation,SWBAND row came from OCR extraction; verify text and quantities; source notes may contain OCR artifacts,
Все рецепты!R36 | SWBAND.CO | page/file 41,Белковый ромеско лайт,REJECT,61,unknown,15-30 min,medium,Красный сладкий перец; Мягкий творог; Миндаль; Чеснок; Копчёная паприка; Оливковое масло,"Красный сладкий перец
- 250 г
• Мягкий творог — 150 г
• Миндаль — 30 г
Чеснок — 6 г
Копчёная паприка — 4 г
Оливковое масло — 10 мл
Лимонный сок — 15 мл
Соль — 5 г","Перцы запечь при 2200С 20—25 мин
1.
до подпалин.
2.
Переложить в миску под крышку на
10 мин, снять кожицу.
З.
Миндаль подсушить на сухой
сковороде 2 мин.
4.
Пробить перцы, творог, миндаль,
чеснок, паприку, лимон, масло и
соль до густого кремового соуса.","О Запечённый перец содержит больше витамина С, чем свежий. Миндаль
добавляет витамин Е и мононенасыщенные жиры. Творог заменяет
традиционный ромеско на большом количестве оливкового масла и орехов
— значительно снижает калорийность при сохранении насыщенной
текстуры.
Показания: Высокобелковая альтернатива жирным соус м. Подходит для
снижения веса и при пов",[SWBAND.CO] 102 рецепта для снижения веса тела.pdf,standalone sauce/dip/marinade,standalone sauce/dip/marinade,low,,good,medium,check quantities before nutrition calculation,SWBAND row came from OCR extraction; verify text and quantities; source notes may contain OCR artifacts,
Все рецепты!R13 | SWBAND.CO | page/file 16,Котлеты из свежей скумбрии с творогом,REJECT,58,unknown,15-30 min,medium,"Филе свежей скумбрии; Творог; Чеснок; Укроп; Соль, перец","Филе свежей скумбрии
— 400 г
• Творог (50/0) - 100 г
• Чеснок — 1 зубчик
Укроп — 1 пучок
• Соль, перец — по вкусу","1.
Скумбрию измельчить в блендере.
2.
Добавить творог, укроп и чеснок,
посолить и поперчить.
Сформировать котлеты.
З.
Запечь при 1800С -20 минут или
4.
обжарить на сухой сковороде.","О Скумбрия — один из лучших источников омега-З жирных кислот (ЕРА и
ОНА), которые снижают воспаление, поддерживают здоровье сердца и
мозга. Творог добавляет кальций и дополнительный белок при минимуме
углеводов.
Показания: Рекомендуется для поддержания гормонального баланса,
здоровья суставов и сердечно-сосудистой системы.
“2КОТћеТЬТ(М8
Порция.
Получаютс нежные и сочные, с выраженным вкусом рыбь",[SWBAND.CO] 102 рецепта для снижения веса тела.pdf,requires grill/mangal/open fire,requires grill/mangal/open fire,low,,good,medium,check quantities before nutrition calculation; would need oven/pan adaptation,SWBAND row came from OCR extraction; verify text and quantities; source notes may contain OCR artifacts,
Все рецепты!R11 | SWBAND.CO | page/file 14,Креветки в цитрусово чесночном маринаде,REJECT,56,unknown,15-30 min,medium,Креветки; Йогурт; Лайм; Чеснок; Копчёная паприка,"Креветки — 1 кг
Йогурт — 100 г
Лайм — 1 шт.
Чеснок — 10 г
Копчёная паприка — 4 г
Рафинированное масло — 15 мл
Соль — 8 г","1.
Смешать йогурт, сок и цедру
лайма, чеснок, паприку, масло и
соль.
2.
Замариновать очищенные
креветки на 30 мин.
З.
Нанизать на шпОжки.
4.
Жарить по 2 мин с каждой
стороны.","О Креветки богаты йодом — 100 г покрывают около 20% суточной
нормы. Копчёная паприка при жарке карамелизируется и образует
плотную корочку, удерживающую сок внутри. Йогурт в маринаде
снижает жёсткость при высокой температуре.
Показания: При гипотиреозе и дефиците йода. Хорошо подходит для
снижения веса — высока- белок г и низко? калорийност
Порция: —250 г креветок",[SWBAND.CO] 102 рецепта для снижения веса тела.pdf,requires grill/mangal/open fire; some expensive or less common ingredients,requires grill/mangal/open fire,low,,medium,good,consider replacing rare/expensive items with CIS supermarket alternatives; would need oven/pan adaptation,SWBAND row came from OCR extraction; verify text and quantities; source notes may contain OCR artifacts,
Все рецепты!R7 | SWBAND.CO | page/file 10,Шашлычки из курицы с халуми,REJECT,56,unknown,15-30 min,medium,Куриное филе; Халуми; Цукини; мл; Паприка,"- 500 г
Куриное филе
• Халуми — 180 г
Цукини — 200 г
Лимонный сок — 20 мл
• Рафинированное масло
- 15 мл
• Соль —8 г
• Паприка — 4 г","Смешать масло, лимонный сок,
1.
паприку и соль — маринад.
2.
Курицу нарезать кубиками,
мариновать 30 мин.
Халуми нарезать кубиками, цукини —
З.
шайбами.
4.
Нанизать на шпажки, чередуя:
курица — цукини — халуми.
Обжарить на гриле или сковороде-
5.
гриль 8—10 мин.","О Халуми не плавится при жарке благодаря особой технологии производства
— нагрев перед засолкой меняет структуру белка. При жарке образует
хрустящую корочку при упругой текстуре внутри. Куриное филе в паприковом
маринаде даёт высокий белок. Цукини снижает общую калорийность шпажек.
и
Показания: При дефиците кальция. Хорошо подходит как белковая закуска
на пикнике и после треуровки.
Порция:
—3 шпажки",[SWBAND.CO] 102 рецепта для снижения веса тела.pdf,requires grill/mangal/open fire; some expensive or less common ingredients,requires grill/mangal/open fire,low,,medium,good,consider replacing rare/expensive items with CIS supermarket alternatives; would need oven/pan adaptation,SWBAND row came from OCR extraction; verify text and quantities; source notes may contain OCR artifacts,
Все рецепты!R246 | InfoVolna | page/file [InfoVolna.com] Рекомендованый план питания 1600 вариант 5.pdf | variant 5 перекус 2,"Творог 2% - 100гр, мед 10гр (одна чайная ложка), яблоко 1шт",REJECT,54,snack,5-15 min,easy,Творог 2%; яблоко,"Творог 2% - 100гр, мед 10гр
(одна чайная ложка), яблоко 1шт","можно яблоко мелко
нарезать и мед добавить в
творог, можно съесть все по
отдельности","перекус КБЖУ
210
18
3
26",[InfoVolna.com] Рекомендованый план питания 1600 вариант 5.pdf,drink/cocktail,drink/cocktail,low,,good,medium,check quantities before nutrition calculation; choose one best source variant before any import,InfoVolna meal-plan row; check it works as a standalone recipe; title was inferred or looks like a source fragment; same source title appears 3 times in this workbook,
Все рецепты!R289 | InfoVolna | page/file [InfoVolna.com] Рекомендованый план питания 1700 вариант 7.pdf | variant 7 перекус 1,"Творог 2% - 100гр, мед 10гр (одна чайная ложка), яблоко 1шт",REJECT,54,snack,5-15 min,easy,Творог 2%; яблоко,"Творог 2% - 100гр, мед 10гр
(одна чайная ложка), яблоко 1шт","можно яблоко мелко
нарезать и мед добавить в
творог, можно съесть все по
отдельности","КБЖУ перекус
210
18
3
26",[InfoVolna.com] Рекомендованый план питания 1700 вариант 7.pdf,drink/cocktail,drink/cocktail,low,,good,medium,check quantities before nutrition calculation; choose one best source variant before any import,InfoVolna meal-plan row; check it works as a standalone recipe; title was inferred or looks like a source fragment; same source title appears 3 times in this workbook,
Все рецепты!R344 | InfoVolna | page/file [InfoVolna.com] Рекомендованный план питания 1900 вариант 4.pdf | variant 4 перекус 1,"Творог 2% - 100гр, мед 10гр (одна чайная ложка), яблоко 1шт",REJECT,54,snack,5-15 min,easy,Творог 2%; яблоко,"Творог 2% - 100гр, мед 10гр
(одна чайная ложка), яблоко 1шт","можно яблоко мелко
нарезать и мед добавить в
творог, можно съесть все по
отдельности","КБЖУ перекус
210
18
3
26",[InfoVolna.com] Рекомендованный план питания 1900 вариант 4.pdf,drink/cocktail,drink/cocktail,low,,good,medium,check quantities before nutrition calculation; choose one best source variant before any import,InfoVolna meal-plan row; check it works as a standalone recipe; title was inferred or looks like a source fragment; same source title appears 3 times in this workbook,
Все рецепты!R104 | SWBAND.CO | page/file 116,Белковый чизкейк,REJECT,53,unknown,30-45 min,medium,Творог; йогурт; Яйца; Финики; Ванилин; Запекание при 1600С,"• Творог — 500 г
• йогурт — 200 г
Яйца — З шт.
• Финики — 120 г
• Ванилин — щепотка
Запекание при 1600С — ключевой момент: белок не пересыхает. Полностью
Д
остужать обязательно — при нарезке в горячем виде чизкейк рассыпается!
О
Творог и йогурт дают много белка при умеренной калорийности. Финики
заменяют сахар.щдобавляют клетчатк .","1.
Финики замочите в горячей воде на 15
минут, затем удалите косточки.
2.
погружным блендером до
однородной массы.
З.
Перелейте в форму с высокими
бортами.
Запекайте 40 минут при 16000.
4.
5.
Полностью остудите перед подачей.","Показания: при цели Диадкобелковый есерт для
спортсмено .",[SWBAND.CO] 102 рецепта для снижения веса тела.pdf,drink/cocktail,drink/cocktail,low,,good,medium,check quantities before nutrition calculation,SWBAND row came from OCR extraction; verify text and quantities; source notes may contain OCR artifacts,
Все рецепты!R113 | SWBAND.CO | page/file 125,Клубничный тарт в лаваше,REJECT,53,unknown,up to 15 min,medium,Лаваш; Творог; Клубника; Кокосовый или тростниковый; сахар; Ванилин,"• Лаваш — 2 листа
• Творог — 250 г
• Клубника — 300 г
• Кокосовый или тростниковый
сахар — 20 г
• Ванилин — щепотка","1.
Лаваш нарезать на части.
Запечь при 1900С 5—8 мин до
2.
хруста.
З.
Творог смешать с сахаром и
ванилином.
4.
Клубнику нарезать.
5.
Собрать торт: хрустящий лаваш —
творожный крем — клубника.","О А Лаваш при запекании становится хрустящим без масла — за счёт
испарения влаги. Творог с ванилью и кокосовым сахаром создаёт
лёгкий крем без взбивания. Собирать тарт непосредственно перед
подачей — лаваш быстро размягчается от крема.
Показания: Хорошо.родходит.для быст.рд;р.дес.р
ез выпечки.
Рекоменд тся детям.",[SWBAND.CO] 102 рецепта для снижения веса тела.pdf,drink/cocktail,drink/cocktail,low,,good,medium,check quantities before nutrition calculation,SWBAND row came from OCR extraction; verify text and quantities; source notes may contain OCR artifacts,
Все рецепты!R111 | SWBAND.CO | page/file 123,Наполеон из фило с йогуртовым кремом,REJECT,53,unknown,45-90 min,medium,Тесто фило; Греческий йогурт; Рикотта; Тростниковый сахар; Ванилин; Кокосовая стружка,"Тесто фило — 8 листов
Греческий йогурт — 400 г
• Рикотта — 200 г
Тростниковый сахар — 30 г
Ванилин — щепотка
Кокосовая стружка — 100 г
• Ягоды — 150 г
О
Тесто фило в хлопьях создаёт воздушную слоистую текстуру с минимумом жира.
Греческий йогурт с рикоттой в креме дают белок и кальций. Кокосовая стружка
добавляет среднецепочечные триглицериды. Ягоды поставляют антоцианы.","1.
Листы фило руками порвать на мелкие
хлопья.
2.
Разложить на противне.
Запечь 8—10 мин при 1800С до
З.
золотистости.
Смешать йогурт, рикотту, сахар,
4.
кокосовую стружку и ванилин — крем.
Собирать слоями: стружка фило — крем
5.
— стружка — крем.
Сверху ягоды.
6.
Охладить 1 ч.
7.","Показания: Хорошо подходит как лёгкий праздничный десерт. Рекомендуется
тем, кто хочет снизить потребление жира по сравнению с традиционными тортами.
Порция: 1 рция ($50",[SWBAND.CO] 102 рецепта для снижения веса тела.pdf,drink/cocktail,drink/cocktail,low,,good,medium,check quantities before nutrition calculation,SWBAND row came from OCR extraction; verify text and quantities; source notes may contain OCR artifacts,
Все рецепты!R24 | SWBAND.CO | page/file 28,Лимонно укропный северный маринад для рыбы,REJECT,51,unknown,45-90 min,medium,Греческий йогурт; Цедра одного лимона; Укроп; Горчица; Белый перец,"Греческий йогурт — 180 г
Цедра одного лимона — 5—7 г
Лимонный сок — 20 мл
Укроп — 30 г
Горчица — 8 г (1 ч. л.)
• Белый перец — 2 г
. Соль— 8г","Смешайте йогурт с лимонным
1.
соком, цедрой и горчицей.
2.
Добавьте мелко нарезанный
укроп.
Обмажьте рыбу маринадом.
З.
Выдержите 40 мин в
4.
холодильнике.",,[SWBAND.CO] 102 рецепта для снижения веса тела.pdf,standalone sauce/dip/marinade,standalone sauce/dip/marinade,low,,good,medium,check quantities before nutrition calculation,SWBAND row came from OCR extraction; verify text and quantities,
Все рецепты!R50 | SWBAND.CO | page/file 57,Овощной шашлык с халуми и нутом,REJECT,51,unknown,up to 15 min,medium,Халуми; Варёный нут; Цукини; Баклажан; зоо г; Сладкий перец,"• Халуми — 280 г
• Варёный нут — 300 г
Цукини — 300 г • Баклажан
- зоо г
• Сладкий перец — 250 г
Лимон — 1 шт.
• Рафинированное масло — 20 мл
• Соль —8г• Зира —4 г","Цукини и баклажан нарезать
1.
шайбами, перец — квадратами,
халуми — кубиками.
2.
Смешать масло, сок лимона, соль и
зиру. Обмазать овощи и халуми,
выдержать 15 мин.
З.
Нанизать на шампуры, чередуя.
Жарить 8—10 мин, переворачивая.
4.
5.
Нут прогреть на сковороде с зирой 4
мин.
6.
Подать шашлык на подушке из
тёплого нута.","О Халуми содержит кальций и молочный белок. Нут богат растительным
белком, клетчаткой и фолатом. Зиро добавляет тимохинон с
противовоспалительными свойствами.
и
Показания: Рекомендуэтря вегетариан ам бак полноценн е белковое
блюдо. При овышенном холестеринэ и нижении веса.",[SWBAND.CO] 102 рецепта для снижения веса тела.pdf,requires grill/mangal/open fire; some expensive or less common ingredients,requires grill/mangal/open fire,low,,medium,good,consider replacing rare/expensive items with CIS supermarket alternatives; would need oven/pan adaptation,SWBAND row came from OCR extraction; verify text and quantities; source notes may contain OCR artifacts,
Все рецепты!R3 | SWBAND.CO | page/file 6,Курица в гранатовом маринаде,REJECT,50,unknown,90+ min,hard,Филе бедра без кожи; Гранатовый сок натуральныи; мл; Репчатый лук; Чеснок; Паприка,"• Филе бедра без кожи — 800 г
Гранатовый сок натуральныи
- - 120 мл
• Репчатый лук — 120 г
• Чеснок — 8 г
Паприка — 5 г
Кориандр молотый — 4 г
• Соль— 8г
Чёрный перец — З г
Рафинированное масло виноградной
косточки — 15 мл","1.
Лук натереть на мелкой тёрке.
2.
Чеснок измельчить.
З.
Смешать сок, лук, чеснок, масло,
специи.
4.
Курицу покрыть маринадом.
5.
Убрать в холодильник на 8 часов.
6.
Жарить на гриле по 6—7 минут с каждой
стороны.
7.
После отдыхо 5 минут подавать.","О Гранатовый сок содержит пуникалагины, снижающие артериальное давление
через ингибирование АПФ. В исследованиях 150 мл сока в день снижали
систолическое давление на 5—7 мм рт. ст. Наршараб концентрирует эти вещества
и при жарке образует карамельную глазурь, удерживающую сок в мясе.
Показания: При ПОВЫШеННОМ артериальном давлении и хроническом
воспалении. орошо подходит как основное блюдо.на.снижени веса.
Наги форум:
Порция: 2",[SWBAND.CO] 102 рецепта для снижения веса тела.pdf,requires grill/mangal/open fire; hard/restaurant-style execution,requires grill/mangal/open fire,low,,good,good,would need oven/pan adaptation,SWBAND row came from OCR extraction; verify text and quantities; source notes may contain OCR artifacts,
Все рецепты!R27 | SWBAND.CO | page/file 31,Томатно фенхелевый маринад для рыбы на огне,REJECT,50,unknown,30-45 min,easy,Томатная пассата; Семена фенхеля; Чеснок; Базилик,"Томатная пассата — 120 мл
Семена фенхеля — 5 г
Чеснок — 2 зубчика
Базилик — 20 г
- 10-15 мл
Рафинированное масло
Соль — 8 г","Семена фенхеля слегка растолочь.
1.
2.
Смешать пассату, масло, фенхель,
чеснок и базилик.
Обмазать рыбу. Выдержать 40 мин
З.
в холодильнике.","О Семена фенхеля содержат анетол
— снимает спазмы кишечника,
уменьшает газообразование и облегчает переваривание жирной рыбы.
Томатная пассата добавляет ликопин и кислую среду, которая при жарке
карамелизируется и образует плотную ароматную корочку. Базилик
содержит линалоол с лёгким противовоспалительным эффектом.
Показания: При склонности к вздутию и тяжести после еды. Хорошо
подходит для жирной рыбы— фенхельломогает•её•перев рить.
Порция На 1—1,2 кг рыбьА425 порций",[SWBAND.CO] 102 рецепта для снижения веса тела.pdf,standalone sauce/dip/marinade,standalone sauce/dip/marinade,low,,good,medium,check quantities before nutrition calculation,SWBAND row came from OCR extraction; verify text and quantities; source notes may contain OCR artifacts,
Все рецепты!R48 | SWBAND.CO | page/file 54,Фило-пирог со шпинатом и творогом,REJECT,50,unknown,15-30 min,medium,Тесто фило; Творог; Шпинат; Яйца; В сочетании с творогом и яйцами получается; Тесто фило содержит минимум жира по,"• Тесто фило — 8 листов
• Творог - 350 г
Шпинат — 300 г
Яйца — 2 шт.
• Соль —5 г
О
Шпинат — один из лучших растительных источников фолата и негемового
железа. В сочетании с творогом (кальций) и яйцами (32) получается
сбалансированная начинка. Тесто фило содержит минимум жира по
сравнению с песочным или слоёным тестом.
и","Шпинат припустить 1—2 мин, хорошо
1.
отжать.
2.
Смешать шпинат с творогом, яйцами
и солью.
З.
Форму смазать маслом.
4.
Чередовать слои фило и начинки.
Верхний слой — фило. Смазать
5.
маслом.
Выпекать 30 мин при 19000.
6.","и
Показания: При железодефицитной анемии и беременности — фолат
необходим для азвития нервной т убки плода. Хорошо подходит
вегетарианцам.
: Форум:
Порция: кусок (-200 г",[SWBAND.CO] 102 рецепта для снижения веса тела.pdf,mostly sugar dessert; possible duplicate,mostly sugar dessert,medium,Пирожки с яйцом и творогом,good,medium,check quantities before nutrition calculation; compare with similar existing recipe,SWBAND row came from OCR extraction; verify text and quantities; duplicate similarity score 0.678; source notes may contain OCR artifacts,
Все рецепты!R10 | SWBAND.CO | page/file 13,Кальмары на углях с лимоном и чесноком,REJECT,49,unknown,15-30 min,medium,Кальмары; зо мл; Чеснок; Петрушка; Жарить кальмары не более 2 минут с каждой стороны; термообработке белок сжимается и становится резиновым!,"Кальмары — 1 кг
- зо мл
Рафинированное масло
Чеснок — 15 г
Лимонный сок — 30 мл
Петрушка — 25 г
Соль — 8 г
Д
Жарить кальмары не более 2 минут с каждой стороны — при длительной
термообработке белок сжимается и становится резиновым!
О
Кальмар — один из наиболее диетических морепродуктов: 18—20 г белка на
100 г при минимуме жира. Содержит таурин, поддерживающий работу сердца
и снижающий уровень холестерина.","Смешать масло, измельчённый
1.
чеснок, лимонный сок, петрушку и
соль.
2.
Тушки кальмаров очистить,
надрезать крест-накрест.
Замариновать на 20 минут.
З.
Жарить на углях по 2 минуты с каждой
4.
стороны.","Показания: Рекоменд руся при сердечно-сосудистых заб леваниях,
диабете и с ижении веса.",[SWBAND.CO] 102 рецепта для снижения веса тела.pdf,requires grill/mangal/open fire; some expensive or less common ingredients,requires grill/mangal/open fire,low,,medium,good,consider replacing rare/expensive items with CIS supermarket alternatives; would need oven/pan adaptation,SWBAND row came from OCR extraction; verify text and quantities; source notes may contain OCR artifacts,
Все рецепты!R9 | SWBAND.CO | page/file 12,Лосось на углях с зелёным тахини,REJECT,49,unknown,15-30 min,medium,Филе лосося; Тахини; Лимон; Укроп; Чеснок,"Филе лосося
- 800 г
• Тахини — 40 г
Лимон — 1 шт.
Укроп — 20 г
• Чеснок — 8г
• Соль —8 г","1.
Смешать тахини, сок лимона,
измельчённый укроп, чеснок и соль
получится зелёный соус.
2.
Обмазать филе лосося.
З.
Выдержать 20 минут.
4.
Жарить на решётке по 4—5 минут с
каждой стороны.
5.
Подавать с оставшимся соусом
тахини.","О Лосось — один из лучших источников омега-З (ЭПК и ДГК). ДГК
составляет около 30% структурных жиров мозга. Тахини содержит
кунжутные лигнаны (сезамин), усиливающие антиоксидантный эффект
омега-З.
Показания: При мственной нагрузке, деп ессии, х оническом
воспалени . Обязателе Кеременным — ДГчК,кдитически ва на для
развития м зга плода.",[SWBAND.CO] 102 рецепта для снижения веса тела.pdf,requires grill/mangal/open fire; some expensive or less common ingredients,requires grill/mangal/open fire,low,,medium,good,consider replacing rare/expensive items with CIS supermarket alternatives; would need oven/pan adaptation,SWBAND row came from OCR extraction; verify text and quantities; source notes may contain OCR artifacts,
Все рецепты!R149 | InfoVolna | page/file [InfoVolna.com] Рекомендованый план питания 1300 вариант 7.pdf | variant 7 перекус 1,"Творог 9% - 100гр, мед 10гр (одна чайная ложка),",REJECT,49,snack,5-15 min,easy,Творог 9%,"Творог 9% - 100гр, мед 10гр
(одна чайная ложка),","можно яблоко мелко
нарезать и мед добавить в
творог, можно съесть все по
отдельности","КБЖУ перекус
191
16
9
10",[InfoVolna.com] Рекомендованый план питания 1300 вариант 7.pdf,drink/cocktail,drink/cocktail,low,,good,medium,check quantities before nutrition calculation; choose one best source variant before any import,InfoVolna meal-plan row; check it works as a standalone recipe; same source title appears 2 times in this workbook,
Все рецепты!R179 | InfoVolna | page/file [InfoVolna.com] Рекомендованый план питания 1350-1400 вариант 6.pdf | variant 6 перекус 1,"Творог 9% - 100гр, мед 10гр (одна чайная ложка),",REJECT,49,snack,5-15 min,easy,Творог 9%,"Творог 9% - 100гр, мед 10гр
(одна чайная ложка),","можно яблоко мелко
нарезать и мед добавить в
творог, можно съесть все по
отдельности","КБЖУ перекус
191
16
9
10",[InfoVolna.com] Рекомендованый план питания 1350-1400 вариант 6.pdf,drink/cocktail,drink/cocktail,low,,good,medium,check quantities before nutrition calculation; choose one best source variant before any import,InfoVolna meal-plan row; check it works as a standalone recipe; same source title appears 2 times in this workbook,
Все рецепты!R8 | SWBAND.CO | page/file 11,Форель с травами на гриле,REJECT,49,unknown,15-30 min,medium,Форель; Лимон; Укроп; Петрушка,"• Форель — 1 кг
• Лимон —1 шт.
Укроп — 20 г
• Петрушка — 15 г
• Рафинированное масло — 15 мл
• Соль —8 г","1.
Рыбу очистить, сделать надрезы по
бокам.
2.
Смешать масло, сок лимона, мелко
нарезанную зелень и соль.
З.
Натереть рыбу снаружи и внутри.
4.
Выдержать 20 мин.
5.
Жарить на решётке 12—15 мин,
переворачивая.","О Форель — источник омега-З, витамина D и витамина В12. Витамин D
большинство людей получают в дефиците в осенне-зимний период —
форель один из немногих пищевых источников этого витамина. Укроп и
петрушка добавляют витамин К и фолат.
Показания: При дефиците витамина D, депрессии и снижении
иммунитета осенью и зимой. Хорошо переносится пожилыми и детьми от 10
лет.
Порция: -250 г рыбы",[SWBAND.CO] 102 рецепта для снижения веса тела.pdf,requires grill/mangal/open fire; some expensive or less common ingredients,requires grill/mangal/open fire,low,,medium,good,consider replacing rare/expensive items with CIS supermarket alternatives; would need oven/pan adaptation,SWBAND row came from OCR extraction; verify text and quantities; source notes may contain OCR artifacts,
Все рецепты!R58 | SWBAND.CO | page/file 65,Шашлык из шампиньонов и халуми,REJECT,49,unknown,15-30 min,medium,"Шампиньоны; Халуми; Маринад: рафинированное масло; мл, лимон; З г, соль; Для подачи: оливковое масло","• Шампиньоны — 500 г
• Халуми — 250 г
• Маринад: рафинированное масло
— 15 мл, лимон — 10 мл, паприка —
З г, соль — 5 г
• Для подачи: оливковое масло
extra virgin — 5 мл
о
Шампиньоны — один из немногих растительных источников витамина
О. Если выставить их на солнце шляпками вниз на 15—20 минут перед
глюканы в шомпиньонох стимулируют активность клеток иммунитета.
Халуми добавляет кальций и молочный белок.","1.
Смешать маринад.
2.
Грибы замариновать на 20 мин.
З.
Нанизать на шампуры, чередуя
грибы и кубики халуми.
4.
Жарить 8 мин, переворачивая.
5.
После жарки сбрызнуть оливковым
маслом.","Показания: яри дефиците витамина р и для.поддерж иммунитета.
Хорошо по ходит
Порция: 3—4 шампура (-200 г)",[SWBAND.CO] 102 рецепта для снижения веса тела.pdf,requires grill/mangal/open fire; some expensive or less common ingredients,requires grill/mangal/open fire,low,,medium,good,consider replacing rare/expensive items with CIS supermarket alternatives; would need oven/pan adaptation,SWBAND row came from OCR extraction; verify text and quantities; source notes may contain OCR artifacts,
Все рецепты!R148 | InfoVolna | page/file [InfoVolna.com] Рекомендованый план питания 1300 вариант 7.pdf | variant 7 завтрак,Шоколадные панкейки,REJECT,49,breakfast,45-90 min,medium,Шоколадные панкейки; яйца; ч.л. Меда; ч.л. соли; ст.ложка муки; ч.л. соды,"Шоколадные панкейки.
Ингредиенты:
- 1 яйца
- 1 ч.л. Меда (10гр)
- 1 ч.л. соли
- 1/2 ст. молока миндального
(100мл)
- 1 ст.ложка муки (30гр)
- 1 ч.л. соды (гашеной уксусом)
- 1/4 ст. олив. Масла (10гр)
- 1 ст.л.какао (20гр)","1. Яйца взбить с медом и солью
до появления пены.
2. Добавить стакан молока,
хорошо взбить, постепенно
всыпать муку, постоянно
разбивая комочки миксером.
3. Повторить предыдущий пункт,
добавив оставшиеся стаканы
молока и муки. Добавить какао.
Влить растительное масло
(можно заменить топленым
сливочным).
4. соду добавить в тесто и еще
раз хорошо перемешать.
Оставить постоять минут 5-10. За
это время разогреть сковороду.
5. Жарить без масла (иначе это
уже не панкейк) на умеренном
огне. Как только появятся и
начнут лопаться пузырьки -
перевернуть оладушек и жарить
еще секунд 20.","КБЖУ завтрак
337
17
11
41",[InfoVolna.com] Рекомендованый план питания 1300 вариант 7.pdf,mostly sugar dessert; possible duplicate,mostly sugar dessert,medium,Американские панкейки,good,medium,check quantities before nutrition calculation; compare with similar existing recipe; choose one best source variant before any import,InfoVolna meal-plan row; check it works as a standalone recipe; duplicate similarity score 0.65; same source title appears 4 times in this workbook,
Все рецепты!R387 | InfoVolna | page/file [InfoVolna.com] Рекомендованный план питания 2000 вариант 5.pdf | variant 5 ужин,Шоколадные панкейки,REJECT,49,dinner,45-90 min,medium,Шоколадные панкейки; яйца; ст.л. Меда; ч.л. соли; ст. молока нежирное; ст. муки,"Шоколадные панкейки.
Ингредиенты:
- 2 яйца
- 2 ст.л. Меда (40гр)
- 1 ч.л. соли
- 2 ст. молока нежирное (400мл)
- 2 ст. муки (100гр)
- 1 ч.л. соды (гашеной уксусом)
- 1/4 ст. олив. Масла (10гр)
НА 1 ПОРЦИЮ. Ингредиенты
делим пополам","1. Яйца взбить с медом и солью
до появления пены.
2. Добавить стакан молока,
хорошо взбить, постепенно
всыпать муку, постоянно
разбивая комочки миксером.
3. Повторить предыдущий пункт,
добавив оставшиеся стаканы
молока и муки. Добавить какао.
Влить растительное масло
(можно заменить топленым
сливочным).
4. соду добавить в тесто и еще
раз хорошо перемешать.
Оставить постоять минут 5-10. За
это время разогреть сковороду.
5. Жарить без масла (иначе это
уже не панкейк) на умеренном
огне. Как только появятся и
начнут лопаться пузырьки -
перевернуть оладушек и жарить","КБЖУ ужин
541
23
20
66
общее КБЖУ
1974
145
63
197",[InfoVolna.com] Рекомендованный план питания 2000 вариант 5.pdf,mostly sugar dessert; possible duplicate,mostly sugar dessert,medium,Американские панкейки,good,medium,check quantities before nutrition calculation; compare with similar existing recipe; choose one best source variant before any import,InfoVolna meal-plan row; check it works as a standalone recipe; duplicate similarity score 0.65; same source title appears 4 times in this workbook,
Все рецепты!R463 | InfoVolna | page/file [InfoVolna.com] Рекомендованный план питания 2300-2400 вариант 7.pdf | variant 7 завтрак,Шоколадные панкейки,REJECT,49,breakfast,45-90 min,medium,Шоколадные панкейки; яйца; ст.л. Меда; ч.л. соли; ст. молока нежирное; ст. муки,"Шоколадные панкейки.
Ингредиенты:
- 2 яйца
- 2 ст.л. Меда (40гр)
- 1 ч.л. соли
- 2 ст. молока нежирное (400мл)
- 2 ст. муки (100гр)
- 1 ч.л. соды (гашеной уксусом)
- 1/4 ст. олив. Масла (10гр)
НА 1 ПОРЦИЮ. Ингредиенты
делим пополам","1. Яйца взбить с медом и солью
до появления пены.
2. Добавить стакан молока,
хорошо взбить, постепенно
всыпать муку, постоянно
разбивая комочки миксером.
3. Повторить предыдущий пункт,
добавив оставшиеся стаканы
молока и муки. Добавить какао.
Влить растительное масло
(можно заменить топленым
сливочным).
4. соду добавить в тесто и еще
раз хорошо перемешать.
Оставить постоять минут 5-10. За
это время разогреть сковороду.
5. Жарить без масла (иначе это
уже не панкейк) на умеренном
огне. Как только появятся и
начнут лопаться пузырьки -
перевернуть оладушек и жарить
еще секунд 20.","КБЖУ завтрак
541
23
20
66",[InfoVolna.com] Рекомендованный план питания 2300-2400 вариант 7.pdf,mostly sugar dessert; possible duplicate,mostly sugar dessert,medium,Американские панкейки,good,medium,check quantities before nutrition calculation; compare with similar existing recipe; choose one best source variant before any import,InfoVolna meal-plan row; check it works as a standalone recipe; duplicate similarity score 0.65; same source title appears 4 times in this workbook,
Все рецепты!R498 | InfoVolna | page/file [InfoVolna.com] Рекомендованный план питания 2500 вариант 7.pdf | variant 7 завтрак,Шоколадные панкейки,REJECT,49,breakfast,45-90 min,medium,Шоколадные панкейки; яйца; ст.л. Меда; ч.л. соли; ст. молока нежирное; ст. муки,"Шоколадные панкейки.
Ингредиенты:
- 2 яйца
- 2 ст.л. Меда (40гр)
- 1 ч.л. соли
- 2 ст. молока нежирное (400мл)
- 2 ст. муки (100гр)
- 1 ч.л. соды (гашеной уксусом)
- 1/4 ст. олив. Масла (10гр)
НА 1 ПОРЦИЮ. Ингредиенты
делим пополам","1. Яйца взбить с медом и солью
до появления пены.
2. Добавить стакан молока,
хорошо взбить, постепенно
всыпать муку, постоянно
разбивая комочки миксером.
3. Повторить предыдущий пункт,
добавив оставшиеся стаканы
молока и муки. Добавить какао.
Влить растительное масло
(можно заменить топленым
сливочным).
4. соду добавить в тесто и еще
раз хорошо перемешать.
Оставить постоять минут 5-10. За
это время разогреть сковороду.
5. Жарить без масла (иначе это
уже не панкейк) на умеренном
огне. Как только появятся и
начнут лопаться пузырьки -
перевернуть оладушек и жарить
еще секунд 20.","КБЖУ завтрак
541
23
20
66",[InfoVolna.com] Рекомендованный план питания 2500 вариант 7.pdf,mostly sugar dessert; possible duplicate,mostly sugar dessert,medium,Американские панкейки,good,medium,check quantities before nutrition calculation; compare with similar existing recipe; choose one best source variant before any import,InfoVolna meal-plan row; check it works as a standalone recipe; duplicate similarity score 0.65; same source title appears 4 times in this workbook,
Все рецепты!R93 | SWBAND.CO | page/file 104,Белковый холодный кофе с бананом,REJECT,48,unknown,5-15 min,unknown,Холодный кофе; Банан; Греческий йогурт; Корица; Лёд,"• Холодный кофе — 250 мл
• Банан — 150 г
Греческий йогурт — 250 г
Корица
• Лёд","Заранее охладите кофе.
1.
2.
льдом в блендере.
З.
Подавайте сразу.","О Кофеин в холодном кофе усваивается медленнее — эффект длится
дольше без резкого пика. Греческий йогурт добавляет белок и
кальций. Банан даёт калий и быстрые углеводы. Корица снижает
гликемический индекс напитка.
Показания: Перед тренировкой или при высокой умственной
нагрузке. Замена энергетикам.",[SWBAND.CO] 102 рецепта для снижения веса тела.pdf,drink/cocktail,drink/cocktail,low,,good,medium,check quantities before nutrition calculation,SWBAND row came from OCR extraction; verify text and quantities; source notes may contain OCR artifacts,
Все рецепты!R30 | SWBAND.CO | page/file 35,Зелёная Богиня с мацони и травами,REJECT,48,unknown,5-15 min,easy,мацони; Греческий йогурт; Петрушка; укроп; Мята; зелёный лук,"• мацони - 250 г
Греческий йогурт — 150 г
• Петрушка — 30 г • укроп — 20 г
Мята — 15 г • зелёный лук — 20 г
• Чеснок —6 г • лимонный сок — 20
мл
Оливковое масло extra virgin — 10
мл
• Соль —5 г","1.
Всю зелень и чеснок крупно
нарезать.
2.
Пробить всё блендером до
кремовой консистенции.
Попробовать, при необходимости
З.
скорректировать соль.
Подача: 2—3 ст. л. на порцию","О Мацони и греческий йогурт вместе дают высокую концентрацию
лактобактерий. Оливковое масло улучшает усвоение жирорастворимых
витаминов из зелени. Лимонный сок сохраняет цвет и добавляет витамин
с.
ру ефиците зелени вр ционе. Замена
Показания: При
майонезным соусам при снижении веси.",[SWBAND.CO] 102 рецепта для снижения веса тела.pdf,standalone sauce/dip/marinade; some expensive or less common ingredients,standalone sauce/dip/marinade,low,,medium,medium,consider replacing rare/expensive items with CIS supermarket alternatives; check quantities before nutrition calculation,SWBAND row came from OCR extraction; verify text and quantities; source notes may contain OCR artifacts,
Все рецепты!R107 | SWBAND.CO | page/file 119,Клубничный щербет,REJECT,48,unknown,45-90 min,medium,Замороженная клубника; Греческий йогурт; Кокосовый или тростниковый; сахар; Сок лимона,"Замороженная клубника
- 500 г
Греческий йогурт — 150 г
Кокосовый или тростниковый
сахар — 15 г
Сок лимона — 10 мл","1.
блендером до однородной
массы.
Подавать сразу (мягкий щербет)
2.
или заморозить 1 ч.","О Клубника содержит антоцианы и эллаговую кислоту — полифенол с
антиоксидантными свойствами. Кокосовый сахар (ГИ около 35)
добавляет сладость с меньшим гликемическим эффектом, чем белый
сахар. Подавать нужно сразу после приготовления.
Показания: Один из самых низкокалорийных десертов в книге.
Хорошо подходит на снижении веса и в жару.
Порция: -150 г",[SWBAND.CO] 102 рецепта для снижения веса тела.pdf,drink/cocktail,drink/cocktail,low,,good,medium,check quantities before nutrition calculation,SWBAND row came from OCR extraction; verify text and quantities; source notes may contain OCR artifacts,
Все рецепты!R96 | SWBAND.CO | page/file 107,Лимонад огурец мята,REJECT,47,unknown,15-30 min,easy,Огурцы; Сок лимона; Мята; Газированная вода; Тростниковый сахар; Лёд,"Огурцы — 300 г
• Сок лимона — 60 мл
• Мята — 20 г
• Газированная вода — 1 л
Тростниковый сахар
- 20 г
• Лёд","1.
Половину огурцов очистить и
пробить в пюре. Вторую половину
нарезать кружочками.
2.
В кувшине смешать огуречное
пюре, лимонный сок и сахар.
З.
Добавить мяту, слайсы огурца и
лёд.
4.
Залить газированной водой.
Охладить 20—30 мин.","О Мята содержит ментол — создаёт ощущение прохлады за счёт
активации холодовых рецепторов слизистых. Лимонный сок добавляет
витамин С. Газированная вода ускоряет всасывание жидкости в
кишечнике.
Показания: В жару для восстановления водного баланса. Хорошо
подходит н снижении как за ена сладкой газировке
ПОРЦИЯ 00-400 МЛ",[SWBAND.CO] 102 рецепта для снижения веса тела.pdf,drink/cocktail,drink/cocktail,low,,good,medium,check quantities before nutrition calculation,SWBAND row came from OCR extraction; verify text and quantities; source notes may contain OCR artifacts,
Все рецепты!R34 | SWBAND.CO | page/file 39,Томатная дымная сальса,REJECT,45,unknown,5-15 min,easy,Томаты; Перец болгарский; Чеснок; Кинза; Оливковое масло extra virgin,"Томаты — 400 г
Перец болгарский
- 150 г
Чеснок — 10 г
Кинза — 20 г
Лимонный сок — 15 мл
Оливковое масло extra virgin — 10 мл
Соль — 5 г","1.
Томаты и перец запечь в духовке или
на гриле до подпалин.
2.
Снять кожицу.
З.
Пробить блендером импульсно — не
до пюре, оставить текстуру.
Добавить мелко нарубленную кинзу,
4.
чеснок, лимонный сок, масло и соль.
Перемешать.","Порция: 3—4 ст. л. на порцию
О Запечённые томаты и перец содержат больше ликопина и бета-каротина,
чем свежие — термообработка разрушает клеточные стенки и высвобождает
каротиноиды. Оливковое масло необходимо для их усвоения. Кинза добавляет
кверцетин и лютеолин с противовоспалительными свойствами.
и
Показания: При повышенном холестерине и для профилактики сердечно-
сосудистых болеванил Хорошо•подходит•кок•легки
снижении
веса.",[SWBAND.CO] 102 рецепта для снижения веса тела.pdf,standalone sauce/dip/marinade,standalone sauce/dip/marinade,low,,good,medium,check quantities before nutrition calculation,SWBAND row came from OCR extraction; verify text and quantities; source notes may contain OCR artifacts,
Все рецепты!R46 | SWBAND.CO | page/file 52,"Лаваш-пирог с фаршем, сыром и томатами",REJECT,45,unknown,15-30 min,medium,Лаваш; Постный фарш (говядина/индейка/; курица); Томаты - ЗОО г; Моцарелла Iight; йогурт,"Лаваш — З листа
Постный фарш (говядина/индейка/
курица) — 600 г
Томаты - ЗОО г
Моцарелла Iight
- 180 г
йогурт — 120 г
Яйца — 2 шт.","1.
Фарш слегка обжарить.
2.
Смешать йогурт с яйцом — заливка.
З.
Форму для запекания смазать
маслом.
4.
Уложить слоями: лаваш, фарш,
томаты, сыр. Повторить.
Сверху полить заливкой.
5.
Запекать 30 мин при 1900С до
6.
золотистой корочки.","О Лаваш в несколько слоёв заменяет дрожжевое тесто и снижает общую
калорийность блюда. Заливка из йогурта и яиц пропитывает слои и связывает
пирог без дополнительного жира. Моцарелла Iight содержит меньше жира, но
сохраняет способность плавиться.
и
Показания: Хорошо подходит для семейного обеда с высоким
содержанием белка. Удобен для приготовления заранее — хо ошо
разогревае ся.
Порция: кусок (-250 г)",[SWBAND.CO] 102 рецепта для снижения веса тела.pdf,mostly sugar dessert; some expensive or less common ingredients; possible duplicate,mostly sugar dessert,medium,Рулет из лаваша с хумусом и томатами,medium,medium,consider replacing rare/expensive items with CIS supermarket alternatives; check quantities before nutrition calculation; compare with similar existing recipe,SWBAND row came from OCR extraction; verify text and quantities; duplicate similarity score 0.63; source notes may contain OCR artifacts,
Все рецепты!R442 | InfoVolna | page/file [InfoVolna.com] Рекомендованный план питания 2300-2400 вариант 2.pdf | variant 2 ужин,Шоколадный кекс в кружке,REJECT,44,dinner,90+ min,hard,"Шоколадный кекс в кружке; Яйцо; какао; Напиток Какао Молоко 3.2%; мл, какао","Шоколадный кекс в кружке.
Яйцо - 1шт, Мука пшеничная -
30гр, творог мягкий 125 гр,
какао - 15гр, сахзам по вкусу.
Напиток Какао Молоко 3.2% -
250 мл, какао 2 ч.ложки (20гр)","Все смешать, вылить в
кружку/неширокую чашку,
выпекать в микроволновке 3-
4 мин на средней мощности.
Кекс должен подняться.","КБЖУ ужин
570
29
24
60
общее КБЖУ
2399
179
78
244",[InfoVolna.com] Рекомендованный план питания 2300-2400 вариант 2.pdf,mostly sugar dessert; hard/restaurant-style execution,mostly sugar dessert,low,,good,medium,check quantities before nutrition calculation; choose one best source variant before any import,InfoVolna meal-plan row; check it works as a standalone recipe; same source title appears 2 times in this workbook,
Все рецепты!R477 | InfoVolna | page/file [InfoVolna.com] Рекомендованный план питания 2500 вариант 2.pdf | variant 2 ужин,Шоколадный кекс в кружке,REJECT,44,dinner,90+ min,hard,"Шоколадный кекс в кружке; Яйцо; какао; Напиток Какао Молоко 3.2%; мл, какао","Шоколадный кекс в кружке.
Яйцо - 1шт, Мука пшеничная -
30гр, творог мягкий 125 гр,
какао - 15гр, сахзам по вкусу.
Напиток Какао Молоко 3.2% -
250 мл, какао 2 ч.ложки (20гр)","Все смешать, вылить в
кружку/неширокую чашку,
выпекать в микроволновке 3-
4 мин на средней мощности.
Кекс должен подняться.","КБЖУ ужин
570
29
24
60
общее КБЖУ
2448
181
78
258",[InfoVolna.com] Рекомендованный план питания 2500 вариант 2.pdf,mostly sugar dessert; hard/restaurant-style execution,mostly sugar dessert,low,,good,medium,check quantities before nutrition calculation; choose one best source variant before any import,InfoVolna meal-plan row; check it works as a standalone recipe; same source title appears 2 times in this workbook,
Все рецепты!R116 | SWBAND.CO | page/file 128,Абрикосовый крамбл с миндалём,REJECT,43,unknown,15-30 min,medium,Абрикосы; Миндаль рубленый; Овсяные хлопья; Кокосовый сахар; Ванилин,"Абрикосы — 500 г
• Миндаль рубленый — 60 г
Овсяные хлопья — 50 г
Кокосовый сахар — 15 г
• Ванилин — щепотка","1.
Абрикосы разрезать пополам,
удалить косточки.
2.
Выложить в форму для запекания.
Смешать хлопья, миндаль, сахар
З.
и ванилин — крошка.
4.
Посыпать абрикосы крошкой.
Запекать 25 мин при 19000.
5.","О А Абрикосы при запекании увеличивают концентрацию бета-
каротина. Миндаль содержит витамин Е, улучшающий усвоение
каротиноидов. Овсяные хлопья содержат бета-глюканы —
растворимую клетчатку, снижающую уровень холестерина ЛПНП.
Показания: При ПОВЫШеННОМ холестерине — бета-глюканы овса
связываю желчные кислоты. орошо подходит детям.
Порция: 1 порция",[SWBAND.CO] 102 рецепта для снижения веса тела.pdf,drink/cocktail,drink/cocktail,low,,good,medium,check quantities before nutrition calculation,SWBAND row came from OCR extraction; verify text and quantities; source notes may contain OCR artifacts,
Все рецепты!R21 | SWBAND.CO | page/file 25,дымный паприочно томатный маринад для курицы,REJECT,43,unknown,90+ min,hard,Йогурт; Томатная паста; Копчёная паприка; Чеснок,"Йогурт — 120 г
Томатная паста — 20 г
Копчёная паприка — 8 г
Чеснок — 12 г
Лимонный сок — 20 мл
соль - 10 г","1.
Чеснок измельчить.
2.
Смешать йогурт, томатную пасту,
паприку, чеснок, лимонный сок и
соль.
Обмазать курицу.
З.
4.
Выдержать 5 ч в холодильнике.","О Копчёная паприка содержит капсантин и капсорубин — каротиноиды,
создающие характерный дымный аромат при нагреве. Капсаицин
ускоряет термогенез и метаболизм. Томатная паста добавляет ликопин и
создаёт кислую среду маринада. Йогурт смягчает остроту паприки и
удерживает влагу в мясе при жарке.
Показания: Рекомендуется тем, кто хочет ускорить метаболизм.
Подходит для активных дней и тренировочноголитони .
Порция На 1—1,2 кг порЦий)",[SWBAND.CO] 102 рецепта для снижения веса тела.pdf,standalone sauce/dip/marinade; hard/restaurant-style execution,standalone sauce/dip/marinade,low,,good,medium,check quantities before nutrition calculation,SWBAND row came from OCR extraction; verify text and quantities; source notes may contain OCR artifacts,
Все рецепты!R6 | SWBAND.CO | page/file 9,Люля Light из индейки с мацони,REJECT,43,unknown,15-30 min,hard,Фарш из индейки; лук; Кинза; петрушка; Чеснок; Зира,"Фарш из индейки — 800 г
лук - 180 г
Кинза — 25 г • петрушка — 20 г
Чеснок — 12 г
Зира — 5 г • паприка — 5 г
Соль — 10 г • чёрный перец — 2 г
Мацони — 150 г (для подачи)","1.
Лук натереть и слегка отжать сок.
2.
Смешать фарш с луком, зеленью и
специями.
Отбивать массу 5 минут до вязкости.
З.
Охладить 30 минут. Сформировать
4.
люля на шампурах.
5.
Поставить в холодильник ещё на 15—
20 минут.
Жарить на среднем жаре 10—12 минут,
6.
переворачивая.
7.
Подавать с мятным мацони.","О Индейка богата триптофаном — предшественником серотонина и
мелатонина. Люля из индейки содержит значительно меньше жира, чем
традиционный люля из баранины, при сопоставимом количестве белка.
и
Показания: Рекомендуется спортсменам в период.рушк ри снижении
веса и нарушениях сна.
Порция: люля (-200 г)",[SWBAND.CO] 102 рецепта для снижения веса тела.pdf,requires grill/mangal/open fire; hard/restaurant-style execution; some expensive or less common ingredients,requires grill/mangal/open fire,low,,medium,good,consider replacing rare/expensive items with CIS supermarket alternatives; would need oven/pan adaptation,SWBAND row came from OCR extraction; verify text and quantities; source notes may contain OCR artifacts,
Все рецепты!R31 | SWBAND.CO | page/file 36,Белковый дзадзики с огурцом,REJECT,43,unknown,15-30 min,medium,зоо г; Греческий йогурт; Огурец; Чеснок; Укроп; Масло оливковое,"- зоо г
Греческий йогурт
Огурец — 150 г
Чеснок — 8г
Укроп — 20 г
Лимонный сок — 15 мл
• Соль —5 г
Масло оливковое
нерафинированное 10мл","Огурец натереть на мелкой
1.
тёрке.
2.
Хорошо отжать лишнюю влагу
через марлю.
З.
Укроп мелко порубить.
4.
Охладить 30 минут.
5.","О Греческий йогурт содержит вдвое больше белка, чем обычный.
Чеснок содержит аллицин с антибактериальными свойствами — в
холодном соусе он не разрушается при термообработке, что делает
его более эффективным.
Показания: Замене",[SWBAND.CO] 102 рецепта для снижения веса тела.pdf,standalone sauce/dip/marinade; possible duplicate,standalone sauce/dip/marinade,medium,Фруктовый смузи с йогуртом,good,medium,check quantities before nutrition calculation; compare with similar existing recipe,SWBAND row came from OCR extraction; verify text and quantities; duplicate similarity score 0.642; source notes may contain OCR artifacts,
Все рецепты!R98 | SWBAND.CO | page/file 109,Ацидофилин с ягодами,REJECT,42,unknown,5-15 min,easy,"Ацидофилин; Малина; Клубника; Ацидофилин содержит Lactobacillus acidophilus; изученных пробиотических штаммов, хорошо выживающий в кислой; Малина и клубника добавляют антоцианы с","Ацидофилин — 700 мл
• Малина — 150 г
Клубника — 150 г
О
Ацидофилин содержит Lactobacillus acidophilus — один из наиболее
изученных пробиотических штаммов, хорошо выживающий в кислой
среде желудка. Малина и клубника добавляют антоцианы с
пребиотическим эффектом. Подавать ледяным — пробиотики лучше
проходят через желудок.","1. Ягоды пробить блендером.
2. Смешать с ацидофилином.
З. Подавать ледяным.","Показания: При дисбактериозе и синдроме раздражённого
кишечника. Хорошо подходит после курса антибиотиков.
Порция: 300 мл",[SWBAND.CO] 102 рецепта для снижения веса тела.pdf,drink/cocktail,drink/cocktail,low,,good,medium,check quantities before nutrition calculation,SWBAND row came from OCR extraction; verify text and quantities; source notes may contain OCR artifacts,
Все рецепты!R97 | SWBAND.CO | page/file 108,Клубничный лимонад с базиликом,REJECT,42,unknown,5-15 min,easy,Клубника; Базилик; Сок лимона; Газированная вода; Тростниковый сахар,"Клубника — 300 г
• Базилик — 15 г
Сок лимона — 50 мл
Газированная вода — 1 л
Тростниковый сахар — 20 г","1.
Клубнику пробить в пюре.
2.
Добавить сахар и лимонный сок.
З.
Базилик слегка размять руками.
Смешать с газированной водой.
4.
Подавать хорошо охлаждённым.","О Клубника содержит антоцианы и эллаговую кислоту. Слегка
размятый базилик лучше отдаёт аромат, чем нарезанный —
разрушение клеток высвобождает эфирные масла. Лимонный сок
сохраняет яркий цвет клубники.
Показания: При сниженном иммунитете и дефиците витамина С.
Хорошо подходит как альтернатива покупным морсам.
Порция: 300 мл",[SWBAND.CO] 102 рецепта для снижения веса тела.pdf,drink/cocktail,drink/cocktail,low,,good,medium,check quantities before nutrition calculation,SWBAND row came from OCR extraction; verify text and quantities; source notes may contain OCR artifacts,
Все рецепты!R33 | SWBAND.CO | page/file 38,Протеиновый песто,REJECT,41,unknown,5-15 min,easy,Базилик; Петрушка; Мягкий творог; Пармезан; Оливковое масло; Чеснок,"Базилик — 40 г
Петрушка — 20 г
• Мягкий творог — 120 г
Пармезан — 20 г
Оливковое масло — 10 мл
Чеснок — 5 г • Соль —4 г
О
Базилик и петрушка содержат высокую концентрацию витамина К
— 2—3 ст. л. этого соуса покрывают около 50% суточной нормы. Творог
заменяет большое количество пармезана и масла, увеличивая
содержание белка и снижая жирность.","1. Зелень крупно нарезать.
2. Измельчить в блендере зелень,
творог, пармезан, чеснок, масло
и соль до консистенции густого
песто.
З. Если нужно сделать соус более
жидким, добавить 1—2 ст. л. воды.
Подача: 2—3 ст. л. на порцию","Показания: При дефиците витамина К, для здоровья костей.
Белковая заправка для спортсменов.",[SWBAND.CO] 102 рецепта для снижения веса тела.pdf,standalone sauce/dip/marinade; some expensive or less common ingredients,standalone sauce/dip/marinade,low,,medium,medium,consider replacing rare/expensive items with CIS supermarket alternatives; check quantities before nutrition calculation,SWBAND row came from OCR extraction; verify text and quantities; source notes may contain OCR artifacts,
Все рецепты!R38 | SWBAND.CO | page/file 43,Авокадо йогуртовый крем для шаурмы,REJECT,39,unknown,5-15 min,unknown,Авокадо; Йогурт; Сок лайма; Чеснок; Кинза,"• Авокадо — 150 г
Йогурт — 180 г
Сок лайма — 20 мл
Чеснок — 5 г
• Кинза — 15 г
Соль — 4 г","1.
Авокадо очистить и удалить
косточку.
2.
Пробить в блендере авокадо,
йогурт, лайм, чеснок, кинзу и соль
до гладкого крема.
З.
Если густо — добавить 1 ст. л. воды.","О Авокадо содержит мононенасыщенные жиры, необходимые для
усвоения жирорастворимых витаминов А, D, Е и К. Добавление авокадо
к блюдрм увеличивает усвоение каротиноидов из овощей в 3—5 раз.
Йогурт снижает калорийность соуса по сравнению с чистым гуакамоле.
Показания: При дефиците жирорастворимых витаминов. Хорошо
подходит к овощным блюдам — повышает усвоение их питательных
веществ.
Порция: 2—3 ст. л. нот18Дцло",[SWBAND.CO] 102 рецепта для снижения веса тела.pdf,standalone sauce/dip/marinade; some expensive or less common ingredients,standalone sauce/dip/marinade,low,,medium,medium,consider replacing rare/expensive items with CIS supermarket alternatives; check quantities before nutrition calculation,SWBAND row came from OCR extraction; verify text and quantities; source notes may contain OCR artifacts,
Все рецепты!R199 | InfoVolna | page/file [InfoVolna.com] Рекомендованный план питания 1500 вариант 3.pdf | variant 3 перекус 1,банан -1 шт,REJECT,39,snack,unknown,easy,банан,банан -1 шт,,"КБЖУ перекус
104
1
0
24",[InfoVolna.com] Рекомендованный план питания 1500 вариант 3.pdf,poor nutrition feasibility; missing steps; poor nutrition calculation feasibility; ingredient-only snack row,poor nutrition feasibility,low,,good,poor,choose one best source variant before any import,verify whether this is a no-cook snack or an incomplete recipe; InfoVolna snack row is more menu item than recipe; InfoVolna meal-plan row; check it works as a standalone recipe; same source title appears 3 times in this workbook,
Все рецепты!R304 | InfoVolna | page/file [InfoVolna.com] Рекомендованный план питания 1800 вариант 3.pdf | variant 3 перекус 1,банан -1 шт,REJECT,39,snack,unknown,easy,банан,банан -1 шт,,"КБЖУ перекус
104
1
0
24",[InfoVolna.com] Рекомендованный план питания 1800 вариант 3.pdf,poor nutrition feasibility; missing steps; poor nutrition calculation feasibility; ingredient-only snack row,poor nutrition feasibility,low,,good,poor,choose one best source variant before any import,verify whether this is a no-cook snack or an incomplete recipe; InfoVolna snack row is more menu item than recipe; InfoVolna meal-plan row; check it works as a standalone recipe; same source title appears 3 times in this workbook,
Все рецепты!R316 | InfoVolna | page/file [InfoVolna.com] Рекомендованный план питания 1800 вариант 5.pdf | variant 5 перекус 2,банан -1 шт,REJECT,39,snack,unknown,easy,банан,банан -1 шт,,"перекус КБЖУ
104
1
0
24",[InfoVolna.com] Рекомендованный план питания 1800 вариант 5.pdf,poor nutrition feasibility; missing steps; poor nutrition calculation feasibility; ingredient-only snack row,poor nutrition feasibility,low,,good,poor,choose one best source variant before any import,verify whether this is a no-cook snack or an incomplete recipe; InfoVolna snack row is more menu item than recipe; InfoVolna meal-plan row; check it works as a standalone recipe; same source title appears 3 times in this workbook,
Все рецепты!R121 | InfoVolna | page/file [InfoVolna.com] Рекомендованый план питания 1300 вариант 1.pdf | variant 1 перекус 2,Грецкие или миндаль или фундук -40гр,REJECT,39,snack,unknown,easy,Грецкие или миндаль или; фундук,"Грецкие или миндаль или
фундук -40гр",,"перекус КБЖУ
281
6
27
4",[InfoVolna.com] Рекомендованый план питания 1300 вариант 1.pdf,poor nutrition feasibility; missing steps; poor nutrition calculation feasibility; ingredient-only snack row,poor nutrition feasibility,low,,good,poor,,verify whether this is a no-cook snack or an incomplete recipe; InfoVolna snack row is more menu item than recipe; InfoVolna meal-plan row; check it works as a standalone recipe,
Все рецепты!R131 | InfoVolna | page/file [InfoVolna.com] Рекомендованый план питания 1300 вариант 3.pdf | variant 3 перекус 2,груша - 1шт,REJECT,39,snack,unknown,easy,груша,груша - 1шт,,"перекус КБЖУ
77
0
0
16",[InfoVolna.com] Рекомендованый план питания 1300 вариант 3.pdf,poor nutrition feasibility; missing steps; poor nutrition calculation feasibility; ingredient-only snack row,poor nutrition feasibility,low,,good,poor,choose one best source variant before any import,verify whether this is a no-cook snack or an incomplete recipe; InfoVolna snack row is more menu item than recipe; InfoVolna meal-plan row; check it works as a standalone recipe; same source title appears 5 times in this workbook,
Все рецепты!R134 | InfoVolna | page/file [InfoVolna.com] Рекомендованый план питания 1300 вариант 4.pdf | variant 4 перекус 1,груша - 1шт,REJECT,39,snack,unknown,easy,груша,груша - 1шт,,"КБЖУ перекус
77
0
0
16",[InfoVolna.com] Рекомендованый план питания 1300 вариант 4.pdf,poor nutrition feasibility; missing steps; poor nutrition calculation feasibility; ingredient-only snack row,poor nutrition feasibility,low,,good,poor,choose one best source variant before any import,verify whether this is a no-cook snack or an incomplete recipe; InfoVolna snack row is more menu item than recipe; InfoVolna meal-plan row; check it works as a standalone recipe; same source title appears 5 times in this workbook,
Все рецепты!R124 | InfoVolna | page/file [InfoVolna.com] Рекомендованый план питания 1300 вариант 2.pdf | variant 2 перекус 1,груша -1шт,REJECT,39,snack,unknown,easy,груша,груша -1шт,,"КБЖУ перекус
70
0
0
16",[InfoVolna.com] Рекомендованый план питания 1300 вариант 2.pdf,poor nutrition feasibility; missing steps; poor nutrition calculation feasibility; ingredient-only snack row,poor nutrition feasibility,low,,good,poor,choose one best source variant before any import,verify whether this is a no-cook snack or an incomplete recipe; InfoVolna snack row is more menu item than recipe; InfoVolna meal-plan row; check it works as a standalone recipe; same source title appears 5 times in this workbook,
Все рецепты!R144 | InfoVolna | page/file [InfoVolna.com] Рекомендованый план питания 1300 вариант 6.pdf | variant 6 перекус 1,груша -1шт,REJECT,39,snack,unknown,easy,груша,груша -1шт,,"КБЖУ перекус
70
0
0
16",[InfoVolna.com] Рекомендованый план питания 1300 вариант 6.pdf,poor nutrition feasibility; missing steps; poor nutrition calculation feasibility; ingredient-only snack row,poor nutrition feasibility,low,,good,poor,choose one best source variant before any import,verify whether this is a no-cook snack or an incomplete recipe; InfoVolna snack row is more menu item than recipe; InfoVolna meal-plan row; check it works as a standalone recipe; same source title appears 5 times in this workbook,
Все рецепты!R159 | InfoVolna | page/file [InfoVolna.com] Рекомендованый план питания 1350-1400 вариант 2.pdf | variant 2 перекус 1,груша 1шт,REJECT,39,snack,unknown,easy,груша,груша 1шт,,"КБЖУ перекус
60
0
0
15",[InfoVolna.com] Рекомендованый план питания 1350-1400 вариант 2.pdf,poor nutrition feasibility; missing steps; poor nutrition calculation feasibility; ingredient-only snack row,poor nutrition feasibility,low,,good,poor,choose one best source variant before any import,verify whether this is a no-cook snack or an incomplete recipe; InfoVolna snack row is more menu item than recipe; InfoVolna meal-plan row; check it works as a standalone recipe; same source title appears 5 times in this workbook,
Все рецепты!R184 | InfoVolna | page/file [InfoVolna.com] Рекомендованый план питания 1350-1400 вариант 7.pdf | variant 7 перекус 1,капучино -200мл (без сахара),REJECT,39,snack,unknown,easy,капучино,капучино -200мл (без сахара),,"КБЖУ перекус
64
3
3
5",[InfoVolna.com] Рекомендованый план питания 1350-1400 вариант 7.pdf,poor nutrition feasibility; missing steps; poor nutrition calculation feasibility; ingredient-only snack row,poor nutrition feasibility,low,,good,poor,choose one best source variant before any import,verify whether this is a no-cook snack or an incomplete recipe; InfoVolna snack row is more menu item than recipe; InfoVolna meal-plan row; check it works as a standalone recipe; same source title appears 4 times in this workbook,
Все рецепты!R194 | InfoVolna | page/file [InfoVolna.com] Рекомендованный план питания 1500 вариант 2.pdf | variant 2 перекус 1,капучино -200мл (без сахара),REJECT,39,snack,unknown,easy,капучино,капучино -200мл (без сахара),,"КБЖУ перекус
115
2
3
19",[InfoVolna.com] Рекомендованный план питания 1500 вариант 2.pdf,poor nutrition feasibility; missing steps; poor nutrition calculation feasibility; ingredient-only snack row,poor nutrition feasibility,low,,good,poor,choose one best source variant before any import,verify whether this is a no-cook snack or an incomplete recipe; InfoVolna snack row is more menu item than recipe; InfoVolna meal-plan row; check it works as a standalone recipe; same source title appears 4 times in this workbook,
Все рецепты!R206 | InfoVolna | page/file [InfoVolna.com] Рекомендованный план питания 1500 вариант 4.pdf | variant 4 перекус 2,капучино -200мл (без сахара),REJECT,39,snack,unknown,easy,капучино,капучино -200мл (без сахара),,"перекус КБЖУ
64
3
3
5",[InfoVolna.com] Рекомендованный план питания 1500 вариант 4.pdf,poor nutrition feasibility; missing steps; poor nutrition calculation feasibility; ingredient-only snack row,poor nutrition feasibility,low,,good,poor,choose one best source variant before any import,verify whether this is a no-cook snack or an incomplete recipe; InfoVolna snack row is more menu item than recipe; InfoVolna meal-plan row; check it works as a standalone recipe; same source title appears 4 times in this workbook,
Все рецепты!R209 | InfoVolna | page/file [InfoVolna.com] Рекомендованный план питания 1500 вариант 5.pdf | variant 5 перекус 1,капучино -200мл (без сахара),REJECT,39,snack,unknown,easy,капучино,капучино -200мл (без сахара),,"КБЖУ перекус
64
3
3
5",[InfoVolna.com] Рекомендованный план питания 1500 вариант 5.pdf,poor nutrition feasibility; missing steps; poor nutrition calculation feasibility; ingredient-only snack row,poor nutrition feasibility,low,,good,poor,choose one best source variant before any import,verify whether this is a no-cook snack or an incomplete recipe; InfoVolna snack row is more menu item than recipe; InfoVolna meal-plan row; check it works as a standalone recipe; same source title appears 4 times in this workbook,
Все рецепты!R374 | InfoVolna | page/file [InfoVolna.com] Рекомендованный план питания 2000 вариант 3.pdf | variant 3 перекус 1,капучино -300 мл (без сахара с сахзамом),REJECT,39,snack,unknown,easy,капучино; сахзамом),"капучино -300 мл (без сахара с
сахзамом)",,"КБЖУ перекус
96
4
5
7",[InfoVolna.com] Рекомендованный план питания 2000 вариант 3.pdf,poor nutrition feasibility; missing steps; poor nutrition calculation feasibility; ingredient-only snack row,poor nutrition feasibility,low,,good,poor,,verify whether this is a no-cook snack or an incomplete recipe; InfoVolna snack row is more menu item than recipe; InfoVolna meal-plan row; check it works as a standalone recipe,
Все рецепты!R379 | InfoVolna | page/file [InfoVolna.com] Рекомендованный план питания 2000 вариант 4.pdf | variant 4 перекус 1,Капучино 300мл,REJECT,39,snack,unknown,easy,Капучино; подсластителями),"Капучино 300мл. (без сахара с
подсластителями)",,"КБЖУ перекус
96
4
5
7",[InfoVolna.com] Рекомендованный план питания 2000 вариант 4.pdf,poor nutrition feasibility; missing steps; poor nutrition calculation feasibility; ingredient-only snack row,poor nutrition feasibility,low,,good,poor,,verify whether this is a no-cook snack or an incomplete recipe; InfoVolna snack row is more menu item than recipe; InfoVolna meal-plan row; check it works as a standalone recipe,
Все рецепты!R234 | InfoVolna | page/file [InfoVolna.com] Рекомендованый план питания 1600 вариант 3.pdf | variant 3 перекус 1,кефир 1 % 500мл,REJECT,39,snack,unknown,easy,кефир 1 %,кефир 1 % 500мл,,"КБЖУ перекус
200
16
6
20",[InfoVolna.com] Рекомендованый план питания 1600 вариант 3.pdf,poor nutrition feasibility; missing steps; poor nutrition calculation feasibility; ingredient-only snack row,poor nutrition feasibility,low,,good,poor,choose one best source variant before any import,verify whether this is a no-cook snack or an incomplete recipe; InfoVolna snack row is more menu item than recipe; InfoVolna meal-plan row; check it works as a standalone recipe; same source title appears 4 times in this workbook,
Все рецепты!R349 | InfoVolna | page/file [InfoVolna.com] Рекомендованный план питания 1900 вариант 5.pdf | variant 5 перекус 1,Кефир 1% -500мл,REJECT,39,snack,unknown,easy,Кефир 1%,Кефир 1% -500мл,,"КБЖУ перекус
200
14
5
20",[InfoVolna.com] Рекомендованный план питания 1900 вариант 5.pdf,poor nutrition feasibility; missing steps; poor nutrition calculation feasibility; ingredient-only snack row,poor nutrition feasibility,low,,good,poor,choose one best source variant before any import,verify whether this is a no-cook snack or an incomplete recipe; InfoVolna snack row is more menu item than recipe; InfoVolna meal-plan row; check it works as a standalone recipe; same source title appears 4 times in this workbook,
Все рецепты!R369 | InfoVolna | page/file [InfoVolna.com] Рекомендованный план питания 2000 вариант 2.pdf | variant 2 перекус 1,Кефир 1% -500мл,REJECT,39,snack,unknown,easy,Кефир 1%,Кефир 1% -500мл,,"КБЖУ перекус
200
14
5
20",[InfoVolna.com] Рекомендованный план питания 2000 вариант 2.pdf,poor nutrition feasibility; missing steps; poor nutrition calculation feasibility; ingredient-only snack row,poor nutrition feasibility,low,,good,poor,choose one best source variant before any import,verify whether this is a no-cook snack or an incomplete recipe; InfoVolna snack row is more menu item than recipe; InfoVolna meal-plan row; check it works as a standalone recipe; same source title appears 4 times in this workbook,
Все рецепты!R381 | InfoVolna | page/file [InfoVolna.com] Рекомендованный план питания 2000 вариант 4.pdf | variant 4 перекус 2,Кефир 1% -500мл,REJECT,39,snack,unknown,easy,Кефир 1%,Кефир 1% -500мл,,"перекус КБЖУ
200
14
5
20",[InfoVolna.com] Рекомендованный план питания 2000 вариант 4.pdf,poor nutrition feasibility; missing steps; poor nutrition calculation feasibility; ingredient-only snack row,poor nutrition feasibility,low,,good,poor,choose one best source variant before any import,verify whether this is a no-cook snack or an incomplete recipe; InfoVolna snack row is more menu item than recipe; InfoVolna meal-plan row; check it works as a standalone recipe; same source title appears 4 times in this workbook,
Все рецепты!R266 | InfoVolna | page/file [InfoVolna.com] Рекомендованый план питания 1700 вариант 2.pdf | variant 2 перекус 2,"кефир 3,2 % 250мл",REJECT,39,snack,unknown,easy,"кефир 3,2 %","кефир 3,2 % 250мл",,"перекус КБЖУ
140
7
8
10",[InfoVolna.com] Рекомендованый план питания 1700 вариант 2.pdf,poor nutrition feasibility; missing steps; poor nutrition calculation feasibility; ingredient-only snack row,poor nutrition feasibility,low,,good,poor,,verify whether this is a no-cook snack or an incomplete recipe; InfoVolna snack row is more menu item than recipe; InfoVolna meal-plan row; check it works as a standalone recipe,
Все рецепты!R129 | InfoVolna | page/file [InfoVolna.com] Рекомендованый план питания 1300 вариант 3.pdf | variant 3 перекус 1,Фундук (либо другие орехи) - 20гр,REJECT,39,snack,unknown,easy,Фундук,"Фундук (либо другие орехи) -
20гр",,"КБЖУ перекус
140
3
14
1",[InfoVolna.com] Рекомендованый план питания 1300 вариант 3.pdf,poor nutrition feasibility; missing steps; poor nutrition calculation feasibility; ingredient-only snack row,poor nutrition feasibility,low,,good,poor,choose one best source variant before any import,verify whether this is a no-cook snack or an incomplete recipe; InfoVolna snack row is more menu item than recipe; InfoVolna meal-plan row; check it works as a standalone recipe; same source title appears 3 times in this workbook,
Все рецепты!R141 | InfoVolna | page/file [InfoVolna.com] Рекомендованый план питания 1300 вариант 5.pdf | variant 5 перекус 2,Фундук (либо другие орехи) - 20гр,REJECT,39,snack,unknown,easy,Фундук,"Фундук (либо другие орехи) -
20гр",,"перекус КБЖУ
140
3
14
1",[InfoVolna.com] Рекомендованый план питания 1300 вариант 5.pdf,poor nutrition feasibility; missing steps; poor nutrition calculation feasibility; ingredient-only snack row,poor nutrition feasibility,low,,good,poor,choose one best source variant before any import,verify whether this is a no-cook snack or an incomplete recipe; InfoVolna snack row is more menu item than recipe; InfoVolna meal-plan row; check it works as a standalone recipe; same source title appears 3 times in this workbook,
Все рецепты!R146 | InfoVolna | page/file [InfoVolna.com] Рекомендованый план питания 1300 вариант 6.pdf | variant 6 перекус 2,Фундук (либо другие орехи) - 20гр,REJECT,39,snack,unknown,easy,Фундук,"Фундук (либо другие орехи) -
20гр",,"перекус КБЖУ
140
3
14
1",[InfoVolna.com] Рекомендованый план питания 1300 вариант 6.pdf,poor nutrition feasibility; missing steps; poor nutrition calculation feasibility; ingredient-only snack row,poor nutrition feasibility,low,,good,poor,choose one best source variant before any import,verify whether this is a no-cook snack or an incomplete recipe; InfoVolna snack row is more menu item than recipe; InfoVolna meal-plan row; check it works as a standalone recipe; same source title appears 3 times in this workbook,
Все рецепты!R176 | InfoVolna | page/file [InfoVolna.com] Рекомендованый план питания 1350-1400 вариант 5.pdf | variant 5 перекус 2,Фундук (либо другие орехи) - 35гр,REJECT,39,snack,unknown,easy,Фундук,"Фундук (либо другие орехи) -
35гр",,"перекус КБЖУ
175
5
14
7",[InfoVolna.com] Рекомендованый план питания 1350-1400 вариант 5.pdf,poor nutrition feasibility; missing steps; poor nutrition calculation feasibility; ingredient-only snack row,poor nutrition feasibility,low,,good,poor,choose one best source variant before any import,verify whether this is a no-cook snack or an incomplete recipe; InfoVolna snack row is more menu item than recipe; InfoVolna meal-plan row; check it works as a standalone recipe; same source title appears 4 times in this workbook,
Все рецепты!R189 | InfoVolna | page/file [InfoVolna.com] Рекомендованный план питания 1500 вариант 1.pdf | variant 1 перекус 1,Фундук (либо другие орехи) - 35гр,REJECT,39,snack,unknown,easy,Фундук,"Фундук (либо другие орехи) -
35гр",,"КБЖУ перекус
246
5
23
3",[InfoVolna.com] Рекомендованный план питания 1500 вариант 1.pdf,poor nutrition feasibility; missing steps; poor nutrition calculation feasibility; ingredient-only snack row,poor nutrition feasibility,low,,good,poor,choose one best source variant before any import,verify whether this is a no-cook snack or an incomplete recipe; InfoVolna snack row is more menu item than recipe; InfoVolna meal-plan row; check it works as a standalone recipe; same source title appears 4 times in this workbook,
Все рецепты!R216 | InfoVolna | page/file [InfoVolna.com] Рекомендованный план питания 1500 вариант 6.pdf | variant 6 перекус 2,Фундук (либо другие орехи) - 35гр,REJECT,39,snack,unknown,easy,Фундук,"Фундук (либо другие орехи) -
35гр",,"перекус КБЖУ
175
5
14
7",[InfoVolna.com] Рекомендованный план питания 1500 вариант 6.pdf,poor nutrition feasibility; missing steps; poor nutrition calculation feasibility; ingredient-only snack row,poor nutrition feasibility,low,,good,poor,choose one best source variant before any import,verify whether this is a no-cook snack or an incomplete recipe; InfoVolna snack row is more menu item than recipe; InfoVolna meal-plan row; check it works as a standalone recipe; same source title appears 4 times in this workbook,
Все рецепты!R219 | InfoVolna | page/file [InfoVolna.com] Рекомендованный план питания 1500 вариант 7.pdf | variant 7 перекус 1,Фундук (либо другие орехи) - 35гр,REJECT,39,snack,unknown,easy,Фундук,"Фундук (либо другие орехи) -
35гр",,"КБЖУ перекус
175
5
14
7",[InfoVolna.com] Рекомендованный план питания 1500 вариант 7.pdf,poor nutrition feasibility; missing steps; poor nutrition calculation feasibility; ingredient-only snack row,poor nutrition feasibility,low,,good,poor,choose one best source variant before any import,verify whether this is a no-cook snack or an incomplete recipe; InfoVolna snack row is more menu item than recipe; InfoVolna meal-plan row; check it works as a standalone recipe; same source title appears 4 times in this workbook,
Все рецепты!R294 | InfoVolna | page/file [InfoVolna.com] Рекомендованный план питания 1800 вариант 1.pdf | variant 1 перекус 1,яблоко - 1шт,REJECT,39,snack,unknown,easy,яблоко,яблоко - 1шт,,"КБЖУ перекус
77
0
0
16",[InfoVolna.com] Рекомендованный план питания 1800 вариант 1.pdf,poor nutrition feasibility; missing steps; poor nutrition calculation feasibility; ingredient-only snack row,poor nutrition feasibility,low,,good,poor,choose one best source variant before any import,verify whether this is a no-cook snack or an incomplete recipe; InfoVolna snack row is more menu item than recipe; InfoVolna meal-plan row; check it works as a standalone recipe; same source title appears 5 times in this workbook,
Все рецепты!R334 | InfoVolna | page/file [InfoVolna.com] Рекомендованный план питания 1900 вариант 2.pdf | variant 2 перекус 1,яблоко - 1шт,REJECT,39,snack,unknown,easy,яблоко,яблоко - 1шт,,"КБЖУ перекус
61
0
0
13",[InfoVolna.com] Рекомендованный план питания 1900 вариант 2.pdf,poor nutrition feasibility; missing steps; poor nutrition calculation feasibility; ingredient-only snack row,poor nutrition feasibility,low,,good,poor,choose one best source variant before any import,verify whether this is a no-cook snack or an incomplete recipe; InfoVolna snack row is more menu item than recipe; InfoVolna meal-plan row; check it works as a standalone recipe; same source title appears 5 times in this workbook,
Все рецепты!R236 | InfoVolna | page/file [InfoVolna.com] Рекомендованый план питания 1600 вариант 3.pdf | variant 3 перекус 2,"яблоко - 1шт,",REJECT,39,snack,unknown,easy,яблоко,"яблоко - 1шт,",,"перекус КБЖУ
72
0
0
19",[InfoVolna.com] Рекомендованый план питания 1600 вариант 3.pdf,poor nutrition feasibility; missing steps; poor nutrition calculation feasibility; ingredient-only snack row,poor nutrition feasibility,low,,good,poor,choose one best source variant before any import,verify whether this is a no-cook snack or an incomplete recipe; InfoVolna snack row is more menu item than recipe; InfoVolna meal-plan row; check it works as a standalone recipe; same source title appears 5 times in this workbook,
Все рецепты!R241 | InfoVolna | page/file [InfoVolna.com] Рекомендованый план питания 1600 вариант 4.pdf | variant 4 перекус 2,"яблоко - 1шт,",REJECT,39,snack,unknown,easy,яблоко,"яблоко - 1шт,",,"перекус КБЖУ
72
0
0
19",[InfoVolna.com] Рекомендованый план питания 1600 вариант 4.pdf,poor nutrition feasibility; missing steps; poor nutrition calculation feasibility; ingredient-only snack row,poor nutrition feasibility,low,,good,poor,choose one best source variant before any import,verify whether this is a no-cook snack or an incomplete recipe; InfoVolna snack row is more menu item than recipe; InfoVolna meal-plan row; check it works as a standalone recipe; same source title appears 5 times in this workbook,
Все рецепты!R341 | InfoVolna | page/file [InfoVolna.com] Рекомендованный план питания 1900 вариант 3.pdf | variant 3 перекус 2,"яблоко - 1шт,",REJECT,39,snack,unknown,easy,яблоко,"яблоко - 1шт,",,"перекус КБЖУ
72
0
0
19",[InfoVolna.com] Рекомендованный план питания 1900 вариант 3.pdf,poor nutrition feasibility; missing steps; poor nutrition calculation feasibility; ingredient-only snack row,poor nutrition feasibility,low,,good,poor,choose one best source variant before any import,verify whether this is a no-cook snack or an incomplete recipe; InfoVolna snack row is more menu item than recipe; InfoVolna meal-plan row; check it works as a standalone recipe; same source title appears 5 times in this workbook,
Все рецепты!R211 | InfoVolna | page/file [InfoVolna.com] Рекомендованный план питания 1500 вариант 5.pdf | variant 5 перекус 2,Яблоко -1 шт,REJECT,39,snack,unknown,easy,Яблоко,Яблоко -1 шт,,"перекус КБЖУ
77
1
0
16",[InfoVolna.com] Рекомендованный план питания 1500 вариант 5.pdf,poor nutrition feasibility; missing steps; poor nutrition calculation feasibility; ingredient-only snack row,poor nutrition feasibility,low,,good,poor,choose one best source variant before any import,verify whether this is a no-cook snack or an incomplete recipe; InfoVolna snack row is more menu item than recipe; InfoVolna meal-plan row; check it works as a standalone recipe; same source title appears 3 times in this workbook,
Все рецепты!R214 | InfoVolna | page/file [InfoVolna.com] Рекомендованный план питания 1500 вариант 6.pdf | variant 6 перекус 1,Яблоко -1 шт,REJECT,39,snack,unknown,easy,Яблоко,Яблоко -1 шт,,"КБЖУ перекус
77
1
0
16",[InfoVolna.com] Рекомендованный план питания 1500 вариант 6.pdf,poor nutrition feasibility; missing steps; poor nutrition calculation feasibility; ingredient-only snack row,poor nutrition feasibility,low,,good,poor,choose one best source variant before any import,verify whether this is a no-cook snack or an incomplete recipe; InfoVolna snack row is more menu item than recipe; InfoVolna meal-plan row; check it works as a standalone recipe; same source title appears 3 times in this workbook,
Все рецепты!R174 | InfoVolna | page/file [InfoVolna.com] Рекомендованый план питания 1350-1400 вариант 5.pdf | variant 5 перекус 1,яблоко 1- шт,REJECT,39,snack,unknown,easy,яблоко,яблоко 1- шт,,"КБЖУ перекус
72
0
0
19",[InfoVolna.com] Рекомендованый план питания 1350-1400 вариант 5.pdf,poor nutrition feasibility; missing steps; poor nutrition calculation feasibility; ingredient-only snack row,poor nutrition feasibility,low,,good,poor,choose one best source variant before any import,verify whether this is a no-cook snack or an incomplete recipe; InfoVolna snack row is more menu item than recipe; InfoVolna meal-plan row; check it works as a standalone recipe; same source title appears 3 times in this workbook,
Все рецепты!R364 | InfoVolna | page/file [InfoVolna.com] Рекомендованный план питания 2000 вариант 1.pdf | variant 1 перекус 1,Яблоко/груша-1 шт,REJECT,39,snack,unknown,easy,Яблоко/груша,Яблоко/груша-1 шт,,"КБЖУ перекус
77
0
0
16",[InfoVolna.com] Рекомендованный план питания 2000 вариант 1.pdf,poor nutrition feasibility; missing steps; poor nutrition calculation feasibility; ingredient-only snack row,poor nutrition feasibility,low,,good,poor,choose one best source variant before any import,verify whether this is a no-cook snack or an incomplete recipe; InfoVolna snack row is more menu item than recipe; InfoVolna meal-plan row; check it works as a standalone recipe; same source title appears 3 times in this workbook,
Все рецепты!R371 | InfoVolna | page/file [InfoVolna.com] Рекомендованный план питания 2000 вариант 2.pdf | variant 2 перекус 2,Яблоко/груша-1 шт,REJECT,39,snack,unknown,easy,Яблоко/груша,Яблоко/груша-1 шт,,"перекус КБЖУ
77
0
0
16",[InfoVolna.com] Рекомендованный план питания 2000 вариант 2.pdf,poor nutrition feasibility; missing steps; poor nutrition calculation feasibility; ingredient-only snack row,poor nutrition feasibility,low,,good,poor,choose one best source variant before any import,verify whether this is a no-cook snack or an incomplete recipe; InfoVolna snack row is more menu item than recipe; InfoVolna meal-plan row; check it works as a standalone recipe; same source title appears 3 times in this workbook,
Все рецепты!R384 | InfoVolna | page/file [InfoVolna.com] Рекомендованный план питания 2000 вариант 5.pdf | variant 5 перекус 1,Яблоко/груша-1 шт,REJECT,39,snack,unknown,easy,Яблоко/груша,Яблоко/груша-1 шт,,"КБЖУ перекус
77
0
0
16",[InfoVolna.com] Рекомендованный план питания 2000 вариант 5.pdf,poor nutrition feasibility; missing steps; poor nutrition calculation feasibility; ingredient-only snack row,poor nutrition feasibility,low,,good,poor,choose one best source variant before any import,verify whether this is a no-cook snack or an incomplete recipe; InfoVolna snack row is more menu item than recipe; InfoVolna meal-plan row; check it works as a standalone recipe; same source title appears 3 times in this workbook,
Все рецепты!R28 | SWBAND.CO | page/file 32,Армянский абрикосовый маринад для рыбы,REJECT,38,unknown,15-30 min,easy,Пюре из свежего абрикоса; Кинза; Паприка; Чеснок,"• Пюре из свежего абрикоса
- 100 г
Лимонный сок — 20 мл
• Кинза — 30 г
• Паприка — 5 г
• Чеснок — 2 зубчика
. Соль —7 г","1.
Абрикосы пробить блендером в
пюре.
2.
Смешать с лимонным соком,
чесноком и паприкой.
З.
Добавить мелко нарезанную кинзу.
4.
Обмазать рыбу или креветки.
Выдержать 30 мин в холодильнике.","О Абрикосовое пюре содержит бета-каротин и органические кислоты.
Кислоты мягко маринуют рыбу за 30 минут, не разрушая текстуру. Бета
каротин при жарке формирует золотистую корочку. Паприка добавляет
капсантин — каротиноид с антиоксидантными свойствами. Кинза содержит
линалоол и борнеол, стимулирующие пищеварение.
Показания: При дефиците витамина А — сухость кожи, снижение зрения
в сумерках одходит для разнообразия в рационе•жирно- рыбы.
Порция: а 1—1,2 кг рыбы или кфеве ок 4—5порций)",[SWBAND.CO] 102 рецепта для снижения веса тела.pdf,standalone sauce/dip/marinade; some expensive or less common ingredients,standalone sauce/dip/marinade,low,,medium,medium,consider replacing rare/expensive items with CIS supermarket alternatives; check quantities before nutrition calculation,SWBAND row came from OCR extraction; verify text and quantities; source notes may contain OCR artifacts,
Все рецепты!R23 | SWBAND.CO | page/file 27,Лимонно шафрановый маринад для индейки,REJECT,38,unknown,90+ min,hard,Йогурт; Цедра лимона; Шафран; зо мл; Горячая вода для настоя; Чеснок,"• Йогурт — 150 г
• Лимонный сок — 40 мл
• Цедра лимона — 5 г
• Шафран — 0,2 г (10—15 нитей)
- зо мл
Горячая вода для настоя
• Чеснок — 12 г
• Паприка —4 г
Кориандр молотый — 4 г
Рафинированное масло — 15 мл
• Соль — 10—12 г
Д Шафран нужно заваривать в воде 70—80 0 С — кипяток разрушает
активные вещества!","1.
Шафран залейте горячей водой
70—80 0 С и настаивайте 15—20
минут до получения золотистого
настоя.
2.
Смешайте йогурт, лимонный сок,
цедру, шафрановый настой,
чеснок, паприку, кориандр,
масло и соль.
Обмажьте индейку маринадом.
З.
Выдержите 6 ч (можно на ночь) в
4.
холодильнике.",,[SWBAND.CO] 102 рецепта для снижения веса тела.pdf,standalone sauce/dip/marinade; hard/restaurant-style execution,standalone sauce/dip/marinade,low,,good,medium,check quantities before nutrition calculation,SWBAND row came from OCR extraction; verify text and quantities,
Все рецепты!R102 | SWBAND.CO | page/file 113,Холодный чай со смородиной,REJECT,38,unknown,15-30 min,unknown,Чёрный чай; Чёрная смородина; Сок лимона; Тростниковый сахар,"Чёрный чай — 700 мл
• Чёрная смородина — 180 г
Сок лимона — 15 мл
Тростниковый сахар — 15 г","Заварить и охладить чай.
1.
2.
Смородину слегка подавить
ВИЛКОЙ.
З.
Добавить в чай вместе с лимоном
и сахаром.
Настоять 30 мин.
4.","О Чёрная смородина содержит около 200 мг витамина С на 100 г —
это четыре суточные нормы. Антоцианы смородины укрепляют стенки
сосудов. Настаивание 30 минут позволяет ягодам полностью отдать
антоцианы в чай.
Показания: При дефиците витамина С, варикозе и сниженном
иммунитете.
Порция:•ЗОО",[SWBAND.CO] 102 рецепта для снижения веса тела.pdf,drink/cocktail,drink/cocktail,low,,good,medium,check quantities before nutrition calculation,SWBAND row came from OCR extraction; verify text and quantities; source notes may contain OCR artifacts,
Все рецепты!R101 | SWBAND.CO | page/file 112,Холодный чёрный чай с персиком,REJECT,38,unknown,15-30 min,medium,Чёрный чай; Персики; Сок лимона; Тростниковый сахар,"Чёрный чай — 700 мл
• Персики — 200 г
Сок лимона — 15 мл
Тростниковый сахар — 15 г","Заварить чай и охладить.
1.
2.
Персики размять вилкой.
З.
Добавить в чай.
Настоять 20 мин.
4.
5.
При желании процедить.","О Чёрный чай содержит теафлавины и теарубигины — полифенолы,
снижающие уровень холестерина. Персик добавляет калий и
флавоноиды. Настаивание 20 минут позволяет персику отдать аромат
в чай.
Показания: При ПОВЫШеННОМ холестерине. Хорошо подходит как
замена сладкому чаю.
Порция: 300 мл",[SWBAND.CO] 102 рецепта для снижения веса тела.pdf,drink/cocktail,drink/cocktail,low,,good,medium,check quantities before nutrition calculation,SWBAND row came from OCR extraction; verify text and quantities; source notes may contain OCR artifacts,
Все рецепты!R182 | InfoVolna | page/file [InfoVolna.com] Рекомендованый план питания 1350-1400 вариант 6.pdf | variant 6 ужин,"Творог 9% -100гр, джем (вкус любой 1 ложка) - 40гр, Сметана 15%50гр",REJECT,35,dinner,unknown,easy,Творог 9%; любой; 15%,"Творог 9% -100гр, джем (вкус
любой 1 ложка) - 40гр, Сметана
15%50гр",,"КБЖУ ужин
341
16
13
38
общее КБЖУ
1402
110
45
136",[InfoVolna.com] Рекомендованый план питания 1350-1400 вариант 6.pdf,mostly sugar dessert; missing steps,mostly sugar dessert,low,,good,medium,check quantities before nutrition calculation,verify whether this is a no-cook snack or an incomplete recipe; InfoVolna meal-plan row; check it works as a standalone recipe; title was inferred or looks like a source fragment,
Все рецепты!R32 | SWBAND.CO | page/file 37,Тахини йогуртовый соус с лимоном,REJECT,35,unknown,5-15 min,easy,Тахини; Греческий йогурт; Чеснок; Кунжутные; лигнаны оказывают лёгкое эстрогеноподобное действие; что актуально в период менопаузы,"Тахини — 40 г
Греческий йогурт — 200 г
• Лимонный сок — 20 мл
Чеснок — 5 г
- 20-30 мл
Вода
• Соль —4 г
О
Тахини — один из лучших растительных источников кальция: 100 г
содержат около 420 мг, что сопоставимо с твёрдым сыром. Кунжутные
лигнаны (сезамин) оказывают лёгкое эстрогеноподобное действие,
что актуально в период менопаузы.","1.
Тахини смешать с лимонным
соком — масса загустеет, это
нормально.
2.
Добавить йогурт и чеснок.
З.
Вмешать соль.
4.
Постепенно добавлять воду по
ложке до шелковой консистенции.","Показания: При дефиците кальция, для профилактики остеопороза,
в период менопаузь .",[SWBAND.CO] 102 рецепта для снижения веса тела.pdf,standalone sauce/dip/marinade; some expensive or less common ingredients; possible duplicate,standalone sauce/dip/marinade,medium,Манго-йогуртовый боул с творогом,medium,medium,consider replacing rare/expensive items with CIS supermarket alternatives; check quantities before nutrition calculation; compare with similar existing recipe,SWBAND row came from OCR extraction; verify text and quantities; duplicate similarity score 0.688; source notes may contain OCR artifacts,
Все рецепты!R204 | InfoVolna | page/file [InfoVolna.com] Рекомендованный план питания 1500 вариант 4.pdf | variant 4 перекус 1,Грецкие или миндаль или фундук (или другие орехи) -20гр,REJECT,34,snack,unknown,easy,Грецкие или миндаль или; фундук,"Грецкие или миндаль или
фундук (или другие орехи) -20гр",,"КБЖУ перекус
140
3
14
1",[InfoVolna.com] Рекомендованный план питания 1500 вариант 4.pdf,poor nutrition feasibility; missing steps; poor nutrition calculation feasibility; ingredient-only snack row,poor nutrition feasibility,low,,good,poor,choose one best source variant before any import,verify whether this is a no-cook snack or an incomplete recipe; InfoVolna snack row is more menu item than recipe; InfoVolna meal-plan row; check it works as a standalone recipe; same source title appears 2 times in this workbook,
Все рецепты!R221 | InfoVolna | page/file [InfoVolna.com] Рекомендованный план питания 1500 вариант 7.pdf | variant 7 перекус 2,Грецкие или миндаль или фундук (или другие орехи) -20гр,REJECT,34,snack,unknown,easy,Грецкие или миндаль или; фундук,"Грецкие или миндаль или
фундук (или другие орехи) -20гр",,"перекус КБЖУ
140
3
14
1",[InfoVolna.com] Рекомендованный план питания 1500 вариант 7.pdf,poor nutrition feasibility; missing steps; poor nutrition calculation feasibility; ingredient-only snack row,poor nutrition feasibility,low,,good,poor,choose one best source variant before any import,verify whether this is a no-cook snack or an incomplete recipe; InfoVolna snack row is more menu item than recipe; InfoVolna meal-plan row; check it works as a standalone recipe; same source title appears 2 times in this workbook,
Все рецепты!R126 | InfoVolna | page/file [InfoVolna.com] Рекомендованый план питания 1300 вариант 2.pdf | variant 2 перекус 2,Грецкие или миндаль или фундук -20гр,REJECT,34,snack,unknown,easy,Грецкие или миндаль или; фундук,"Грецкие или миндаль или
фундук -20гр",,"перекус КБЖУ
140
3
14
1",[InfoVolna.com] Рекомендованый план питания 1300 вариант 2.pdf,poor nutrition feasibility; missing steps; poor nutrition calculation feasibility; ingredient-only snack row,poor nutrition feasibility,low,,good,poor,choose one best source variant before any import,verify whether this is a no-cook snack or an incomplete recipe; InfoVolna snack row is more menu item than recipe; InfoVolna meal-plan row; check it works as a standalone recipe; same source title appears 2 times in this workbook,
Все рецепты!R161 | InfoVolna | page/file [InfoVolna.com] Рекомендованый план питания 1350-1400 вариант 2.pdf | variant 2 перекус 2,Грецкие или миндаль или фундук -20гр,REJECT,34,snack,unknown,easy,Грецкие или миндаль или; фундук,"Грецкие или миндаль или
фундук -20гр",,"перекус КБЖУ
140
3
14
1",[InfoVolna.com] Рекомендованый план питания 1350-1400 вариант 2.pdf,poor nutrition feasibility; missing steps; poor nutrition calculation feasibility; ingredient-only snack row,poor nutrition feasibility,low,,good,poor,choose one best source variant before any import,verify whether this is a no-cook snack or an incomplete recipe; InfoVolna snack row is more menu item than recipe; InfoVolna meal-plan row; check it works as a standalone recipe; same source title appears 2 times in this workbook,
Все рецепты!R251 | InfoVolna | page/file [InfoVolna.com] Рекомендованый план питания 1650 вариант 6.pdf | variant 6 перекус 2,Грецкие или миндаль или фундук -30гр,REJECT,34,snack,unknown,easy,Грецкие или миндаль или; фундук,"Грецкие или миндаль или
фундук -30гр",,"перекус КБЖУ
196
5
20
2",[InfoVolna.com] Рекомендованый план питания 1650 вариант 6.pdf,poor nutrition feasibility; missing steps; poor nutrition calculation feasibility; ingredient-only snack row,poor nutrition feasibility,low,,good,poor,choose one best source variant before any import,verify whether this is a no-cook snack or an incomplete recipe; InfoVolna snack row is more menu item than recipe; InfoVolna meal-plan row; check it works as a standalone recipe; same source title appears 2 times in this workbook,
Все рецепты!R256 | InfoVolna | page/file [InfoVolna.com] Рекомендованый план питания 1650 вариант 7.pdf | variant 7 перекус 2,Грецкие или миндаль или фундук -30гр,REJECT,34,snack,unknown,easy,Грецкие или миндаль или; фундук,"Грецкие или миндаль или
фундук -30гр",,"перекус КБЖУ
338
11
27
12",[InfoVolna.com] Рекомендованый план питания 1650 вариант 7.pdf,poor nutrition feasibility; missing steps; poor nutrition calculation feasibility; ingredient-only snack row,poor nutrition feasibility,low,,good,poor,choose one best source variant before any import,verify whether this is a no-cook snack or an incomplete recipe; InfoVolna snack row is more menu item than recipe; InfoVolna meal-plan row; check it works as a standalone recipe; same source title appears 2 times in this workbook,
Все рецепты!R229 | InfoVolna | page/file [InfoVolna.com] Рекомендованый план питания 1600 вариант 2.pdf | variant 2 перекус 1,кефир 1 % 250мл,REJECT,34,snack,unknown,easy,кефир 1 %,кефир 1 % 250мл,,"КБЖУ перекус
95
8
3
10",[InfoVolna.com] Рекомендованый план питания 1600 вариант 2.pdf,poor nutrition feasibility; missing steps; poor nutrition calculation feasibility; ingredient-only snack row,poor nutrition feasibility,low,,good,poor,choose one best source variant before any import,verify whether this is a no-cook snack or an incomplete recipe; InfoVolna snack row is more menu item than recipe; InfoVolna meal-plan row; check it works as a standalone recipe; same source title appears 2 times in this workbook,
Все рецепты!R231 | InfoVolna | page/file [InfoVolna.com] Рекомендованый план питания 1600 вариант 2.pdf | variant 2 перекус 2,кефир 1 % 250мл,REJECT,34,snack,unknown,easy,кефир 1 %,кефир 1 % 250мл,,"перекус КБЖУ
95
8
3
10",[InfoVolna.com] Рекомендованый план питания 1600 вариант 2.pdf,poor nutrition feasibility; missing steps; poor nutrition calculation feasibility; ingredient-only snack row,poor nutrition feasibility,low,,good,poor,choose one best source variant before any import,verify whether this is a no-cook snack or an incomplete recipe; InfoVolna snack row is more menu item than recipe; InfoVolna meal-plan row; check it works as a standalone recipe; same source title appears 2 times in this workbook,
Все рецепты!R164 | InfoVolna | page/file [InfoVolna.com] Рекомендованый план питания 1350-1400 вариант 3.pdf | variant 3 перекус 1,Кефир 1% -200мл,REJECT,34,snack,unknown,easy,Кефир 1%,Кефир 1% -200мл,,"КБЖУ перекус
100
7
2
10",[InfoVolna.com] Рекомендованый план питания 1350-1400 вариант 3.pdf,poor nutrition feasibility; missing steps; poor nutrition calculation feasibility; ingredient-only snack row,poor nutrition feasibility,low,,good,poor,choose one best source variant before any import,verify whether this is a no-cook snack or an incomplete recipe; InfoVolna snack row is more menu item than recipe; InfoVolna meal-plan row; check it works as a standalone recipe; same source title appears 2 times in this workbook,
Все рецепты!R309 | InfoVolna | page/file [InfoVolna.com] Рекомендованный план питания 1800 вариант 4.pdf | variant 4 перекус 1,Кефир 1% -200мл,REJECT,34,snack,unknown,easy,Кефир 1%,Кефир 1% -200мл,,"КБЖУ перекус
100
7
2
10",[InfoVolna.com] Рекомендованный план питания 1800 вариант 4.pdf,poor nutrition feasibility; missing steps; poor nutrition calculation feasibility; ingredient-only snack row,poor nutrition feasibility,low,,good,poor,choose one best source variant before any import,verify whether this is a no-cook snack or an incomplete recipe; InfoVolna snack row is more menu item than recipe; InfoVolna meal-plan row; check it works as a standalone recipe; same source title appears 2 times in this workbook,
Все рецепты!R119 | InfoVolna | page/file [InfoVolna.com] Рекомендованый план питания 1300 вариант 1.pdf | variant 1 перекус 1,мандарин -2 шт,REJECT,34,snack,unknown,easy,мандарин,мандарин -2 шт,,"КБЖУ перекус
36
0
0
8",[InfoVolna.com] Рекомендованый план питания 1300 вариант 1.pdf,poor nutrition feasibility; missing steps; poor nutrition calculation feasibility; ingredient-only snack row,poor nutrition feasibility,low,,good,poor,choose one best source variant before any import,verify whether this is a no-cook snack or an incomplete recipe; InfoVolna snack row is more menu item than recipe; InfoVolna meal-plan row; check it works as a standalone recipe; same source title appears 2 times in this workbook,
Все рецепты!R136 | InfoVolna | page/file [InfoVolna.com] Рекомендованый план питания 1300 вариант 4.pdf | variant 4 перекус 2,мандарин -2 шт,REJECT,34,snack,unknown,easy,мандарин,мандарин -2 шт,,"перекус КБЖУ
36
0
0
8",[InfoVolna.com] Рекомендованый план питания 1300 вариант 4.pdf,poor nutrition feasibility; missing steps; poor nutrition calculation feasibility; ingredient-only snack row,poor nutrition feasibility,low,,good,poor,choose one best source variant before any import,verify whether this is a no-cook snack or an incomplete recipe; InfoVolna snack row is more menu item than recipe; InfoVolna meal-plan row; check it works as a standalone recipe; same source title appears 2 times in this workbook,
Все рецепты!R39 | SWBAND.CO | page/file 44,Соус из печёных баклажанов и мацони,REJECT,34,unknown,30-45 min,medium,Баклажан; Мацони; Чеснок; Оливковое масло,"Баклажан — 300 г
Мацони — 150 г
Чеснок — 5 г
Лимонный сок — 15 мл
Оливковое масло — 5 мл
Соль — 4 г","1.
Баклажан проколоть вилкой.
Запечь 35 мин при 22000.
2.
З.
Ложкой вынуть мякоть.
4.
Смешать мякоть с мацони,
чесноком, лимонным соком и солью.
5.
Можно пробить или оставить
текстурным.","О Запечённый баклажан содержит хлорогеновую кислоту —
антиоксидант, замедляющий усвоение сахара и снижающий
гликемический индекс блюда. Мацони добавляет пробиотики и кальций.
Чеснок после запекания теряет остроту и приобретает мягкий ореховый
вкус.
Показания: При диабете 2 типа и метаболическом синдроме. Хорошо
подходит для снижения веса — соус с низким ГИ и ме енной
калорийностью.
Порция: —4 ст. л. на порцию",[SWBAND.CO] 102 рецепта для снижения веса тела.pdf,standalone sauce/dip/marinade; some expensive or less common ingredients,standalone sauce/dip/marinade,low,,medium,medium,consider replacing rare/expensive items with CIS supermarket alternatives; check quantities before nutrition calculation,SWBAND row came from OCR extraction; verify text and quantities; source notes may contain OCR artifacts,
Все рецепты!R264 | InfoVolna | page/file [InfoVolna.com] Рекомендованый план питания 1700 вариант 2.pdf | variant 2 перекус 1,"яблоко - 1шт, Капучино",REJECT,34,snack,unknown,easy,яблоко,"яблоко - 1шт, Капучино",,"КБЖУ перекус
141
3
4
21",[InfoVolna.com] Рекомендованый план питания 1700 вариант 2.pdf,poor nutrition feasibility; missing steps; poor nutrition calculation feasibility; ingredient-only snack row,poor nutrition feasibility,low,,good,poor,choose one best source variant before any import,verify whether this is a no-cook snack or an incomplete recipe; InfoVolna snack row is more menu item than recipe; InfoVolna meal-plan row; check it works as a standalone recipe; same source title appears 2 times in this workbook,
Все рецепты!R271 | InfoVolna | page/file [InfoVolna.com] Рекомендованый план питания 1700 вариант 3.pdf | variant 3 перекус 2,"яблоко - 1шт, Капучино",REJECT,34,snack,unknown,easy,яблоко,"яблоко - 1шт, Капучино",,"перекус КБЖУ
141
3
4
21",[InfoVolna.com] Рекомендованый план питания 1700 вариант 3.pdf,poor nutrition feasibility; missing steps; poor nutrition calculation feasibility; ingredient-only snack row,poor nutrition feasibility,low,,good,poor,choose one best source variant before any import,verify whether this is a no-cook snack or an incomplete recipe; InfoVolna snack row is more menu item than recipe; InfoVolna meal-plan row; check it works as a standalone recipe; same source title appears 2 times in this workbook,
Все рецепты!R169 | InfoVolna | page/file [InfoVolna.com] Рекомендованый план питания 1350-1400 вариант 4.pdf | variant 4 перекус 1,Яблоко или груша -1шт,REJECT,34,snack,unknown,easy,Яблоко или груша,Яблоко или груша -1шт,,"КБЖУ перекус
60
1
0
12",[InfoVolna.com] Рекомендованый план питания 1350-1400 вариант 4.pdf,poor nutrition feasibility; missing steps; poor nutrition calculation feasibility; ingredient-only snack row,poor nutrition feasibility,low,,good,poor,choose one best source variant before any import,verify whether this is a no-cook snack or an incomplete recipe; InfoVolna snack row is more menu item than recipe; InfoVolna meal-plan row; check it works as a standalone recipe; same source title appears 2 times in this workbook,
Все рецепты!R171 | InfoVolna | page/file [InfoVolna.com] Рекомендованый план питания 1350-1400 вариант 4.pdf | variant 4 перекус 2,Яблоко или груша -1шт,REJECT,34,snack,unknown,easy,Яблоко или груша,Яблоко или груша -1шт,,"перекус КБЖУ
60
1
0
12",[InfoVolna.com] Рекомендованый план питания 1350-1400 вариант 4.pdf,poor nutrition feasibility; missing steps; poor nutrition calculation feasibility; ingredient-only snack row,poor nutrition feasibility,low,,good,poor,choose one best source variant before any import,verify whether this is a no-cook snack or an incomplete recipe; InfoVolna snack row is more menu item than recipe; InfoVolna meal-plan row; check it works as a standalone recipe; same source title appears 2 times in this workbook,
Все рецепты!R285 | InfoVolna | page/file [InfoVolna.com] Рекомендованый план питания 1700 вариант 6.pdf | variant 6 обед,Плов с говядиной,REJECT,34,lunch,15-30 min,unknown,Плов с говядиной; ПОРЦИЮ УКАЗАН НИЖЕ; делим пополам,"Плов с говядиной.
Ингредиенты:
ПОРЦИЮ УКАЗАН НИЖЕ.
Ингредиенты делим пополам","В сковороду Нагреть. Выложить
морковь и лук.
- Выложить в сковороду кусочки
говядины поверх лука и
моркови. Тушить на среднем
огне 20-25 минут.
- После этого в сковороду
наливаем кипяченую воду из
расчета на 1 стакан риса — 2
стакана воды и доводим до
кипения. Посолить, поперчить,
добавить специи по вкусу.
- Когда вода закипит, положить
в сковороду рис. На сильном
огне половина воды должна
выкипеть.
- Когда половина жидкости
выкипит, закрыть сковороду
крышкой и поставить на
медленный огонь до готовности
(примерно 15-20 минут).","КБЖУ обед
556
49
14
55",[InfoVolna.com] Рекомендованый план питания 1700 вариант 6.pdf,no usable quantities; poor nutrition feasibility; poor nutrition calculation feasibility; possible duplicate,no usable quantities; poor nutrition feasibility,medium,Пулькоги из говядины,good,poor,add usable quantities before any import; compare with similar existing recipe; choose one best source variant before any import,InfoVolna meal-plan row; check it works as a standalone recipe; duplicate similarity score 0.667; same source title appears 5 times in this workbook,
Все рецепты!R350 | InfoVolna | page/file [InfoVolna.com] Рекомендованный план питания 1900 вариант 5.pdf | variant 5 обед,Плов с говядиной,REJECT,34,lunch,15-30 min,unknown,Плов с говядиной; ПОРЦИЮ УКАЗАН НИЖЕ; делим пополам,"Плов с говядиной.
Ингредиенты:
ПОРЦИЮ УКАЗАН НИЖЕ.
Ингредиенты делим пополам","В сковороду Нагреть. Выложить
морковь и лук.
- Выложить в сковороду кусочки
говядины поверх лука и
моркови. Тушить на среднем
огне 20-25 минут.
- После этого в сковороду
наливаем кипяченую воду из
расчета на 1 стакан риса — 2
стакана воды и доводим до
кипения. Посолить, поперчить,
добавить специи по вкусу.
- Когда вода закипит, положить
в сковороду рис. На сильном
огне половина воды должна
выкипеть.
- Когда половина жидкости
выкипит, закрыть сковороду
крышкой и поставить на
медленный огонь до готовности","КБЖУ обед
556
49
14
55",[InfoVolna.com] Рекомендованный план питания 1900 вариант 5.pdf,no usable quantities; poor nutrition feasibility; poor nutrition calculation feasibility; possible duplicate,no usable quantities; poor nutrition feasibility,medium,Пулькоги из говядины,good,poor,add usable quantities before any import; compare with similar existing recipe; choose one best source variant before any import,InfoVolna meal-plan row; check it works as a standalone recipe; duplicate similarity score 0.667; same source title appears 5 times in this workbook,
Все рецепты!R99 | SWBAND.CO | page/file 110,Арбузный ледяной напиток,REJECT,33,unknown,5-15 min,unknown,Арбуз; Сок лимона; Мята,"Арбуз - 700 г
• Сок лимона — 20 мл
• Мята — 30 г","Часть арбуза (-300 г) заморозить
1.
кубиками.
2.
Остальной арбуз пробить
блендером.
З.
Добавить замороженный арбуз и
ещё раз пробить до ледяной
текстуры.
4.
Добавить лимонный сок и мяту.","О Арбуз содержит цитруллин, который в организме превращается в
аргинин — предшественник оксида азота, расширяющего сосуды.
Замороженные кубики арбуза выполняют роль льда и не разбавляют
вкус. Мята усиливает ощущение прохлады.
Показания: В жару•и•при•повышенно
давлении.
Порци : 300 мл",[SWBAND.CO] 102 рецепта для снижения веса тела.pdf,drink/cocktail,drink/cocktail,low,,good,medium,check quantities before nutrition calculation,SWBAND row came from OCR extraction; verify text and quantities; source notes may contain OCR artifacts,
Все рецепты!R105 | SWBAND.CO | page/file 117,Глазированные творожные сырки (базовые),REJECT,33,unknown,90+ min,hard,"Творог 5; Сливочное масло; Сахарная пудра; Какао-порошок; Кокосовая стружка; Ваниль, щепотка соли","Творог 5—9% — 300 г
Сливочное масло — 40 г
Сахарная пудра — 20 г
Какао-порошок — 2 ч. л.
Кокосовая стружка — 30—40 г
Ваниль, щепотка соли
Глазурь: тёмный шоколад — 150 г,
рафинированное масло — 30 мл","1.
Смешать творог, масло, пудру,
ваниль и соль. Пробить блендером.
2.
Разделить массу на две части: в
одну добавить какао, в другую
кокосовую стружку.
З.
Сформировать сырки. Охладить 4—6
часов в
4.
Растопить шоколад с маслом
импульсно по 20—30 секунд в
микроволновке.
5.
Глазировать сырки. Охладить 10—20
минут.","О • Домашний вариант без пальмового масла, консервантов и синтетических
ароматизаторов. Какао содержит флавоноиды — в тёмном шоколаде их
концентрацря в молочно
Показания: пром иленным",[SWBAND.CO] 102 рецепта для снижения веса тела.pdf,drink/cocktail; hard/restaurant-style execution,drink/cocktail,low,,good,medium,check quantities before nutrition calculation,SWBAND row came from OCR extraction; verify text and quantities; source notes may contain OCR artifacts,
Все рецепты!R94 | SWBAND.CO | page/file 105,Зелёный чай с лимоном и мятой,REJECT,33,unknown,5-15 min,unknown,Зелёный чай; мл; Сок лимона; зо мл; Мята; Тростниковый сахар,"Зелёный чай
- 700 мл
• Сок лимона
- зо мл
• Мята — 15 г
Тростниковый сахар — 15 г
• Лёд","Заварите чай крепче обычного.
1.
2.
Полностью остудите.
З.
Добавьте лимонный сок, сахар и
мяту.
4.
Подавайте со льдом.","О Зелёный чай содержит EGCG — катехин, ускоряющий термогенез и
окисление жиров. Лимонный сок в 5—6 раз увеличивает стабильность
катехинов в кишечнике. Заваривайте чай крепче обычного, чтобы
повысить концентрацию катехинов.
Показания: При снижении веса и высокой умственной нагрузке.
Замена сладким холодным напиткам.",[SWBAND.CO] 102 рецепта для снижения веса тела.pdf,drink/cocktail,drink/cocktail,low,,good,medium,check quantities before nutrition calculation,SWBAND row came from OCR extraction; verify text and quantities; source notes may contain OCR artifacts,
Все рецепты!R95 | SWBAND.CO | page/file 106,Лимонад с тархуном,REJECT,33,unknown,up to 15 min,unknown,Свежий тархун; Сок лимона; Газированная вода; Тростниковый сахар; Лёд,"• Свежий тархун — 25 г
• Сок лимона — 40 мл
Газированная вода — 1 л
Тростниковый сахар — 20 г
• Лёд","1.
Растолочь тархун с сахаром
ложкой, чтобы высвободился
аромат.
2.
Добавить лимонный сок.
Залить газированной водой.
З.
4.
Настоять 15 минут в холоде.
Подавать со льдом.","О Тархун содержит эстрагол, метилхавикол и анетол — они
расслабляют гладкую мускулатуру ЖКТ. Растирание с сахаром лучше
высвобождает эфирные масла, чем нарезка. Настаивание в холоде
важно: горячая вода разрушает летучие ароматические вещества.
Показания: При спазмах кишечника и вздутии. Детям — как замена
промышленному ли",[SWBAND.CO] 102 рецепта для снижения веса тела.pdf,drink/cocktail,drink/cocktail,low,,good,medium,check quantities before nutrition calculation,SWBAND row came from OCR extraction; verify text and quantities; source notes may contain OCR artifacts,
Все рецепты!R100 | SWBAND.CO | page/file 111,Томатный напиток с сельдереем,REJECT,33,unknown,45-90 min,medium,Томаты; Огурец; Сельдерей; Сок лимона,"• Томаты — 500 г
Огурец — 150 г
• Сельдерей — 40 г
Сок лимона — 10 мл
• Соль","1.
При желании снять кожицу с
томатов.
2.
блендером.
Охладить 1 ч.
З.","О А Сельдерей содержит фталиды, расслабляющие гладкую
мускулатуру сосудов и обладающие лёгким мочегонным эффектом.
Охлаждение 1 час улучшает вкус — вкусы смешиваются.
Показания: При гипертонии и отёках. Хорошо подходит натощак
утром.
Порция: 300 мл",[SWBAND.CO] 102 рецепта для снижения веса тела.pdf,drink/cocktail,drink/cocktail,low,,good,medium,check quantities before nutrition calculation,SWBAND row came from OCR extraction; verify text and quantities; source notes may contain OCR artifacts,
Все рецепты!R366 | InfoVolna | page/file [InfoVolna.com] Рекомендованный план питания 2000 вариант 1.pdf | variant 1 перекус 2,"йогурт активиа питьевой 290 мл, печенье бомбар (продается в магните, пятерочке или в любом большом гипермаркете) 60гр",REJECT,32,snack,unknown,easy,"йогурт активиа питьевой; печенье бомбар (продается в; магните, пятерочке или в любом; большом гипермаркете)","йогурт активиа питьевой 290 мл,
печенье бомбар (продается в
магните, пятерочке или в любом
большом гипермаркете) 60гр",,"перекус КБЖУ
251
21
12
14",[InfoVolna.com] Рекомендованный план питания 2000 вариант 1.pdf,mostly sugar dessert; missing steps; ingredient-only snack row,mostly sugar dessert,low,,good,medium,check quantities before nutrition calculation,verify whether this is a no-cook snack or an incomplete recipe; InfoVolna snack row is more menu item than recipe; InfoVolna meal-plan row; check it works as a standalone recipe; title was inferred or looks like a source fragment,
Все рецепты!R419 | InfoVolna | page/file [InfoVolna.com] Рекомендованный план питания 2100-2200 вариант 5.pdf | variant 5 перекус 1,"йогурт активиа питьевой 290 мл, печенье бомбар 60гр",REJECT,32,snack,unknown,easy,"йогурт активиа питьевой 290; мл, печенье бомбар","йогурт активиа питьевой 290
мл, печенье бомбар 60гр",,"КБЖУ перекус
251
21
12
14",[InfoVolna.com] Рекомендованный план питания 2100-2200 вариант 5.pdf,mostly sugar dessert; missing steps; ingredient-only snack row,mostly sugar dessert,low,,good,medium,check quantities before nutrition calculation,verify whether this is a no-cook snack or an incomplete recipe; InfoVolna snack row is more menu item than recipe; InfoVolna meal-plan row; check it works as a standalone recipe,
Все рецепты!R541 | InfoVolna | page/file [InfoVolna.com] Рекомендованный план питания 3000 вариант 2.pdf | variant 2 перекус 2,"йогурт греческий ТЕОС 140гр, грецкий орех или любой другой - 50гр, яблоко 1- шт, булка с изюмом",REJECT,32,snack,unknown,easy,йогурт греческий ТЕОС; грецкий орех или любой другой; изюмом,"йогурт греческий ТЕОС 140гр,
грецкий орех или любой другой -
50гр, яблоко 1- шт, булка с
изюмом",,"перекус КБЖУ
703
25
32
80",[InfoVolna.com] Рекомендованный план питания 3000 вариант 2.pdf,mostly sugar dessert; missing steps; ingredient-only snack row,mostly sugar dessert,low,,good,medium,check quantities before nutrition calculation,verify whether this is a no-cook snack or an incomplete recipe; InfoVolna snack row is more menu item than recipe; InfoVolna meal-plan row; check it works as a standalone recipe; title was inferred or looks like a source fragment,
Все рецепты!R25 | SWBAND.CO | page/file 29,Тархунно мацониевый маринад для белой рыбы,REJECT,29,unknown,30-45 min,unknown,Мацони; Свежий тархун; Чеснок; Сок лайма; Цедра,"• Мацони — 200 г
• Свежий тархун — 20 г
• Чеснок — 2 зубчика
• Сок лайма — 20 мл
Цедра 1 лайма
• Соль— 8г","1.
Измельчите чеснок.
2.
Смешайте мацони, сок лайма,
цедру, чеснок и тархун.
Обмажьте рыбу маринадом.
З.
Выдержите 30—45 минут в
4.
холодильнике.",,[SWBAND.CO] 102 рецепта для снижения веса тела.pdf,standalone sauce/dip/marinade; some expensive or less common ingredients,standalone sauce/dip/marinade,low,,medium,medium,consider replacing rare/expensive items with CIS supermarket alternatives; check quantities before nutrition calculation,SWBAND row came from OCR extraction; verify text and quantities,
Все рецепты!R18 | SWBAND.CO | page/file 22,Русский горчично квасной маринад,REJECT,28,unknown,90+ min,hard,Квас; Дижонская горчица; лук; Укроп; Хрен,"Квас — 150 мл
Дижонская горчица — 30 г (2 ст. л.)
лук - 250 г
Укроп — 30 г
Хрен — 10 г (1 ч. л.)
• Соль — 10 г • Перец —2 г","1.
Лук нарезать кольцами.
2.
Смешать квас, горчицу и хрен.
З.
Добавить лук и укроп. Посолить и
поперчить.
Обмазать мясо. Выдержать 5 ч в
4.
холодильнике.",,[SWBAND.CO] 102 рецепта для снижения веса тела.pdf,standalone sauce/dip/marinade; hard/restaurant-style execution,standalone sauce/dip/marinade,low,,good,medium,check quantities before nutrition calculation,SWBAND row came from OCR extraction; verify text and quantities,
Все рецепты!R20 | SWBAND.CO | page/file 24,Русский кефирно чесночный маринад для курицы,REJECT,28,unknown,90+ min,hard,Кефир; Чеснок; Укроп; Горчица,"• Кефир — 250 мл
• Чеснок — 20 г
Укроп — 20 г
• Горчица — 10 г
• Соль — 11 г","1.
Чеснок пропустить через пресс.
2.
Укроп мелко нарезать.
З.
Смешать кефир, чеснок, горчицу,
укроп и соль.
4.
Обмазать курицу. Выдержать 8 ч в
холодильнике.","О Кефир создаёт казеиновую плёнку вокруг курицы, удерживающую влагу
при жарке. Лактобактерии кефира размягчают волокна мяса за счёт
молочной кислоты. Горчица содержит аллилизотиоцианат — стимулирует
выработку желчи и пищеварительных ферментов. Чеснок добавляет
аллицин с антибактериальными свойствами.
Показания: При дисбактериозе и после курса антибиотиков. Один из
самых мягких маринадов — хорошо переносится при чувствительном
желудке.
Порция: а кг курицы 4—Shop Ий) -",[SWBAND.CO] 102 рецепта для снижения веса тела.pdf,standalone sauce/dip/marinade; hard/restaurant-style execution,standalone sauce/dip/marinade,low,,good,medium,check quantities before nutrition calculation,SWBAND row came from OCR extraction; verify text and quantities; source notes may contain OCR artifacts,
Все рецепты!R90 | SWBAND.CO | page/file 100,Огуречные лодочки с тунцовым муссом,REJECT,28,breakfast,up to 15 min,hard,Крупные огурцы; Тунец в собственном соку; зоо г; Греческий йогурт; Горчица; Укроп,"Крупные огурцы — 4 шт.
Тунец в собственном соку
- зоо г
Греческий йогурт — 120 г
• Горчица —8 г
Укроп — 10 г
Лимонный сок — 10 мл
Оливковое масло — 5 мл
• Соль —3 г","1.
Разрежьте огурцы вдоль. Ложкой
удалите часть мякоти.
2.
Разомните тунец вилкой.
З.
Смешайте тунец, йогурт, горчицу,
укроп, масло и лимонный сок.
4.
Наполните лодочки начинкой.
5.
Охладите 15 минут.","О А Тунец в собственном соку — около 25 г белка на 100 г при 100—110
ккал. Содержит омега-З, В12 и селен. Огурец как основа полностью
заменяет хлеб, убирая все углеводы из закуски.
Показания: При строгом снижении веса и диабете. Один из самых
низкокало ийных вариутов белк вой зак ски.
ПОРЦИЯ: 2 ЛОДОЧКИ",[SWBAND.CO] 102 рецепта для снижения веса тела.pdf,too complex/restaurant-style; duplicate or near-duplicate of current FoodBalance recipe; hard/restaurant-style execution; some expensive or less common ingredients,too complex/restaurant-style; duplicate or near-duplicate of current FoodBalance recipe,high,Огуречные лодочки с тунцом,medium,good,consider replacing rare/expensive items with CIS supermarket alternatives; deduplicate against existing recipe before any import,SWBAND row came from OCR extraction; verify text and quantities; duplicate similarity score 0.852; source notes may contain OCR artifacts,
Все рецепты!R456 | InfoVolna | page/file [InfoVolna.com] Рекомендованный план питания 2300-2400 вариант 5.pdf | variant 5 перекус 2,"Булка с изюмом 130гр, йогурт греческий ТЕОС 140гр",REJECT,27,snack,unknown,easy,Булка с изюмом; греческий ТЕОС,"Булка с изюмом 130гр, йогурт
греческий ТЕОС 140гр",,"перекус КБЖУ
463
20
12
68",[InfoVolna.com] Рекомендованный план питания 2300-2400 вариант 5.pdf,mostly sugar dessert; missing steps; ingredient-only snack row,mostly sugar dessert,low,,good,medium,check quantities before nutrition calculation; choose one best source variant before any import,verify whether this is a no-cook snack or an incomplete recipe; InfoVolna snack row is more menu item than recipe; InfoVolna meal-plan row; check it works as a standalone recipe; same source title appears 2 times in this workbook,
Все рецепты!R491 | InfoVolna | page/file [InfoVolna.com] Рекомендованный план питания 2500 вариант 5.pdf | variant 5 перекус 2,"Булка с изюмом 130гр, йогурт греческий ТЕОС 140гр",REJECT,27,snack,unknown,easy,Булка с изюмом; греческий ТЕОС,"Булка с изюмом 130гр, йогурт
греческий ТЕОС 140гр",,"перекус КБЖУ
463
20
12
68",[InfoVolna.com] Рекомендованный план питания 2500 вариант 5.pdf,mostly sugar dessert; missing steps; ingredient-only snack row,mostly sugar dessert,low,,good,medium,check quantities before nutrition calculation; choose one best source variant before any import,verify whether this is a no-cook snack or an incomplete recipe; InfoVolna snack row is more menu item than recipe; InfoVolna meal-plan row; check it works as a standalone recipe; same source title appears 2 times in this workbook,
Все рецепты!R314 | InfoVolna | page/file [InfoVolna.com] Рекомендованный план питания 1800 вариант 5.pdf | variant 5 перекус 1,"Творог 5% -200гр, джем (вкус любой) - 50гр",REJECT,25,snack,unknown,easy,Творог 5%; любой),"Творог 5% -200гр, джем (вкус
любой) - 50гр",,"КБЖУ перекус
355
34
10
32",[InfoVolna.com] Рекомендованный план питания 1800 вариант 5.pdf,mostly sugar dessert; missing steps; ingredient-only snack row,mostly sugar dessert,low,,good,medium,check quantities before nutrition calculation,verify whether this is a no-cook snack or an incomplete recipe; InfoVolna snack row is more menu item than recipe; InfoVolna meal-plan row; check it works as a standalone recipe,
Все рецепты!R514 | InfoVolna | page/file [InfoVolna.com] Рекомендованный план питания 2700-3000 вариант 2.pdf | variant 2 перекус 1,"Творог 5% -200гр, джем (вкус любой) - 50гр, сметана 50гр",REJECT,25,snack,unknown,easy,Творог 5%; любой),"Творог 5% -200гр, джем (вкус
любой) - 50гр, сметана 50гр",,"КБЖУ перекус
513
37
25
35",[InfoVolna.com] Рекомендованный план питания 2700-3000 вариант 2.pdf,mostly sugar dessert; missing steps; ingredient-only snack row,mostly sugar dessert,low,,good,medium,check quantities before nutrition calculation; choose one best source variant before any import,verify whether this is a no-cook snack or an incomplete recipe; InfoVolna snack row is more menu item than recipe; InfoVolna meal-plan row; check it works as a standalone recipe; title was inferred or looks like a source fragment; same source title appears 3 times in this workbook,
Все рецепты!R524 | InfoVolna | page/file [InfoVolna.com] Рекомендованный план питания 2800 вариант 1.pdf | variant 1 перекус 1,"Творог 5% -200гр, джем (вкус любой) - 50гр, сметана 50гр",REJECT,25,snack,unknown,easy,Творог 5%; любой),"Творог 5% -200гр, джем (вкус
любой) - 50гр, сметана 50гр",,"КБЖУ перекус
513
37
25
35",[InfoVolna.com] Рекомендованный план питания 2800 вариант 1.pdf,mostly sugar dessert; missing steps; ingredient-only snack row,mostly sugar dessert,low,,good,medium,check quantities before nutrition calculation; choose one best source variant before any import,verify whether this is a no-cook snack or an incomplete recipe; InfoVolna snack row is more menu item than recipe; InfoVolna meal-plan row; check it works as a standalone recipe; title was inferred or looks like a source fragment; same source title appears 3 times in this workbook,
Все рецепты!R531 | InfoVolna | page/file [InfoVolna.com] Рекомендованный план питания 2800 вариант 2.pdf | variant 2 перекус 2,"Творог 5% -200гр, джем (вкус любой) - 50гр, сметана 50гр",REJECT,25,snack,unknown,easy,Творог 5%; любой),"Творог 5% -200гр, джем (вкус
любой) - 50гр, сметана 50гр",,"перекус КБЖУ
513
37
25
35",[InfoVolna.com] Рекомендованный план питания 2800 вариант 2.pdf,mostly sugar dessert; missing steps; ingredient-only snack row,mostly sugar dessert,low,,good,medium,check quantities before nutrition calculation; choose one best source variant before any import,verify whether this is a no-cook snack or an incomplete recipe; InfoVolna snack row is more menu item than recipe; InfoVolna meal-plan row; check it works as a standalone recipe; title was inferred or looks like a source fragment; same source title appears 3 times in this workbook,
Все рецепты!R112 | SWBAND.CO | page/file 124,Запечённые персики с рикоттой и миндалём,REJECT,25,unknown,up to 15 min,medium,Персики; Рикотта; Лепестки миндаля; Ванилин,"• Персики — 6 шт.
• Рикотта — 250 г
• Лепестки миндаля
• Ванилин — щепотка","1.
Персики разрезать пополам,
удалить косточки.
2.
Выложить на противень срезом
вверх.
Запечь 15 мин при 18000.
З.
4.
Рикотту смешать с ванилином.
5.
Наполнить горячие персики
рикоттой.
6.
Посыпать миндалём.","О А Персики содержат бета-каротин и хлорогеновую кислоту. При
запекании сахара карамелизируются — персики становятся слаще и
кислотность снижается. Рикотта — один из самых лёгких молочных сыров:
около 11 г жира на 100 г. Лепестки миндаля добавляют витамин Е.
Показания: Хорошо подходит как.лёгкий.десер
завтрак.
Рекоменду ся детям и",[SWBAND.CO] 102 рецепта для снижения веса тела.pdf,drink/cocktail; possible duplicate,drink/cocktail,medium,"Запеченные ракушки с рикоттой, шпинатом и маринарой",good,medium,check quantities before nutrition calculation; compare with similar existing recipe,SWBAND row came from OCR extraction; verify text and quantities; duplicate similarity score 0.711; source notes may contain OCR artifacts,
Все рецепты!R19 | SWBAND.CO | page/file 23,Чимичурри огненный,REJECT,24,unknown,up to 15 min,unknown,Петрушка; Орегано; мл (з; Красный винный уксус; ст. л.); Чеснок,"Петрушка — 50 г
Орегано — 5 г
- 45 мл (з
Красный винный уксус
ст. л.)
Чеснок — 5 зубчиков
- зо мл
Рафинированное масло
(2 ст. л.)
Перец чили — 2—4 г
• Соль — 10 г","1.
Мелко порубите чеснок и
петрушку.
2.
З.
Дайте настояться 15 минут.
Обмажьте мясо. Выдержите З
4.
часа в холодильнике.",,[SWBAND.CO] 102 рецепта для снижения веса тела.pdf,standalone sauce/dip/marinade; some expensive or less common ingredients,standalone sauce/dip/marinade,low,,medium,medium,consider replacing rare/expensive items with CIS supermarket alternatives; check quantities before nutrition calculation,SWBAND row came from OCR extraction; verify text and quantities,
Все рецепты!R15 | SWBAND.CO | page/file 19,Армянский гранатовый маринад,REJECT,23,unknown,90+ min,hard,лук - ЗОО г; Гранатовый сок; Наршараб; Кинза; Базилик; Чеснок,"лук - ЗОО г
Гранатовый сок — 150 мл
• Наршараб — 30 г (2 ст. л.)
• Кинза — 30 г
Базилик — 20 г
• Чеснок — 5 зубчиков
Паприка — 8 г
Чёрный перец — 3—5 г
• Соль — 12 г","1.
Лук нарежьте кольцами или
натрите на тёрке.
2.
Обмажьте мясо маринадом.
З.
Выдержите 8—12 часов в
4.
холодильнике.",,[SWBAND.CO] 102 рецепта для снижения веса тела.pdf,standalone sauce/dip/marinade; hard/restaurant-style execution,standalone sauce/dip/marinade,low,,good,medium,check quantities before nutrition calculation,SWBAND row came from OCR extraction; verify text and quantities,
Все рецепты!R2 | SWBAND.CO | page/file 5,Шашлык из ягнёнка с абрикосами,REJECT,23,unknown,90+ min,hard,Ягнёнок; Абрикосы плотные; Зира; Чеснок,"• Ягнёнок (лопатка или корейка) — 800
Абрикосы плотные — 250 г (6—8 шт.)
Рафинированное масло — 15 мл
Зира — 5 г
Чеснок — 10 г
Соль — 10 г
Чёрный перец — 2 г","1.
Смешать масло, чеснок, зиру, соль и
перец. Обмазать мясо. Выдержать 4
ч.
2.
Абрикосы разрезать пополам,
удалить косточки.
З.
Нанизать на шампуры, чередуя:
мясо — абрикос — мясо — абрикос.
4.
Жарить 10—12 мин, переворачивая.
Абрикосы дадут карамелизацию.","О Ягнёнок содержит конъюгированную линолевую кислоту (КЛК) — жирную
кислоту, связанную со снижением жировой массы при сохранении
мышечной. Абрикосы при жарке карамелизируются и дают кислоту,
балансирующую жирность мяса. Бета-каротин из абрикосов усваивается
лучше в присутствии животного жира.
Показания: При дефиците витамина подходи ля
праздничного стола.",[SWBAND.CO] 102 рецепта для снижения веса тела.pdf,requires grill/mangal/open fire; hard/restaurant-style execution; some expensive or less common ingredients,requires grill/mangal/open fire,low,,medium,good,consider replacing rare/expensive items with CIS supermarket alternatives; would need oven/pan adaptation,SWBAND row came from OCR extraction; verify text and quantities; source notes may contain OCR artifacts,
Все рецепты!R92 | SWBAND.CO | page/file 103,Айран с укропом и огурцом,REJECT,22,unknown,15-30 min,easy,Мацони; Огурец; Укроп,"Мацони — 500 г
Вода — 600 мл
Огурец — 150 г
Укроп — 15 г
Соль — З г","Огурец мелко натереть. Укроп
1.
измельчить.
2.
Венчиком смешать мацони с
водой до лёгкой пены.
З.
Добавить огурец, зелень и соль.
Охладить минимум 30 минут.
4.","О Айран традиционно используют для восстановления после
физической нагрузки — он одновременно восполняет потери
жидкости, электролитов и белка. Соль обязательна: она восполняет
потери натрия с потом. Мацони богаче пробиотиками, чем кефир.
Показания: после тренировки и в жару. Один из лучших
натуральных изотонических напитков.",[SWBAND.CO] 102 рецепта для снижения веса тела.pdf,drink/cocktail; some expensive or less common ingredients; possible duplicate,drink/cocktail,medium,"Салат с нутом, тунцом и огурцом",medium,medium,consider replacing rare/expensive items with CIS supermarket alternatives; check quantities before nutrition calculation; compare with similar existing recipe,SWBAND row came from OCR extraction; verify text and quantities; duplicate similarity score 0.691; source notes may contain OCR artifacts,
Все рецепты!R200 | InfoVolna | page/file [InfoVolna.com] Рекомендованный план питания 1500 вариант 3.pdf | variant 3 обед,запеченный куриный окорочек со свежими овощами,REJECT,19,lunch,90+ min,hard,запеченный куриный окорочек; со свежими овощами. Окорочек; куриный; перец. Огурец помидор для; нарезки. КОЖУ НЕ ЕСТЬ))),"запеченный куриный окорочек
со свежими овощами. Окорочек
куриный -1шт, оливковое масло
10гр, чеснок 2-3 зубчика, соль
перец. Огурец помидор для
нарезки. КОЖУ НЕ ЕСТЬ)))","Натереть чесноком.
Посолить, поперчить,
добавить 2 ст. ложки
оливкого масла. Перемешать.
Накрыть крышкой, оставить
на 2-3 часа в холодильнике
для маринования. Запекать
курицу при температуре 200
градусов до золотистого
цвета (около 50-60 минут).","КБЖУ обед
500
43
35
3",[InfoVolna.com] Рекомендованный план питания 1500 вариант 3.pdf,too complex/restaurant-style; hard/restaurant-style execution; some expensive or less common ingredients; possible duplicate,too complex/restaurant-style,medium,Запеченный минтай с овощами,medium,medium,consider replacing rare/expensive items with CIS supermarket alternatives; check quantities before nutrition calculation; compare with similar existing recipe; choose one best source variant before any import,InfoVolna meal-plan row; check it works as a standalone recipe; duplicate similarity score 0.658; same source title appears 4 times in this workbook,
Все рецепты!R215 | InfoVolna | page/file [InfoVolna.com] Рекомендованный план питания 1500 вариант 6.pdf | variant 6 обед,запеченный куриный окорочек со свежими овощами,REJECT,19,lunch,90+ min,hard,запеченный куриный окорочек; со свежими овощами. Окорочек; куриный; перец. Огурец помидор для; нарезки. КОЖУ НЕ ЕСТЬ))),"запеченный куриный окорочек
со свежими овощами. Окорочек
куриный -1шт, оливковое масло
10гр, чеснок 2-3 зубчика, соль
перец. Огурец помидор для
нарезки. КОЖУ НЕ ЕСТЬ)))","Натереть чесноком. Посолить,
поперчить, добавить 2 ст.
ложки оливкого масла.
Перемешать. Накрыть
крышкой, оставить на 2-3 часа
в холодильнике для
маринования. Запекать
курицу при температуре 200
градусов до золотистого
цвета (около 50-60 минут).","КБЖУ обед
500
43
35
3",[InfoVolna.com] Рекомендованный план питания 1500 вариант 6.pdf,too complex/restaurant-style; hard/restaurant-style execution; some expensive or less common ingredients; possible duplicate,too complex/restaurant-style,medium,Запеченный минтай с овощами,medium,medium,consider replacing rare/expensive items with CIS supermarket alternatives; check quantities before nutrition calculation; compare with similar existing recipe; choose one best source variant before any import,InfoVolna meal-plan row; check it works as a standalone recipe; duplicate similarity score 0.658; same source title appears 4 times in this workbook,
Все рецепты!R305 | InfoVolna | page/file [InfoVolna.com] Рекомендованный план питания 1800 вариант 3.pdf | variant 3 обед,запеченный куриный окорочек со свежими овощами,REJECT,19,lunch,90+ min,hard,запеченный куриный окорочек; со свежими овощами. Окорочек; куриный; перец. Огурец помидор для; нарезки. КОЖУ НЕ ЕСТЬ))),"запеченный куриный окорочек
со свежими овощами. Окорочек
куриный -1шт, оливковое масло
10гр, чеснок 2-3 зубчика, соль
перец. Огурец помидор для
нарезки. КОЖУ НЕ ЕСТЬ)))","Натереть чесноком.
Посолить, поперчить,
добавить 2 ст. ложки
оливкого масла.
Перемешать. Накрыть
крышкой, оставить на 2-3
часа в холодильнике для
маринования. Запекать
курицу при температуре 200
градусов до золотистого
цвета (около 50-60 минут).","КБЖУ обед
500
43
35
3",[InfoVolna.com] Рекомендованный план питания 1800 вариант 3.pdf,too complex/restaurant-style; hard/restaurant-style execution; some expensive or less common ingredients; possible duplicate,too complex/restaurant-style,medium,Запеченный минтай с овощами,medium,medium,consider replacing rare/expensive items with CIS supermarket alternatives; check quantities before nutrition calculation; compare with similar existing recipe; choose one best source variant before any import,InfoVolna meal-plan row; check it works as a standalone recipe; duplicate similarity score 0.658; same source title appears 4 times in this workbook,
Все рецепты!R407 | InfoVolna | page/file [InfoVolna.com] Рекомендованный план питания 2100-2200 вариант 2.pdf | variant 2 ужин,запеченный куриный окорочек со свежими овощами,REJECT,19,dinner,90+ min,hard,запеченный куриный окорочек; со свежими овощами. Окорочек; куриный; перец. Огурец помидор для; нарезки. КОЖУ НЕ ЕСТЬ))),"запеченный куриный окорочек
со свежими овощами. Окорочек
куриный -1шт, оливковое масло
10гр, чеснок 2-3 зубчика, соль
перец. Огурец помидор для
нарезки. КОЖУ НЕ ЕСТЬ)))","Натереть чесноком.
Посолить, поперчить,
добавить 2 ст. ложки
оливкого масла.
Перемешать. Накрыть
крышкой, оставить на 2-3
часа в холодильнике для
маринования. Запекать
курицу при температуре 200
градусов до золотистого
цвета (около 50-60 минут).","КБЖУ ужин
500
43
35
3
общее КБЖУ
2167
207
89
128",[InfoVolna.com] Рекомендованный план питания 2100-2200 вариант 2.pdf,too complex/restaurant-style; hard/restaurant-style execution; some expensive or less common ingredients; possible duplicate,too complex/restaurant-style,medium,Запеченный минтай с овощами,medium,medium,consider replacing rare/expensive items with CIS supermarket alternatives; check quantities before nutrition calculation; compare with similar existing recipe; choose one best source variant before any import,InfoVolna meal-plan row; check it works as a standalone recipe; duplicate similarity score 0.658; same source title appears 4 times in this workbook,
Все рецепты!R170 | InfoVolna | page/file [InfoVolna.com] Рекомендованый план питания 1350-1400 вариант 4.pdf | variant 4 обед,Медальоны из птицы с гречкой,REJECT,18,lunch,15-30 min,easy,Медальоны из птицы с гречкой; Медальоны из индейки; (можно заменить на; куриную грудку); Помидор; rp,"Медальоны из птицы с гречкой.
Медальоны из индейки - 400 rp.
(можно заменить на
куриную грудку); Помидор - 100
rp. ;
Болгарский перец - 70 rp.;
Баклажан - 100 rp.; Сметана 15%
- 60 rp.;
Гречка - 140 rp. (в сухом виде);
Соль, перец, специи - по вкусу.
ЗДЕСЬ ИНГРИДИЕНТЫ НА ДВЕ
ПОРЦИЮ УКАЗАН НИЖЕ.
Ингредиенты делим пополам","Гречку отварить. Медальоны
нарезать на средне-круп ные
кусочки. В сметану добавляем
соль, перец, специи (у нас чуть
итальянских трав, паприки и
чеснока сушеного).
Перемешиваем. Маринуем
медальоны в сметанном coyce.
Нарезаем перец, баклажан и
помидор на крупные кусочки и
добавляем к индейке. Все
получившееся отправляем в
форму для запекания и
отправляем в заранее
разогретую до 200 градусов
духовку. Запекаем около 25
минут. Едим индейку с гречкой.
Дан ное количество
ингредиентов рассчитано на 2
раза (или на 2 человек).
Получившуюся порцию делим
пополам.","КБЖУ обед
492
56
10
45",[InfoVolna.com] Рекомендованый план питания 1350-1400 вариант 4.pdf,no usable quantities; poor nutrition feasibility; mostly sugar dessert; poor nutrition calculation feasibility,no usable quantities; poor nutrition feasibility; mostly sugar dessert,low,,good,poor,add usable quantities before any import; choose one best source variant before any import,InfoVolna meal-plan row; check it works as a standalone recipe; same source title appears 12 times in this workbook,
Все рецепты!R235 | InfoVolna | page/file [InfoVolna.com] Рекомендованый план питания 1600 вариант 3.pdf | variant 3 обед,Медальоны из птицы с гречкой,REJECT,18,lunch,15-30 min,easy,Медальоны из птицы с гречкой; Медальоны из индейки; (можно заменить на; куриную грудку); Помидор; rp,"Медальоны из птицы с гречкой.
Медальоны из индейки - 200 rp.
(можно заменить на
куриную грудку); Помидор - 100
rp. ;
Болгарский перец - 70 rp.;
Баклажан - 100 rp.; Сметана 15%
-50 rp.;
Гречка - 50 rp. (в сухом виде);
Соль, перец, специи - по вкусу.","Гречку отварить. Медальоны
нарезать на средне-круп ные
кусочки. В сметану добавляем
соль, перец, специи (у нас чуть
итальянских трав, паприки и
чеснока сушеного).
Перемешиваем. Маринуем
медальоны в сметанном coyce.
Нарезаем перец, баклажан и
помидор на крупные кусочки и
добавляем к индейке. Все
получившееся отправляем в
форму для запекания и
отправляем в заранее
разогретую до 200 градусов
духовку. Запекаем около 25
минут. Едим индейку с гречкой.","КБЖУ обед
461
54
13
33",[InfoVolna.com] Рекомендованый план питания 1600 вариант 3.pdf,no usable quantities; poor nutrition feasibility; mostly sugar dessert; poor nutrition calculation feasibility,no usable quantities; poor nutrition feasibility; mostly sugar dessert,low,,good,poor,add usable quantities before any import; choose one best source variant before any import,InfoVolna meal-plan row; check it works as a standalone recipe; same source title appears 12 times in this workbook,
Все рецепты!R270 | InfoVolna | page/file [InfoVolna.com] Рекомендованый план питания 1700 вариант 3.pdf | variant 3 обед,Медальоны из птицы с гречкой,REJECT,18,lunch,15-30 min,easy,Медальоны из птицы с гречкой; Медальоны из индейки; (можно заменить на; куриную грудку); Помидор; rp,"Медальоны из птицы с гречкой.
Медальоны из индейки - 200 rp.
(можно заменить на
куриную грудку); Помидор - 100
rp. ;
Болгарский перец - 70 rp.;
Баклажан - 100 rp.; Сметана 15%
-50 rp.;
Гречка - 50 rp. (в сухом виде);
Соль, перец, специи - по вкусу.","Гречку отварить. Медальоны
нарезать на средне-круп ные
кусочки. В сметану добавляем
соль, перец, специи (у нас чуть
итальянских трав, паприки и
чеснока сушеного).
Перемешиваем. Маринуем
медальоны в сметанном coyce.
Нарезаем перец, баклажан и
помидор на крупные кусочки и
добавляем к индейке. Все
получившееся отправляем в
форму для запекания и
отправляем в заранее
разогретую до 200 градусов
духовку. Запекаем около 25
минут. Едим индейку с гречкой.","КБЖУ обед
461
54
13
33",[InfoVolna.com] Рекомендованый план питания 1700 вариант 3.pdf,no usable quantities; poor nutrition feasibility; mostly sugar dessert; poor nutrition calculation feasibility,no usable quantities; poor nutrition feasibility; mostly sugar dessert,low,,good,poor,add usable quantities before any import; choose one best source variant before any import,InfoVolna meal-plan row; check it works as a standalone recipe; same source title appears 12 times in this workbook,
Все рецепты!R340 | InfoVolna | page/file [InfoVolna.com] Рекомендованный план питания 1900 вариант 3.pdf | variant 3 обед,Медальоны из птицы с гречкой,REJECT,18,lunch,15-30 min,easy,Медальоны из птицы с гречкой; Медальоны из индейки; (можно заменить на; куриную грудку); Помидор; rp,"Медальоны из птицы с гречкой.
Медальоны из индейки - 400 rp.
(можно заменить на
куриную грудку); Помидор - 100
rp. ;
Болгарский перец - 70 rp.;
Баклажан - 100 rp.; Сметана 15% -
60 rp.;
Гречка - 140 rp. (в сухом виде);
Соль, перец, специи - по вкусу.
ЗДЕСЬ ИНГРИДИЕНТЫ НА ДВЕ
ПОРЦИЮ УКАЗАН НИЖЕ.
Ингредиенты делим пополам","Гречку отварить. Медальоны
нарезать на средне-круп ные
кусочки. В сметану добавляем
соль, перец, специи (у нас чуть
итальянских трав, паприки и
чеснока сушеного).
Перемешиваем. Маринуем
медальоны в сметанном coyce.
Нарезаем перец, баклажан и
помидор на крупные кусочки и
добавляем к индейке. Все
получившееся отправляем в
форму для запекания и
отправляем в заранее
разогретую до 200 градусов
духовку. Запекаем около 25
минут. Едим индейку с гречкой.
Дан ное количество
ингредиентов рассчитано на 2
раза (или на 2 человек).
Получившуюся порцию делим
пополам.","КБЖУ обед
492
56
10
45",[InfoVolna.com] Рекомендованный план питания 1900 вариант 3.pdf,no usable quantities; poor nutrition feasibility; mostly sugar dessert; poor nutrition calculation feasibility,no usable quantities; poor nutrition feasibility; mostly sugar dessert,low,,good,poor,add usable quantities before any import; choose one best source variant before any import,InfoVolna meal-plan row; check it works as a standalone recipe; same source title appears 12 times in this workbook,
Все рецепты!R355 | InfoVolna | page/file [InfoVolna.com] Рекомендованный план питания 1900 вариант 6.pdf | variant 6 обед,Медальоны из птицы с гречкой,REJECT,18,lunch,15-30 min,easy,Медальоны из птицы с гречкой; Медальоны из индейки; (можно заменить на; куриную грудку); Помидор; rp,"Медальоны из птицы с гречкой.
Медальоны из индейки - 400 rp.
(можно заменить на
куриную грудку); Помидор - 100
rp. ;
Болгарский перец - 70 rp.;
Баклажан - 100 rp.; Сметана 15%
- 60 rp.;
Гречка - 140 rp. (в сухом виде);
Соль, перец, специи - по вкусу.
ЗДЕСЬ ИНГРИДИЕНТЫ НА ДВЕ
ПОРЦИЮ УКАЗАН НИЖЕ.
Ингредиенты делим пополам","Гречку отварить. Медальоны
нарезать на средне-круп ные
кусочки. В сметану добавляем
соль, перец, специи (у нас чуть
итальянских трав, паприки и
чеснока сушеного).
Перемешиваем. Маринуем
медальоны в сметанном coyce.
Нарезаем перец, баклажан и
помидор на крупные кусочки и
добавляем к индейке. Все
получившееся отправляем в
форму для запекания и
отправляем в заранее
разогретую до 200 градусов
духовку. Запекаем около 25
минут. Едим индейку с гречкой.
Дан ное количество
ингредиентов рассчитано на 2
раза (или на 2 человек).
Получившуюся порцию делим
пополам.","КБЖУ обед
492
56
10
45",[InfoVolna.com] Рекомендованный план питания 1900 вариант 6.pdf,no usable quantities; poor nutrition feasibility; mostly sugar dessert; poor nutrition calculation feasibility,no usable quantities; poor nutrition feasibility; mostly sugar dessert,low,,good,poor,add usable quantities before any import; choose one best source variant before any import,InfoVolna meal-plan row; check it works as a standalone recipe; same source title appears 12 times in this workbook,
Все рецепты!R385 | InfoVolna | page/file [InfoVolna.com] Рекомендованный план питания 2000 вариант 5.pdf | variant 5 обед,Медальоны из птицы с гречкой,REJECT,18,lunch,15-30 min,easy,Медальоны из птицы с гречкой; Медальоны из индейки; (можно заменить на; куриную грудку); Помидор; rp,"Медальоны из птицы с гречкой.
Медальоны из индейки - 400 rp.
(можно заменить на
куриную грудку); Помидор - 100
rp. ;
Болгарский перец - 70 rp.;
Баклажан - 100 rp.; Сметана 15%
- 60 rp.;
Гречка - 140 rp. (в сухом виде);
Соль, перец, специи - по вкусу.
ЗДЕСЬ ИНГРИДИЕНТЫ НА ДВЕ
ПОРЦИЮ УКАЗАН НИЖЕ.
Ингредиенты делим пополам","Гречку отварить. Медальоны
нарезать на средне-круп ные
кусочки. В сметану добавляем
соль, перец, специи (у нас чуть
итальянских трав, паприки и
чеснока сушеного).
Перемешиваем. Маринуем
медальоны в сметанном coyce.
Нарезаем перец, баклажан и
помидор на крупные кусочки и
добавляем к индейке. Все
получившееся отправляем в
форму для запекания и
отправляем в заранее
разогретую до 200 градусов
духовку. Запекаем около 25
минут. Едим индейку с гречкой.
Дан ное количество
ингредиентов рассчитано на 2
раза (или на 2 человек).
Получившуюся порцию делим","КБЖУ обед
492
56
10
45",[InfoVolna.com] Рекомендованный план питания 2000 вариант 5.pdf,no usable quantities; poor nutrition feasibility; mostly sugar dessert; poor nutrition calculation feasibility,no usable quantities; poor nutrition feasibility; mostly sugar dessert,low,,good,poor,add usable quantities before any import; choose one best source variant before any import,InfoVolna meal-plan row; check it works as a standalone recipe; same source title appears 12 times in this workbook,
Все рецепты!R390 | InfoVolna | page/file [InfoVolna.com] Рекомендованный план питания 2000 вариант 6.pdf | variant 6 обед,Медальоны из птицы с гречкой,REJECT,18,lunch,15-30 min,easy,Медальоны из птицы с гречкой; Медальоны из индейки; (можно заменить на; куриную грудку); Помидор; rp,"Медальоны из птицы с гречкой.
Медальоны из индейки - 400 rp.
(можно заменить на
куриную грудку); Помидор - 100
rp. ;
Болгарский перец - 70 rp.;
Баклажан - 100 rp.; Сметана 15%
- 60 rp.;
Гречка - 140 rp. (в сухом виде);
Соль, перец, специи - по вкусу.
ЗДЕСЬ ИНГРИДИЕНТЫ НА ДВЕ
ПОРЦИЮ УКАЗАН НИЖЕ.
Ингредиенты делим пополам","Гречку отварить. Медальоны
нарезать на средне-круп ные
кусочки. В сметану добавляем
соль, перец, специи (у нас чуть
итальянских трав, паприки и
чеснока сушеного).
Перемешиваем. Маринуем
медальоны в сметанном coyce.
Нарезаем перец, баклажан и
помидор на крупные кусочки и
добавляем к индейке. Все
получившееся отправляем в
форму для запекания и
отправляем в заранее
разогретую до 200 градусов
духовку. Запекаем около 25
минут. Едим индейку с гречкой.
Дан ное количество
ингредиентов рассчитано на 2
раза (или на 2 человек).
Получившуюся порцию делим
пополам.","КБЖУ обед
492
56
10
45",[InfoVolna.com] Рекомендованный план питания 2000 вариант 6.pdf,no usable quantities; poor nutrition feasibility; mostly sugar dessert; poor nutrition calculation feasibility,no usable quantities; poor nutrition feasibility; mostly sugar dessert,low,,good,poor,add usable quantities before any import; choose one best source variant before any import,InfoVolna meal-plan row; check it works as a standalone recipe; same source title appears 12 times in this workbook,
Все рецепты!R410 | InfoVolna | page/file [InfoVolna.com] Рекомендованный план питания 2100-2200 вариант 3.pdf | variant 3 обед,Медальоны из птицы с гречкой,REJECT,18,lunch,15-30 min,easy,Медальоны из птицы с гречкой; Медальоны из индейки; (можно заменить на; куриную грудку); Помидор; rp,"Медальоны из птицы с гречкой.
Медальоны из индейки - 400 rp.
(можно заменить на
куриную грудку); Помидор - 100
rp. ;
Болгарский перец - 70 rp.;
Баклажан - 100 rp.; Сметана 15%
- 60 rp.;
Гречка - 140 rp. (в сухом виде);
Соль, перец, специи - по вкусу.
ЗДЕСЬ ИНГРИДИЕНТЫ НА ДВЕ
ПОРЦИЮ УКАЗАН НИЖЕ.
Ингредиенты делим пополам","Гречку отварить. Медальоны
нарезать на средне-круп ные
кусочки. В сметану добавляем
соль, перец, специи (у нас чуть
итальянских трав, паприки и
чеснока сушеного).
Перемешиваем. Маринуем
медальоны в сметанном coyce.
Нарезаем перец, баклажан и
помидор на крупные кусочки и
добавляем к индейке. Все
получившееся отправляем в
форму для запекания и
отправляем в заранее
разогретую до 200 градусов
духовку. Запекаем около 25
минут. Едим индейку с гречкой.
Дан ное количество
ингредиентов рассчитано на 2
раза (или на 2 человек).
Получившуюся порцию делим
пополам.","КБЖУ обед
492
56
10
45",[InfoVolna.com] Рекомендованный план питания 2100-2200 вариант 3.pdf,no usable quantities; poor nutrition feasibility; mostly sugar dessert; poor nutrition calculation feasibility,no usable quantities; poor nutrition feasibility; mostly sugar dessert,low,,good,poor,add usable quantities before any import; choose one best source variant before any import,InfoVolna meal-plan row; check it works as a standalone recipe; same source title appears 12 times in this workbook,
Все рецепты!R445 | InfoVolna | page/file [InfoVolna.com] Рекомендованный план питания 2300-2400 вариант 3.pdf | variant 3 обед,Медальоны из птицы с гречкой,REJECT,18,lunch,15-30 min,easy,Медальоны из птицы с гречкой; Медальоны из индейки; (можно заменить на; куриную грудку); Помидор; rp,"Медальоны из птицы с гречкой.
Медальоны из индейки - 500 rp.
(можно заменить на
куриную грудку); Помидор - 100
rp. ;
Болгарский перец - 70 rp.;
Баклажан - 100 rp.; Сметана 15%
- 100 rp.;
Гречка - 160 rp. (в сухом виде);
Соль, перец, специи - по вкусу.
ЗДЕСЬ ИНГРИДИЕНТЫ НА ДВЕ
ПОРЦИЮ УКАЗАН НИЖЕ.
Ингредиенты делим пополам","Гречку отварить. Медальоны
нарезать на средне-круп ные
кусочки. В сметану добавляем
соль, перец, специи (у нас чуть
итальянских трав, паприки и
чеснока сушеного).
Перемешиваем. Маринуем
медальоны в сметанном coyce.
Нарезаем перец, баклажан и
помидор на крупные кусочки и
добавляем к индейке. Все
получившееся отправляем в
форму для запекания и
отправляем в заранее
разогретую до 200 градусов
духовку. Запекаем около 25
минут. Едим индейку с гречкой.
Дан ное количество
ингредиентов рассчитано на 2
раза (или на 2 человек).
Получившуюся порцию делим
пополам.","КБЖУ обед
611
70
15
52",[InfoVolna.com] Рекомендованный план питания 2300-2400 вариант 3.pdf,no usable quantities; poor nutrition feasibility; mostly sugar dessert; poor nutrition calculation feasibility,no usable quantities; poor nutrition feasibility; mostly sugar dessert,low,,good,poor,add usable quantities before any import; choose one best source variant before any import,InfoVolna meal-plan row; check it works as a standalone recipe; same source title appears 12 times in this workbook,
Все рецепты!R37 | SWBAND.CO | page/file 42,Русский белковый соус,REJECT,18,unknown,15-30 min,hard,Греческий йогурт; Тёртый хрен готовый; Дижонская горчица; Укроп; Хрен содержит синигрин; Это вещество стимулирует,"Греческий йогурт
- 250 г
• Тёртый хрен готовый — 20 г
Дижонская горчица — 10 г
Укроп — 15 г
Лимонный сок — 10 мл
. Соль —4 г
о
Хрен содержит синигрин — гликозинолат, который при измельчении
превращается в аллилизотиоцианат. Это вещество стимулирует
выработку желчи и пищеварительных ферментов — важно при
переваривании жирного красного мяса. Горчица усиливает этот
эффект.","1.
Укроп мелко нарубить.
2.
Смешать йогурт, хрен и горчицу.
З.
Добавить укроп и лимонный сок.
4.
Перемешать, выдержать 20 мин в
холодильнике.","Показания: При вялом пищеварении и тяжести после жирного мяса.
Хорошо п ходит к ро
Порция: 2—3 ст. л. на порцию",[SWBAND.CO] 102 рецепта для снижения веса тела.pdf,standalone sauce/dip/marinade; too complex/restaurant-style; hard/restaurant-style execution,standalone sauce/dip/marinade; too complex/restaurant-style,low,,good,medium,check quantities before nutrition calculation,SWBAND row came from OCR extraction; verify text and quantities; source notes may contain OCR artifacts,
Все рецепты!R346 | InfoVolna | page/file [InfoVolna.com] Рекомендованный план питания 1900 вариант 4.pdf | variant 4 перекус 2,", печенье бомбар 60гр",REJECT,17,snack,unknown,easy,печенье бомбар,", печенье бомбар 60гр",,"перекус КБЖУ
186
11
6
19",[InfoVolna.com] Рекомендованный план питания 1900 вариант 4.pdf,mostly sugar dessert; missing steps; ingredient-only snack row,mostly sugar dessert,low,,good,medium,check quantities before nutrition calculation,verify whether this is a no-cook snack or an incomplete recipe; InfoVolna snack row is more menu item than recipe; InfoVolna meal-plan row; check it works as a standalone recipe,
Все рецепты!R446 | InfoVolna | page/file [InfoVolna.com] Рекомендованный план питания 2300-2400 вариант 3.pdf | variant 3 перекус 2,"Капучино - 200мл, булка с изюмом - 1шт (100гр)",REJECT,17,snack,unknown,easy,Капучино; изюмом,"Капучино - 200мл, булка с
изюмом - 1шт (100гр)",,"перекус КБЖУ
348
9
10
53",[InfoVolna.com] Рекомендованный план питания 2300-2400 вариант 3.pdf,mostly sugar dessert; missing steps; ingredient-only snack row,mostly sugar dessert,low,,good,medium,check quantities before nutrition calculation,verify whether this is a no-cook snack or an incomplete recipe; InfoVolna snack row is more menu item than recipe; InfoVolna meal-plan row; check it works as a standalone recipe,
Все рецепты!R526 | InfoVolna | page/file [InfoVolna.com] Рекомендованный план питания 2800 вариант 1.pdf | variant 1 перекус 2,Кефир 1% -500 мл Булочка с корицей (150гр),REJECT,17,snack,unknown,easy,Кефир 1%; корицей,"Кефир 1% -500 мл Булочка с
корицей (150гр)",,"перекус КБЖУ
605
26
8
99",[InfoVolna.com] Рекомендованный план питания 2800 вариант 1.pdf,mostly sugar dessert; missing steps; ingredient-only snack row,mostly sugar dessert,low,,good,medium,check quantities before nutrition calculation,verify whether this is a no-cook snack or an incomplete recipe; InfoVolna snack row is more menu item than recipe; InfoVolna meal-plan row; check it works as a standalone recipe,
Все рецепты!R376 | InfoVolna | page/file [InfoVolna.com] Рекомендованный план питания 2000 вариант 3.pdf | variant 3 перекус 2,Кефир 1% -500 мл Сдобная Булочка с корицей или из,REJECT,17,snack,unknown,easy,Кефир 1%; Булочка с корицей или из.мом; Можно купить в хлебном; магазине,"Кефир 1% -500 мл Сдобная
Булочка с корицей или из.мом
Можно купить в хлебном
магазине (100гр)",,"перекус КБЖУ
484
21
10
68",[InfoVolna.com] Рекомендованный план питания 2000 вариант 3.pdf,mostly sugar dessert; missing steps; ingredient-only snack row,mostly sugar dessert,low,,good,medium,check quantities before nutrition calculation,verify whether this is a no-cook snack or an incomplete recipe; InfoVolna snack row is more menu item than recipe; InfoVolna meal-plan row; check it works as a standalone recipe,
Все рецепты!R441 | InfoVolna | page/file [InfoVolna.com] Рекомендованный план питания 2300-2400 вариант 2.pdf | variant 2 перекус 2,"печенье бомбар - 60гр, капучино без сахара(сахарозаменитель) 200мл, баранки сдобные -2 шт (70гр)",REJECT,17,snack,unknown,easy,печенье бомбар; капучино без; сахара,"печенье бомбар - 60гр,
капучино без
сахара(сахарозаменитель)
200мл, баранки сдобные -2 шт
(70гр)",,"перекус КБЖУ
408
23
10
57",[InfoVolna.com] Рекомендованный план питания 2300-2400 вариант 2.pdf,mostly sugar dessert; missing steps; ingredient-only snack row,mostly sugar dessert,low,,good,medium,check quantities before nutrition calculation,verify whether this is a no-cook snack or an incomplete recipe; InfoVolna snack row is more menu item than recipe; InfoVolna meal-plan row; check it works as a standalone recipe; title was inferred or looks like a source fragment,
Все рецепты!R516 | InfoVolna | page/file [InfoVolna.com] Рекомендованный план питания 2700-3000 вариант 2.pdf | variant 2 перекус 2,"печенье бомбар - 60гр, капучино без сахара(сахарозаменитель) 200мл, баранки сдобные -3 шт (100гр)",REJECT,17,snack,unknown,easy,печенье бомбар; без сахара,"печенье бомбар - 60гр, капучино
без сахара(сахарозаменитель)
200мл, баранки сдобные -3 шт
(100гр)",,"перекус КБЖУ
509
29
10
78",[InfoVolna.com] Рекомендованный план питания 2700-3000 вариант 2.pdf,mostly sugar dessert; missing steps; ingredient-only snack row,mostly sugar dessert,low,,good,medium,check quantities before nutrition calculation,verify whether this is a no-cook snack or an incomplete recipe; InfoVolna snack row is more menu item than recipe; InfoVolna meal-plan row; check it works as a standalone recipe; title was inferred or looks like a source fragment,
Все рецепты!R191 | InfoVolna | page/file [InfoVolna.com] Рекомендованный план питания 1500 вариант 1.pdf | variant 1 перекус 2,"печенье бомбар - 60гр, капучино без сахара(сахарозаменитель) 300мл",REJECT,17,snack,unknown,easy,печенье бомбар; без сахара,"печенье бомбар - 60гр, капучино
без сахара(сахарозаменитель)
300мл",,"перекус КБЖУ
234
17
13
12",[InfoVolna.com] Рекомендованный план питания 1500 вариант 1.pdf,mostly sugar dessert; missing steps; ingredient-only snack row,mostly sugar dessert,low,,good,medium,check quantities before nutrition calculation,verify whether this is a no-cook snack or an incomplete recipe; InfoVolna snack row is more menu item than recipe; InfoVolna meal-plan row; check it works as a standalone recipe; title was inferred or looks like a source fragment,
Все рецепты!R16 | SWBAND.CO | page/file 20,Кавказский мацони маринад,REJECT,16,unknown,90+ min,hard,Мацони; лук; Чеснок; Хмели-сунели; Кинза; Зира,"Мацони — 250 г
лук - 250 г
Чеснок — 4 зубчика
Хмели-сунели — 8 г (2 ч. л )
Кинза — 30 г
Зира —4 г (1 ч. л.)
Лимонный сок — 30 мл","1.
Лук натереть или нарезать
кольцами.
2.
Смешать мацони с луком,
чесноком и специями.
З.
Добавить зелень и лимонный сок.
Обмазать мясо. Выдержать 6—8 ч
4.
в холодильнике.",,[SWBAND.CO] 102 рецепта для снижения веса тела.pdf,standalone sauce/dip/marinade; hard/restaurant-style execution; some expensive or less common ingredients,standalone sauce/dip/marinade,low,,medium,medium,consider replacing rare/expensive items with CIS supermarket alternatives; check quantities before nutrition calculation,SWBAND row came from OCR extraction; verify text and quantities,
Все рецепты!R4 | SWBAND.CO | page/file 7,Стейк с дымными томатами и перцами,REJECT,13,unknown,45-90 min,hard,Говяжьи стейки; Томаты сливовидные; Красный болгарский перец; Чеснок; Розмарин,"Говяжьи стейки (рибай или сирлойн) —
900 г
Томаты сливовидные — 300 г
Красный болгарский перец — 350 г
Рафинированное масло — 20 мл
Чеснок — 8 г • Розмарин — 5 г
• Соль — 10 г • Чёрный перец — Зг","1.
Стейки обсушить, натереть солью,
перцем и половиной масла. Оставить
на 1 час (сухой маринад).
2.
Перцы разрезать пополам, удалить
семена. Томаты оставить целыми.
З.
Смешать овощи с оставшимся маслом,
чесноком и розмарином.
4.
Стейки жарить по 3—4 минуты с каждой
стороны (medium).
5.
Перцы и томаты жарить на решётке 8—
10 минут до подпалин.
6.
Когда кожица перца почернеет, снять
его, очистить и нарезать полосками.
7.
Подать стейк на подушке из тёплых
перцев и томатов.","О Говядина содержит полный набор незаменимых аминокислот, гемовое железо,
апечённые перцы и томаты увеличивают
цинк и витамин
доступность
'п”ёГоЁбЬт
ликопина — жир из стейка",[SWBAND.CO] 102 рецепта для снижения веса тела.pdf,rare/expensive ingredients; requires grill/mangal/open fire; hard/restaurant-style execution; poor CIS ingredient availability,rare/expensive ingredients; requires grill/mangal/open fire,low,,poor,good,replace rare or expensive ingredients; would need oven/pan adaptation,SWBAND row came from OCR extraction; verify text and quantities; source notes may contain OCR artifacts,
Все рецепты!R521 | InfoVolna | page/file [InfoVolna.com] Рекомендованный план питания 2700-3000 вариант 3.pdf | variant 3 перекус 2,"Капучино - 300мл, булка с изюмом - 1шт (150гр) яблоко 1- шт",REJECT,12,snack,unknown,easy,Капучино; изюмом; шт,"Капучино - 300мл, булка с
изюмом - 1шт (150гр) яблоко 1-
шт",,"перекус КБЖУ
599
15
17
96",[InfoVolna.com] Рекомендованный план питания 2700-3000 вариант 3.pdf,mostly sugar dessert; missing steps; ingredient-only snack row,mostly sugar dessert,low,,good,medium,check quantities before nutrition calculation; choose one best source variant before any import,verify whether this is a no-cook snack or an incomplete recipe; InfoVolna snack row is more menu item than recipe; InfoVolna meal-plan row; check it works as a standalone recipe; title was inferred or looks like a source fragment; same source title appears 2 times in this workbook,
Все рецепты!R536 | InfoVolna | page/file [InfoVolna.com] Рекомендованный план питания 3000 вариант 1.pdf | variant 1 перекус 2,"Капучино - 300мл, булка с изюмом - 1шт (150гр) яблоко 1- шт",REJECT,12,snack,unknown,easy,Капучино; изюмом; шт,"Капучино - 300мл, булка с
изюмом - 1шт (150гр) яблоко 1-
шт",,"перекус КБЖУ
599
15
17
96",[InfoVolna.com] Рекомендованный план питания 3000 вариант 1.pdf,mostly sugar dessert; missing steps; ingredient-only snack row,mostly sugar dessert,low,,good,medium,check quantities before nutrition calculation; choose one best source variant before any import,verify whether this is a no-cook snack or an incomplete recipe; InfoVolna snack row is more menu item than recipe; InfoVolna meal-plan row; check it works as a standalone recipe; title was inferred or looks like a source fragment; same source title appears 2 times in this workbook,
Все рецепты!R451 | InfoVolna | page/file [InfoVolna.com] Рекомендованный план питания 2300-2400 вариант 4.pdf | variant 4 перекус 2,Кефир 1% -250 мл Булочка с корицей (100гр),REJECT,12,snack,unknown,easy,Кефир 1%; корицей,"Кефир 1% -250 мл Булочка с
корицей (100гр)",,"перекус КБЖУ
422
13
10
66",[InfoVolna.com] Рекомендованный план питания 2300-2400 вариант 4.pdf,mostly sugar dessert; missing steps; ingredient-only snack row,mostly sugar dessert,low,,good,medium,check quantities before nutrition calculation; choose one best source variant before any import,verify whether this is a no-cook snack or an incomplete recipe; InfoVolna snack row is more menu item than recipe; InfoVolna meal-plan row; check it works as a standalone recipe; same source title appears 2 times in this workbook,
Все рецепты!R486 | InfoVolna | page/file [InfoVolna.com] Рекомендованный план питания 2500 вариант 4.pdf | variant 4 перекус 2,Кефир 1% -250 мл Булочка с корицей (100гр),REJECT,12,snack,unknown,easy,Кефир 1%; корицей,"Кефир 1% -250 мл Булочка с
корицей (100гр)",,"перекус КБЖУ
422
13
10
66",[InfoVolna.com] Рекомендованный план питания 2500 вариант 4.pdf,mostly sugar dessert; missing steps; ingredient-only snack row,mostly sugar dessert,low,,good,medium,check quantities before nutrition calculation; choose one best source variant before any import,verify whether this is a no-cook snack or an incomplete recipe; InfoVolna snack row is more menu item than recipe; InfoVolna meal-plan row; check it works as a standalone recipe; same source title appears 2 times in this workbook,
Все рецепты!R476 | InfoVolna | page/file [InfoVolna.com] Рекомендованный план питания 2500 вариант 2.pdf | variant 2 перекус 2,"печенье бомбар - 60гр, капучино без сахара(сахарозаменитель) 200мл, баранки сдобные -2 шт (70 гр)",REJECT,12,snack,unknown,easy,печенье бомбар; капучино без; сахара,"печенье бомбар - 60гр,
капучино без
сахара(сахарозаменитель)
200мл, баранки сдобные -2 шт
(70 гр)",,"перекус КБЖУ
408
25
10
57",[InfoVolna.com] Рекомендованный план питания 2500 вариант 2.pdf,mostly sugar dessert; missing steps; ingredient-only snack row,mostly sugar dessert,low,,good,medium,check quantities before nutrition calculation; choose one best source variant before any import,verify whether this is a no-cook snack or an incomplete recipe; InfoVolna snack row is more menu item than recipe; InfoVolna meal-plan row; check it works as a standalone recipe; title was inferred or looks like a source fragment; same source title appears 2 times in this workbook,
Все рецепты!R506 | InfoVolna | page/file [InfoVolna.com] Рекомендованный план питания 2600 вариант 1.pdf | variant 1 перекус 2,"печенье бомбар - 60гр, капучино без сахара(сахарозаменитель) 200мл, баранки сдобные -2 шт (70 гр)",REJECT,12,snack,unknown,easy,печенье бомбар; капучино без; сахара,"печенье бомбар - 60гр,
капучино без
сахара(сахарозаменитель)
200мл, баранки сдобные -2 шт
(70 гр)",,"перекус КБЖУ
408
25
10
57",[InfoVolna.com] Рекомендованный план питания 2600 вариант 1.pdf,mostly sugar dessert; missing steps; ingredient-only snack row,mostly sugar dessert,low,,good,medium,check quantities before nutrition calculation; choose one best source variant before any import,verify whether this is a no-cook snack or an incomplete recipe; InfoVolna snack row is more menu item than recipe; InfoVolna meal-plan row; check it works as a standalone recipe; title was inferred or looks like a source fragment; same source title appears 2 times in this workbook,
Все рецепты!R110 | SWBAND.CO | page/file 122,Пирог со щавелем и творогом (фило),REJECT,5,unknown,15-30 min,medium,Тесто фило; Творог - ЗОО г; Щавель; Яйца; Кокосовый или тростниковый; сахар,"• Тесто фило — 6 листов
• Творог - ЗОО г
Щавель — 150 г
Яйца — 2 шт.
• Кокосовый или тростниковый
сахар — 20 г
• Ванилин — щепотка","1.
Щавель слегка припустить 1—2 мин.
2.
Смешать с творогом, яйцами,
сахаром и ванилином.
Смазать форму маслом.
З.
4.
Чередовать листы фило и начинку.
Верхний слой — фило. Смазать
5.
маслом.
Выпекать 30 мин при 1900С.
6.","О Щавель содержит щавелевую кислоту и витамин С. Термическая
обработка снижает содержание щавелевой кислоты — важно для людей
с оксалатными камнями. Тесто фило содержит минимум жира по
сравнению с другими видами теста. Творог с яйцами даёт высокий белок.
Показания: Хорошо подходит вегетарианцам. Людям с
Порция: 1 кусок",[SWBAND.CO] 102 рецепта для снижения веса тела.pdf,drink/cocktail; mostly sugar dessert; possible duplicate,drink/cocktail; mostly sugar dessert,medium,Пирожки с яйцом и творогом,good,medium,check quantities before nutrition calculation; compare with similar existing recipe,SWBAND row came from OCR extraction; verify text and quantities; duplicate similarity score 0.655; source notes may contain OCR artifacts,
Все рецепты!R108 | SWBAND.CO | page/file 120,Пирог фило с вишней и творогом,REJECT,5,unknown,30-45 min,medium,Тесто фило; Вишня без косточек; Творог - ЗООГ; Яйца; Тростниковый сахар; Кукурузный крахмал,"• Тесто фило — 6 листов / 180 г
• Вишня без косточек — 350 г
• Творог - ЗООГ
Яйца — 2 шт.
Тростниковый сахар — 30 г
Кукурузный крахмал — 12 г
• Растопленное сливочное масло
20 г
• Натуральная ваниль — 2 мл
• Лепестки миндаля — 20 г (по
желанию)
Щепотка соли","1.
Вишню смешать с 6 г крахмала.
2.
Творог взбить с яйцами, сахаром,
оставшимся крахмалом, ванилью и
солью.
З.
Уложить З листа фило, смазанных
маслом.
4.
Выложить творожную массу, сверху
вишню.
5.
Накрыть оставшимися листами,
посыпать миндалём.
Выпекать 1900С, 30-35 мин.
6.","О А КОКУ на 100 г: -198 ккал 49 г. Ж 8 г.
У 22 г. По хо ит вегетарианцам.
и няб гата антоци
Подача: ложкой греческого иогур а или свежими яго ми.",[SWBAND.CO] 102 рецепта для снижения веса тела.pdf,drink/cocktail; mostly sugar dessert; possible duplicate,drink/cocktail; mostly sugar dessert,medium,Пирожки с яйцом и творогом,good,medium,check quantities before nutrition calculation; compare with similar existing recipe,SWBAND row came from OCR extraction; verify text and quantities; duplicate similarity score 0.714; source notes may contain OCR artifacts,
Все рецепты!R114 | SWBAND.CO | page/file 126,Замороженный йогурт с ягодами,REJECT,2,unknown,90+ min,hard,Греческий йогурт; Клубника; Голубика; Финики; Лепестки миндаля,"Греческий йогурт
- 450 г
Клубника — 150 г
• Голубика — 100 г
• Финики — 80 г (кусочками)
• Лепестки миндаля — 20 г","1.
Застелить противень пергаментом.
2.
Распределить йогурт ровным слоем
(1,5-2 см).
З.
Сверху выложить ягоды, кусочки
фиников и миндаль.
4.
Заморозить 4 ч.
5.
Ломать на произвольные плитки.
Хранить в морозилке.","О Живые культуры в греческом йогурте частично сохраняются при
быстрой заморозке и восстанавливаются после размораживания. Ягоды
добавляют антоцианы. Финики — натуральную сладость и клетчатку.
Ломать плитками удобнее всего ножом, слегка согрев поверхность руками.
и
Показания: Как альтернатива промышленному мороженому.
Хорошо подходит п и дисбактериозе и на снижении веса.
Порция: 1 плитк",[SWBAND.CO] 102 рецепта для снижения веса тела.pdf,drink/cocktail; mostly sugar dessert; hard/restaurant-style execution,drink/cocktail; mostly sugar dessert,low,,good,medium,check quantities before nutrition calculation,SWBAND row came from OCR extraction; verify text and quantities; source notes may contain OCR artifacts,
Все рецепты!R115 | SWBAND.CO | page/file 127,Творожный мусс с малиной,REJECT,2,unknown,15-30 min,hard,Творог; Йогурт; Малина; Кокосовый сахар; Ванилин,"• Творог — 350 г
• Йогурт — 150 г
• Малина — 250 г
Кокосовый сахар — 10 г
• Ванилин — щепотка","1.
Пробить блендером творог,
йогурт, сахар и ванилин до
мусса.
2.
Малину оставить свежей.
З.
Разложить мусс по стаканам.
Сверху выложить малину.
4.
Охладить 30 мин.
5.","О Малина содержит один из самых высоких уровней антоцианов
среди ягод. Эллаговая кислота в малине изучается в контексте
антипролиферативного действия. Творог поставляет казеин —
медленно усвояемый белок, обеспечивающий длительное насыщение.
Показания: Как вечерний белковый десерт — казеин хорошо
работает очью. орошо подходит детям.
Порция: 1 стакан",[SWBAND.CO] 102 рецепта для снижения веса тела.pdf,drink/cocktail; too complex/restaurant-style; hard/restaurant-style execution; possible duplicate,drink/cocktail; too complex/restaurant-style,medium,Творожный тирамису с кофе,good,medium,check quantities before nutrition calculation; compare with similar existing recipe,SWBAND row came from OCR extraction; verify text and quantities; duplicate similarity score 0.653; source notes may contain OCR artifacts,
Все рецепты!R186 | InfoVolna | page/file [InfoVolna.com] Рекомендованый план питания 1350-1400 вариант 7.pdf | variant 7 перекус 2,Untitled source row 186,REJECT,0,snack,unknown,unknown,Untitled source row 186,,,"перекус КБЖУ
0
0
0
0",[InfoVolna.com] Рекомендованый план питания 1350-1400 вариант 7.pdf,no usable quantities; poor nutrition feasibility; missing ingredients; missing steps; poor nutrition calculation feasibility; ingredient-only snack row,no usable quantities; poor nutrition feasibility; missing ingredients,low,,good,poor,add usable quantities before any import,verify whether this is a no-cook snack or an incomplete recipe; InfoVolna snack row is more menu item than recipe; InfoVolna meal-plan row; check it works as a standalone recipe; title was inferred or looks like a source fragment; title inferred from ingredients because source title was missing or malformed,
Все рецепты!R106 | SWBAND.CO | page/file 118,Белковые конфеты из нута и фиников,REJECT,0,unknown,45-90 min,medium,Варёный нут; Финики без косточек; Миндаль; Тахини; Какао,"• Варёный нут — 180 г
Финики без косточек
- 120 г
• Миндаль — 60 г
• Тахини — 20 г
• Какао — 10 г • Соль —1 г","1.
Нут обсушить бумажным полотенцем.
2.
блендере до плотной однородной
массы.
З.
Скатать 12 одинаковых шариков.
4.
Охладить 1 час.
Если масса не лепится, добавьте
ещё нута или уберите несколько
фиников.","О Нут, финики и миндаль дают растительный белок, клетчатку и
натуральные сахара без термической обработки — все ферменты и
витамины сохраняются. Тахини добавляет кальций и связывает массу.
Показания: как перекус до или после тренировки. Вегетарианцам и
детям — как льтернативо конфетам 9.99хором.
Порция:",[SWBAND.CO] 102 рецепта для снижения веса тела.pdf,drink/cocktail; mostly sugar dessert; some expensive or less common ingredients,drink/cocktail; mostly sugar dessert,low,,medium,medium,consider replacing rare/expensive items with CIS supermarket alternatives; check quantities before nutrition calculation,SWBAND row came from OCR extraction; verify text and quantities; source notes may contain OCR artifacts,
Все рецепты!R29 | SWBAND.CO | page/file 33,Зелёный маринад,REJECT,0,unknown,5-15 min,hard,Петрушка; Кинза; Мята; Базилик; Сок лайма; Чеснок,"Петрушка — 25 г
Кинза — 25 г
• Мята — Ъ г
Базилик — 15 г
Рафинированное масло — 20 мл
Сок лайма — 20 мл
Чеснок — 2 зубчика
Соль — 10 г
О
Петрушка, кинза, мята и базилик вместе дают высокую концентрацию
хлорофилла, витамина К и фолата. Хлорофилл связывает часть
канцерогенов, образующихся при жарке на высоких температурах. Лайм
добавляет витамин С, усиливающий усвоение железа из куриного мяса.","1.
Всю зелень и чеснок мелко порубить
или пробить блендером.
2.
Смешать с маслом и соком лайма.
З.
Посолить.
4.
Обмазать курицу или кальмары.
Выдержать З ч.","Показания: Рекомендуется тем, кто часто готовит на мангале — зелень
частично н
т на детокс-дни.
Порция: а кг курицы или кальмаров (4—5 порций)",[SWBAND.CO] 102 рецепта для снижения веса тела.pdf,standalone sauce/dip/marinade; too complex/restaurant-style; hard/restaurant-style execution; some expensive or less common ingredients,standalone sauce/dip/marinade; too complex/restaurant-style,low,,medium,medium,consider replacing rare/expensive items with CIS supermarket alternatives; check quantities before nutrition calculation,SWBAND row came from OCR extraction; verify text and quantities; source notes may contain OCR artifacts,
Все рецепты!R35 | SWBAND.CO | page/file 40,Мятный соус к шашлыку на мацони,REJECT,0,unknown,5-15 min,medium,"Мацони; Мята; Кинза; Чеснок; Сок лайма; Мацони содержит живые лактобактерии, поддерживающие","Мацони — 300 г
• Мята — 20 г
• Кинза — 15 г
Чеснок — 6 г
Сок лайма — 15 мл
• Соль —5 г
О
Мацони содержит живые лактобактерии, поддерживающие
микрофлору кишечника. Мята содержит ментол — расслабляет
гладкую мускулатуру ЖКТ и снижает ощущение тяжести после
жирного мяса. Кинза содержит линалоол — стимулирует пищеварение.
Лайм добавляет витамин С и кислоту.","1.
Мяту, кинзу и чеснок грубо
нарезать.
2.
блендером до крема.","Показания: При вздутии и тяжести после мяса. Хорошо заменяет
тяжёлые с усы на майонезе.
Порция: 3—4 ст. л. на порцио",[SWBAND.CO] 102 рецепта для снижения веса тела.pdf,requires grill/mangal/open fire; standalone sauce/dip/marinade; some expensive or less common ingredients,requires grill/mangal/open fire; standalone sauce/dip/marinade,low,,medium,medium,consider replacing rare/expensive items with CIS supermarket alternatives; check quantities before nutrition calculation; would need oven/pan adaptation,SWBAND row came from OCR extraction; verify text and quantities; source notes may contain OCR artifacts,
Все рецепты!R26 | SWBAND.CO | page/file 30,Средиземноморс кий оливково каперсовый маринад,REJECT,0,unknown,45-90 min,medium,Оливки; Каперсы; Орегано сухой; Чеснок,"Оливки — 70 г
• Каперсы — 20 г
Лимонный сок — 20 мл
Орегано сухой — 4 г
• Чеснок — 2 зубчика
- 10-15 мл
• Рафинированное масло
• Соль — 3—5 г","Оливки и каперсы мелко порубить.
1.
2.
Смешать с лимонным соком, маслом,
орегано и чесноком.
Обмазать рыбу. Выдержать 1 ч в
З.
холодильнике.","О Каперсы и оливки богаты полифенолами — они предотвращают окисление
сосудов и замедляют развитие атеросклероза. Олеиновая кислота снижает
уровень «плохого» холестерина (ЛПНП). Каперсы содержат рутин —
биофлавоноид, укрепляющий стенки капилляров. Орегано содержит
карвакрол и тимол с антибактериальными свойствами.
и
Показания: При повышенном артериальном давлении — минимальное
количество соли делает его безопасным при гипертонии. Идеален на
снижении веса.
Порция: На 1—1,2 кг рыбы (4—5 порций)",[SWBAND.CO] 102 рецепта для снижения веса тела.pdf,standalone sauce/dip/marinade; drink/cocktail,standalone sauce/dip/marinade; drink/cocktail,low,,good,medium,check quantities before nutrition calculation,SWBAND row came from OCR extraction; verify text and quantities; source notes may contain OCR artifacts,
Все рецепты!R17 | SWBAND.CO | page/file 21,Средиземноморский томатно розмариновый маринад,REJECT,0,unknown,90+ min,hard,Томатная пассата; Розмарин; Тимьян; Чеснок; Бальзамик,"• Томатная пассата — 200 мл
Рафинированное масло — 30 мл
(2 ст. л.)
• Розмарин — 8 г
Тимьян — 8 г
Чеснок — 4 зубчика
• Бальзамик — 15 мл (1 ст. л.)
• Соль — 10 г • Перец —3 г","1.
Чеснок измельчить.
2.
Смешать пассату, масло,
бальзамик и специи.
З.
Добавить зелень и чеснок.
Обмазать мясо. Выдержать 4—6 ч
4.
в холодильнике.",,[SWBAND.CO] 102 рецепта для снижения веса тела.pdf,standalone sauce/dip/marinade; drink/cocktail; hard/restaurant-style execution,standalone sauce/dip/marinade; drink/cocktail,low,,good,medium,check quantities before nutrition calculation,SWBAND row came from OCR extraction; verify text and quantities,
Все рецепты!R22 | SWBAND.CO | page/file 26,Шашлычный мацони-мятный маринад для птицы,REJECT,0,unknown,90+ min,hard,Мацони; Мята; Чеснок; Кориандр,"• Мацони — 250 г
• Мята — 20 г
• Чеснок — З зубчика
Лимонный сок — 30 мл
Кориандр (семена) — 5 г
• Соль — 11 г","1.
Мяту мелко нарежьте.
2.
Смешайте мацони, лимонный сок,
толчёный кориандр и чеснок.
З.
Добавьте мяту.
Обмажьте курицу или индейку.
4.
Выдержите 8 часов в
холодильнике.",,[SWBAND.CO] 102 рецепта для снижения веса тела.pdf,requires grill/mangal/open fire; standalone sauce/dip/marinade; hard/restaurant-style execution; some expensive or less common ingredients,requires grill/mangal/open fire; standalone sauce/dip/marinade,low,,medium,medium,consider replacing rare/expensive items with CIS supermarket alternatives; check quantities before nutrition calculation; would need oven/pan adaptation,SWBAND row came from OCR extraction; verify text and quantities,
Все рецепты!R117 | SWBAND.CO | page/file 129,Мармелад с апельсином и киви,REJECT,0,unknown,15-30 min,hard,"Апельсиновый сок; Пюре киви; Ягодное пюре; Агар-агар; Тростниковый сахар; от желатина, является пребиотиком","Апельсиновый сок — 250 мл
• Пюре киви — 150 г
• Ягодное пюре — 150 г
• Агар-агар — 7 г
Тростниковый сахар — 15 г
О
Агар-агар — растительный аналог желатина из красных водорослей. В отличие
от желатина, является пребиотиком — питает полезные бактерии кишечника. Важно:
агар проварить ровно 1 минуту — при недостаточном кипячении не застынет. Киви
добавляется без варки — его энзим актинидин разрушает агар при нагреве.","1.
Апельсиновый сок и ягодное пюре
нагреть в кастрюле.
2.
Добавить сахар и агар-агар, тщательно
перемешать.
З.
Проварить ровно 1 мин, помешивая.
Снять с огня.
4.
Вмешать пюре киви (не варить, чтобы
5.
сохранить энзимы).
6.
Разлить в формы.
Оставить стабилизироваться при
7.
комнатной температуре 30 мин, затем
убрать в холодильник.","Показания: Вегетарианцам и веганам «а_'.рдутерудхув елатиновым
десертам. Хо ошо питает м КРОФлору.",[SWBAND.CO] 102 рецепта для снижения веса тела.pdf,drink/cocktail; too complex/restaurant-style; hard/restaurant-style execution; possible duplicate,drink/cocktail; too complex/restaurant-style,medium,Запеченное яблоко с апельсином и корицей,good,medium,check quantities before nutrition calculation; compare with similar existing recipe,SWBAND row came from OCR extraction; verify text and quantities; duplicate similarity score 0.618; source notes may contain OCR artifacts,
Все рецепты!R109 | SWBAND.CO | page/file 121,Пирог фило с лимонным творогом,REJECT,0,unknown,15-30 min,medium,Тесто фило; Творог 50/0; Яйца; Мёд; Кукурузный крахмал; Растопленное сливочное масло,"Тесто фило — 6 листов / 180 г
Творог 50/0 - 400 г
Яйца — 2 шт.
Мёд — 20 г
Кукурузный крахмал — 12 г
Растопленное сливочное масло — 20
Цедра 1 лимона
Сок 1/2 лимона
Натуральная ваниль — 2 мл
Лепестки миндаля — 20 г (по
желанию)
Щепотка соли","1.
Творог взбить с яйцами, мёдом,
крахмалом, цедрой, соком лимона и
ванилью.
2.
Уложить З листа фило, смазанных
маслом.
З.
Выложить всю творожную массу
ровным слоем.
4.
Накрыть оставшимися листами,
посыпать миндалём.
Выпекать 1900С, 25-30 мин до
5.
золотистой корочки.","О А КБЖУ на 100 г: -198 ккал • Б 9 г • Ж 8 г • У 22 г. Подходит вегетарианцам. Мёд
вместо саха а добавляет,удг,”!? „сладо т и аромат.
Подача: ложкой греческого йогурт или свежими ягода",[SWBAND.CO] 102 рецепта для снижения веса тела.pdf,drink/cocktail; mostly sugar dessert; possible duplicate,drink/cocktail; mostly sugar dessert,medium,Пирожки с яйцом и творогом,good,medium,check quantities before nutrition calculation; compare with similar existing recipe,SWBAND row came from OCR extraction; verify text and quantities; duplicate similarity score 0.643; source notes may contain OCR artifacts,
Все рецепты!R103 | SWBAND.CO | page/file 115,Финиковое мороженое с греческим йогуртом,REJECT,0,unknown,90+ min,hard,Греческий йогурт; Мягкие финики; Банан; Ванилин; Фисташки,"Греческий йогурт — 400 г
• Мягкие финики — 180 г
• Банан - 220 г
• Ванилин — щепотка
• Фисташки — 30 г (по желанию)","1.
Замочите финики в горячей воде на
15 минут, затем удалите косточки.
2.
Пробейте финики с бананом,
йогуртом и ванилином до
однородной массы.
З.
Переложите массу в контейнер.
4.
Заморозьте на 3—4 часа, каждый
час перемешивая для более мягкой
текстуры.
5.
При подаче посыпьте фисташками.","О А Финики содержат натуральные сахара с гликемическим индексом
около 42 — ниже, чем у белого сахара. Они также содержат калий, магний
и клетчатку. Перемешивание каждый час во время заморозки помогает
избежать кристаллизации.
Показания: Альтернятирр,гуомьцшленнну мороженом
без
рафиниров нного я детям.",[SWBAND.CO] 102 рецепта для снижения веса тела.pdf,drink/cocktail; mostly sugar dessert; hard/restaurant-style execution; some expensive or less common ingredients; possible duplicate,drink/cocktail; mostly sugar dessert,medium,Малиново-персиковый манго-боул с греческим йогуртом,medium,medium,consider replacing rare/expensive items with CIS supermarket alternatives; check quantities before nutrition calculation; compare with similar existing recipe,SWBAND row came from OCR extraction; verify text and quantities; duplicate similarity score 0.681; source notes may contain OCR artifacts,
