rank,recipe_id,title,suspicion_reasons,suggested_decision,is_new_r401_r610,blocker_or_warning
1,r115_govyazhi_frikadelki_v_souse_iz_krasnoy_fasoli_souse_s_,Говяжьи фрикадельки в соусе из красной фасоли соусе с лапшой,"ingredient in list not named in steps: 4 (whole_grain_bread, egg_noodles, stir_fry_vegetables, mint); title keyword missing from ingredients/steps: title contains `beans`, but expected ingredient/clear preparation was not found; missing approximate/user-friendly measure: 1; e.g. соус из черных бобов — 30 г; 4 ingredients in list are not named in steps",F. needs user decision (rename recipe vs add missing ingredient/step),no,warning
2,r171_spagetti_boloneze_s_govyadinoy_i_svininoy,Спагетти болоньезе с говядиной и свининой,"ingredient in list not named in steps: 2 (tomato_paste, oregano); title keyword missing from ingredients/steps: title contains `pork`, but expected ingredient/clear preparation was not found",F. needs user decision (rename recipe vs add missing ingredient/step),no,warning
3,r034_pankeyki_na_protivne_s_chetyrmya_toppingami,Панкейки на противне с четырьмя топпингами,"ingredient in list not named in steps: 4 (wheat_flour, peanut_butter, blueberries); 4 ingredients in list are not named in steps; user-reported peanut-butter tiny amount: 2.5 g at ingredient line 10",F. needs user decision (verify tiny quantity/measure),no,warning
4,r607_syrnye_lepeshki,Сырные лепёшки,ingredient in list not named in steps: 1 (wheat_flour); tiny/zero gram anomaly: `baking_powder` has 0 g without an obvious intentional marker; missing approximate/user-friendly measure: 1; e.g. сыр гауда — 50 г; extra ranking weight: transferred range r401-r610,F. needs user decision (correct zero/tiny quantity),yes,warning
5,r595_lavash_s_gorbushey_i_ovoschami,Лаваш с горбушей и овощами,"ingredient in list not named in steps: 3 (cucumber, lettuce, carrot); steps mention ingredient missing from list: mayonnaise; missing approximate/user-friendly measure: 1; e.g. хумус — 80 г; extra ranking weight: transferred range r401-r610",C. add missing ingredient/step,yes,warning
6,r474_kurinye_kotlety_s_kabachkom,Куриные котлеты с кабачком,"ingredient in list not named in steps: 6 (chicken_ground, zucchini, carrot, egg, garlic, mustard); truncation/fragment/weak finish: 1; e.g. Обжаривайте до золотистой корочки; 6 ingredients in list are not named in steps; extra ranking weight: transferred range r401-r610",D. rewrite steps for completeness,yes,warning
7,r062_veganskie_myusli_maffiny_s_yablokom_i_pekanom,Веганские мюсли-маффины с яблоком и пеканом,"missing approximate/user-friendly measure: 2; e.g. ореховая паста — 3,75 г (2,5 г в тесто + 1,25 г сверху); ingredient in list not named in steps: 1 (wheat_flour); truncation/fragment/weak finish: 1; e.g. Выпекайте 25–30 минут до золотистой верхушки и сухой шпажки; user-reported peanut-butter tiny amount: 3.75 g at ingredient line 8",F. needs user decision (verify tiny quantity/measure),no,warning
8,r061_tselnozernovye_maffiny_s_bananom_yablokom_i_chernikoy,"Цельнозерновые маффины с бананом, яблоком и черникой","ingredient in list not named in steps: 3 (apple_sauce, honey, wheat_flour); tiny/zero gram anomaly: `nuts_mix` has suspiciously tiny quantity 1.5 g; missing approximate/user-friendly measure: 1; e.g. смесь семечек — 1,5 г",F. needs user decision (verify tiny quantity/measure),no,warning
9,r308_bezglyutenovye_bananovo_grechnevye_maffiny_s_gretskimi,Безглютеновые бананово-гречневые маффины с грецкими орехами,"ingredient in list not named in steps: 2 (wheat_flour, almonds); missing approximate/user-friendly measure: 2; e.g. миндальная мука — 3 г; tiny/zero gram anomaly: `almonds` has suspiciously tiny quantity 3 g",F. needs user decision (verify tiny quantity/measure),no,warning
10,r577_ovsyanye_shariki,Овсяные шарики,"ingredient in list not named in steps: 5 (oats, peanut_butter, honey, cocoa_powder, sunflower_seeds); truncation/fragment/weak finish: 1; e.g. Уберите в холодильник на 30 минут, чтобы они стали плотнее; 5 ingredients in list are not named in steps; extra ranking weight: transferred range r401-r610",D. rewrite steps for completeness,yes,warning
11,r598_ovsyanka_s_bananom_i_arahisovoy_pastoy,Овсянка с бананом и арахисовой пастой,ingredient in list not named in steps: 1 (peanut_butter); user-reported peanut-butter tiny amount: 5 g at ingredient line 4; extra ranking weight: transferred range r401-r610,F. needs user decision (verify tiny quantity/measure),yes,warning
12,r631_shpinatnye_bliny_s_tomatami,Шпинатные блины с томатами,"ingredient in list not named in steps: 2 (milk, wheat_flour); tiny/zero gram anomaly: `vinegar` has suspiciously tiny quantity 1.25 g; missing approximate/user-friendly measure: 1; e.g. уксус — 1,25 г",F. needs user decision (verify tiny quantity/measure),no,warning
13,r063_speltovye_maffiny_s_ezhevikoy_bananom_i_finikami,"Спельтовые маффины с ежевикой, бананом и финиками","missing approximate/user-friendly measure: 2; e.g. финики без косточек — 6,67 г; tiny/zero gram anomaly: `pecans` has suspiciously tiny quantity 2.5 g; ingredient in list not named in steps: 1 (wheat_flour)",F. needs user decision (verify tiny quantity/measure),no,warning
14,r209_kinoa_gado_gado_s_ovoschami_i_ostrym_arahisovym_sousom,Киноа гадо-гадо с овощами и острым арахисовым соусом,missing approximate/user-friendly measure: 2; e.g. Кремовая арахисовая паста — 40 г; tiny/zero gram anomaly: `sriracha` has suspiciously tiny quantity 2.5 g; ingredient in list not named in steps: 1 (red_beans),F. needs user decision (verify tiny quantity/measure),no,warning
15,r452_makarony_s_kuritsey_i_ovoschami_na_skovorode,Макароны с курицей и овощами на сковороде,"ingredient in list not named in steps: 4 (bell_pepper, tomato, greens, garlic); truncation/fragment/weak finish: 1; e.g. Добавьте нарезанный сельдерей и снова накройте крышкой; 4 ingredients in list are not named in steps; extra ranking weight: transferred range r401-r610",D. rewrite steps for completeness,yes,warning
16,r480_myaso_po_tayski_s_lapshoy,Мясо по-тайски с лапшой,"ingredient in list not named in steps: 4 (pork_tenderloin, udon_noodles, broccoli, ginger); truncation/fragment/weak finish: 1; e.g. Лапшу сварите по инструкции на упаковке; 4 ingredients in list are not named in steps; extra ranking weight: transferred range r401-r610",D. rewrite steps for completeness,yes,warning
17,r015_morkovnaya_ovsyanaya_kasha_v_stile_morkovnogo_piroga,Морковная овсяная каша в стиле морковного пирога,"ingredient in list not named in steps: 3 (milk, peanut_butter, honey); missing approximate/user-friendly measure: 1; e.g. миндальная или другая ореховая паста — 5 г; user-reported peanut-butter tiny amount: 5 g at ingredient line 7",F. needs user decision (verify tiny quantity/measure),no,warning
18,r093_nut_s_pertsem_tomatami_i_zharenym_tofu,"Нут с перцем, томатами и жареным тофу","ingredient in list not named in steps: 3 (tomato_paste, vegetable_broth, oregano); steps mention ingredient missing from list: soy_sauce; missing approximate/user-friendly measure: 1; e.g. томатная паста — 7,5 г",C. add missing ingredient/step,no,warning
19,r225_zapekanka_s_tuntsom_yaichnoy_lapshoy_goroshkom_i_hrust,"Запеканка с тунцом, яичной лапшой, горошком и хрустящей крошкой","ingredient in list not named in steps: 8 (egg_noodles, wheat_flour, chicken_broth, milk, tuna, green_peas, cottage_cheese, parmesan); missing approximate/user-friendly measure: 2; e.g. твороговочные сухари панко — 30 г; 8 ingredients in list are not named in steps",D. rewrite steps for completeness,no,warning
20,r515_salat_s_grechkoy_ovoschami_i_fetoy,"Салат с гречкой, овощами и фетой","ingredient in list not named in steps: 5 (cucumber, tomato, bell_pepper, feta, lemon_juice); missing approximate/user-friendly measure: 1; e.g. фета — 50 г; 5 ingredients in list are not named in steps; extra ranking weight: transferred range r401-r610",D. rewrite steps for completeness,yes,warning
21,r498_pasta_s_konservirovannym_tuntsom_i_tomatami,Паста с консервированным тунцом и томатами,"ingredient in list not named in steps: 3 (tomato, passata, vinegar); missing approximate/user-friendly measure: 2; e.g. паста — 80 г; truncation/fragment/weak finish: 1; e.g. Добавьте еще 4—5 столовых ложек воды из-под пасты, тщательно перемешайте; extra ranking weight: transferred range r401-r610",D. rewrite steps for completeness,yes,warning
22,r357_listya_romena_s_mango_tsukini_edamame_i_imbirno_soevym,"Листья ромэна с манго, цукини, зеленым горошком и имбирно-соевым дипом","ingredient in list not named in steps: 5 (green_onion, shishito_pepper, mint, green_peas, ginger); truncation/fragment/weak finish: 1; e.g. Добавьте на каждый лист несколько капель шрирачи, выжмите лайм из долек прямо перед едой и ешьте как открытые салатные чашечки; 5 ingredients in list are not named in steps",D. rewrite steps for completeness,no,warning
23,r491_kartofelnye_zrazy_s_belymi_gribami,Картофельные зразы с белыми грибами,"ingredient in list not named in steps: 5 (allspice, thyme, wheat_flour, breadcrumbs, onion); 5 ingredients in list are not named in steps; extra ranking weight: transferred range r401-r610",D. rewrite steps for completeness,yes,warning
24,r540_zapechennyy_hek_s_ovoschami,Запеченный хек с овощами,"ingredient in list not named in steps: 5 (white_fish, carrot, onion, tomato, bell_pepper); 5 ingredients in list are not named in steps; extra ranking weight: transferred range r401-r610",D. rewrite steps for completeness,yes,warning
25,r538_lenivye_golubtsy,Ленивые голубцы с говяжьим фаршем,"ingredient in list not named in steps: 3 (onion, carrot, tomato_paste); truncation/fragment/weak finish: 1; e.g. Потушите 30 минут; missing approximate/user-friendly measure: 1; e.g. томатная паста — 65 г; extra ranking weight: transferred range r401-r610",D. rewrite steps for completeness,yes,warning
26,r280_baba_ganush_s_teploy_pittoy_i_ovoschami,Баба гануш с теплой питтой и овощами,ingredient in list not named in steps: 1 (greek_yogurt); steps mention ingredient missing from list: tahini; missing approximate/user-friendly measure: 1; e.g. чеснок — 3 г,C. add missing ingredient/step,no,warning
27,r226_grecheskaya_musaka_s_baklazhanami_i_beshamelem,Греческая мусака с баклажанами и бешамелем,"ingredient in list not named in steps: 4 (lamb_ground, tomato_paste, wheat_flour, parmesan); missing approximate/user-friendly measure: 2; e.g. чеснок — 2 г; truncation/fragment/weak finish: 1; e.g. Дайте мусаке постоять 20 минут перед нарезкой; 4 ingredients in list are not named in steps",D. rewrite steps for completeness,no,warning
28,r495_salat_s_shampinonami_i_sparzhey,Салат с шампиньонами и спаржей,"ingredient in list not named in steps: 2 (almonds, orange); missing approximate/user-friendly measure: 2; e.g. грецкие орехи (рубленые) — 10 г; truncation/fragment/weak finish: 1; e.g. Заправьте маслом, апельсиновым соком и солью; extra ranking weight: transferred range r401-r610",D. rewrite steps for completeness,yes,warning
29,r496_karbonara_s_bekonom_i_slivkami,Карбонара с беконом и сливками,"ingredient in list not named in steps: 2 (cream, egg_yolk); missing approximate/user-friendly measure: 2; e.g. бекон сырокопченый (кусочками) — 60 г; truncation/fragment/weak finish: 1; e.g. К концу жарки кусочки уменьшатся; extra ranking weight: transferred range r401-r610",D. rewrite steps for completeness,yes,warning
30,r551_kurinye_shashlychki_s_arahisovym_sousom,Куриные шашлычки с арахисовым соусом,"ingredient in list not named in steps: 2 (honey, rice); missing approximate/user-friendly measure: 2; e.g. арахисовая паста — 65 г; truncation/fragment/weak finish: 1; e.g. Сделайте соус из арахисовой пасты, меда, лимона и воды; extra ranking weight: transferred range r401-r610",D. rewrite steps for completeness,yes,warning
31,r459_pisto,Писто,"ingredient in list not named in steps: 3 (tomato, sugar, tomato_paste); truncation/fragment/weak finish: 1; e.g. Добавьте кусочки кабачка/цуккини и баклажана; extra ranking weight: transferred range r401-r610",D. rewrite steps for completeness,yes,warning
32,r461_bigus_iz_svezhey_kapusty,Бигус из свежей капусты,"ingredient in list not named in steps: 3 (beef_stew, cabbage, garlic); truncation/fragment/weak finish: 1; e.g. Если помидора нет, можно добавить томатный сок или 1-2 ложки томатной пасты; extra ranking weight: transferred range r401-r610",D. rewrite steps for completeness,yes,warning
33,r465_kalmary_s_kartofelem_i_shpinatom,Кальмары с картофелем и шпинатом,"ingredient in list not named in steps: 3 (lemon_juice, parsley, spinach); truncation/fragment/weak finish: 1; e.g. Посолите, добавьте в сотейник немного кипятка и закройте крышкой; extra ranking weight: transferred range r401-r610",D. rewrite steps for completeness,yes,warning
34,r508_buterbrody_s_kuritsey_i_ovoschami,Бутерброды с курицей и овощами,"ingredient in list not named in steps: 3 (tomato, cucumber, onion); truncation/fragment/weak finish: 1; e.g. Накройте вторым ломтиком хлеба; extra ranking weight: transferred range r401-r610",D. rewrite steps for completeness,yes,warning
35,r113_amerikanskoe_ragu_iz_govyadiny_s_kartofelem,Американское рагу из говядины с картофелем,"ingredient in list not named in steps: 4 (tomato_paste, beef_chuck, wine, wheat_flour); truncation/fragment/weak finish: 1; e.g. Вмешайте горошек, прогрейте 5 минут и выровняйте соль и перец; missing approximate/user-friendly measure: 1; e.g. томатная паста — 12,5 г; 4 ingredients in list are not named in steps",D. rewrite steps for completeness,no,warning
36,r391_grecheskiy_salat_s_kuritsey_ogurtsom_tomatami_olivkami,"Греческий салат с курицей, огурцом, томатами, оливками и фетой","ingredient in list not named in steps: 4 (tomato, feta, lemon_juice, oregano); truncation/fragment/weak finish: 1; e.g. Смешайте с оливками, оливковым маслом, лимонным соком, орегано, солью и перцем; missing approximate/user-friendly measure: 1; e.g. Фета — 45 г; 4 ingredients in list are not named in steps",D. rewrite steps for completeness,no,warning
37,r428_domashniy_salat_iz_pecheni_treski_s_zelenym_goroshkom,Домашний салат из печени трески с зеленым горошком,"ingredient in list not named in steps: 2 (cod_liver_canned_drained, green_peas); truncation/fragment/weak finish: 1; e.g. Добавьте зеленый лук и майонез, аккуратно перемешайте; missing approximate/user-friendly measure: 1; e.g. майонез — 10 г; extra ranking weight: transferred range r401-r610",D. rewrite steps for completeness,yes,warning
38,r436_lenivaya_ovsyanka_s_yagodami_i_orehami,Ленивая овсянка с ягодами и орехами,"ingredient in list not named in steps: 2 (milk, maple_syrup); truncation/fragment/weak finish: 1; e.g. Оставьте на 10-15 минут для набухания или уберите на ночь в холодильник; missing approximate/user-friendly measure: 1; e.g. грецкие орехи (рубленые) — 15 г; extra ranking weight: transferred range r401-r610",D. rewrite steps for completeness,yes,warning
39,r509_hlebtsy_s_avokado_i_lososem,Хлебцы с авокадо и лососем,"ingredient in list not named in steps: 2 (salmon, cream_cheese); truncation/fragment/weak finish: 1; e.g. Добавьте кусочки лосося; missing approximate/user-friendly measure: 1; e.g. творожный сыр — 80 г; extra ranking weight: transferred range r401-r610",D. rewrite steps for completeness,yes,warning
40,r527_krevetki_s_risovoy_lapshoy_i_ovoschami,Креветки с рисовой лапшой и овощами,"ingredient in list not named in steps: 2 (rice_noodles, soy_sauce); truncation/fragment/weak finish: 1; e.g. Смешайте с лапшой и соевым соусом, прогрейте 1 минуту; missing approximate/user-friendly measure: 1; e.g. соевый соус — 20 г; extra ranking weight: transferred range r401-r610",D. rewrite steps for completeness,yes,warning
41,r532_ris_s_yaytsom_i_ovoschami,Рис с яйцом и овощами,"ingredient in list not named in steps: 2 (stir_fry_vegetables, garlic); truncation/fragment/weak finish: 1; e.g. Прогрейте 3-5 минут; missing approximate/user-friendly measure: 1; e.g. соевый соус — 20 г; extra ranking weight: transferred range r401-r610",D. rewrite steps for completeness,yes,warning
42,r541_falafel_v_lavashe,Фалафель в лаваше,"ingredient in list not named in steps: 2 (onion, wheat_flour); truncation/fragment/weak finish: 1; e.g. Заверните в лаваш с овощами и хумусом; missing approximate/user-friendly measure: 1; e.g. хумус — 15 г; extra ranking weight: transferred range r401-r610",D. rewrite steps for completeness,yes,warning
43,r410_salat_iz_konservirovannoy_krasnoy_fasoli,Салат из консервированной красной фасоли,"ingredient in list not named in steps: 4 (red_beans, lime_juice, mustard, garlic); 4 ingredients in list are not named in steps; extra ranking weight: transferred range r401-r610",D. rewrite steps for completeness,yes,warning
44,r427_salat_iz_konservirovannoy_pecheni_treski,Салат из консервированной печени трески,"ingredient in list not named in steps: 4 (cod_liver_canned_drained, cucumber, onion, mayonnaise); 4 ingredients in list are not named in steps; extra ranking weight: transferred range r401-r610",D. rewrite steps for completeness,yes,warning
45,r451_gulyash_s_grechkoy,Гуляш с гречкой,"ingredient in list not named in steps: 4 (onion, carrot, tomato_paste, wheat_flour); 4 ingredients in list are not named in steps; extra ranking weight: transferred range r401-r610",D. rewrite steps for completeness,yes,warning
46,r455_ryba_pod_marinadom,Рыба под маринадом,"ingredient in list not named in steps: 4 (cod_fillet, wheat_flour, tomato_paste, vinegar); 4 ingredients in list are not named in steps; extra ranking weight: transferred range r401-r610",D. rewrite steps for completeness,yes,warning
47,r456_govyadina_v_tomatno_smetannom_souse,Говядина в томатно-сметанном соусе,"ingredient in list not named in steps: 4 (tomato_paste, sour_cream, sugar, greens); 4 ingredients in list are not named in steps; extra ranking weight: transferred range r401-r610",D. rewrite steps for completeness,yes,warning
48,r464_losos_zapechennyy_v_folge,"Лосось, запеченный в фольге","ingredient in list not named in steps: 4 (greens, tarragon, garlic, sour_cream); 4 ingredients in list are not named in steps; extra ranking weight: transferred range r401-r610",D. rewrite steps for completeness,yes,warning
49,r468_skrembl_bez_yaits,Скрэмбл без яиц,"ingredient in list not named in steps: 4 (garlic, lemon_juice, tahini, ginger); 4 ingredients in list are not named in steps; extra ranking weight: transferred range r401-r610",D. rewrite steps for completeness,yes,warning
50,r535_ovoschnoe_ragu_s_fasolyu,Овощное рагу с фасолью,"ingredient in list not named in steps: 4 (zucchini, eggplant, bell_pepper, garlic); 4 ingredients in list are not named in steps; extra ranking weight: transferred range r401-r610",D. rewrite steps for completeness,yes,warning
51,r558_krevetki_v_kokosovom_karri_s_risom,Креветки в кокосовом карри с рисом,"ingredient in list not named in steps: 4 (rice, zucchini, bell_pepper, lemon_juice); 4 ingredients in list are not named in steps; extra ranking weight: transferred range r401-r610",D. rewrite steps for completeness,yes,warning
52,r571_kotlety_iz_tuntsa_s_kartofelem,Котлеты из тунца с картофелем,"ingredient in list not named in steps: 4 (tuna, egg, green_onion, lemon_juice); 4 ingredients in list are not named in steps; extra ranking weight: transferred range r401-r610",D. rewrite steps for completeness,yes,warning
53,r572_tykvennoe_karri_s_kuritsey,Тыквенное карри с курицей,"ingredient in list not named in steps: 4 (onion, garlic, ginger, rice); 4 ingredients in list are not named in steps; extra ranking weight: transferred range r401-r610",D. rewrite steps for completeness,yes,warning
54,r621_ragu_iz_chechevitsy_s_ovoschami,Рагу из чечевицы с овощами,"ingredient in list not named in steps: 4 (potato, carrot, zucchini, tomato); truncation/fragment/weak finish: 1; e.g. Тушите на слабом огне до мягкости, в конце добавьте петрушку; 4 ingredients in list are not named in steps",D. rewrite steps for completeness,no,warning
55,r405_belkovyy_salat_s_tuntsom_yaytsom_i_svezhimi_ovoschami,"Белковый салат с тунцом, яйцом и свежими овощами","ingredient in list not named in steps: 2 (tomato, lemon_juice); truncation/fragment/weak finish: 1; e.g. Выложите сверху яйца, чтобы сохранить их текстуру; extra ranking weight: transferred range r401-r610",D. rewrite steps for completeness,yes,warning
56,r416_tselnozernovoy_hleb_s_pechenyu_treski,Цельнозерновой хлеб с печенью трески,"ingredient in list not named in steps: 2 (cod_liver_canned_drained, lemon_juice); truncation/fragment/weak finish: 1; e.g. Выложите печень на хлеб, добавьте огурец и зелень; extra ranking weight: transferred range r401-r610",D. rewrite steps for completeness,yes,warning
57,r425_salat_iz_pecheni_treski_s_ogurtsom_i_kartofelem,Салат из печени трески с огурцом и картофелем,"ingredient in list not named in steps: 2 (cod_liver_canned_drained, lemon_juice); truncation/fragment/weak finish: 1; e.g. Смешайте все компоненты в салатнике, сбрызните лимонным соком и добавьте немного масла из консервов; extra ranking weight: transferred range r401-r610",D. rewrite steps for completeness,yes,warning
58,r507_onigiri,Онигири,"ingredient in list not named in steps: 2 (rice, lettuce); truncation/fragment/weak finish: 1; e.g. Заверните нори конвертом; extra ranking weight: transferred range r401-r610",D. rewrite steps for completeness,yes,warning
59,r518_kuritsa_s_risom_i_ovoschami_na_skovorode,Курица с рисом и овощами на сковороде,"ingredient in list not named in steps: 2 (stir_fry_vegetables, bell_pepper); truncation/fragment/weak finish: 1; e.g. Тушите под крышкой 20 минут; extra ranking weight: transferred range r401-r610",D. rewrite steps for completeness,yes,warning
60,r530_svinina_s_kapustoy_na_skovorode,Свинина с капустой на сковороде,"ingredient in list not named in steps: 2 (pork_tenderloin, tomato_paste); truncation/fragment/weak finish: 1; e.g. Тушите 25-30 минут; extra ranking weight: transferred range r401-r610",D. rewrite steps for completeness,yes,warning
61,r546_tushenaya_kapusta_s_myasom,Тушёная капуста с говяжьим фаршем,"ingredient in list not named in steps: 2 (onion, tomato_paste); truncation/fragment/weak finish: 1; e.g. Тушите 30-40 минут; extra ranking weight: transferred range r401-r610",D. rewrite steps for completeness,yes,warning
62,r560_chili_s_govyadinoy_fasolyu_i_shokoladom,"Чили с говядиной, фасолью и шоколадом","ingredient in list not named in steps: 2 (beef_ground, onion); truncation/fragment/weak finish: 1; e.g. Тушите 25-30 минут; extra ranking weight: transferred range r401-r610",D. rewrite steps for completeness,yes,warning
63,r583_morkovnye_oladi,Морковные оладьи,"ingredient in list not named in steps: 2 (egg, rice_flour); truncation/fragment/weak finish: 1; e.g. Жарьте маленькие оладьи по 2-3 минуты с каждой стороны до румяной корочки; extra ranking weight: transferred range r401-r610",D. rewrite steps for completeness,yes,warning
64,r597_mini_blinchiki_iz_kabachka_s_gorbushey,Мини-блинчики из кабачка с горбушей,"ingredient in list not named in steps: 2 (egg, rice_flour); truncation/fragment/weak finish: 1; e.g. Сверху положите горбушу и зелень; extra ranking weight: transferred range r401-r610",D. rewrite steps for completeness,yes,warning
65,r245_goanskoe_karri_s_krevetkami_kartofelem_i_kokosom,"Гоанское карри с креветками, картофелем и кокосом","ingredient in list not named in steps: 5 (chili_pepper, ginger, tomato_paste, cauliflower, green_onion); missing approximate/user-friendly measure: 4; e.g. чеснок — 3,5 г; 5 ingredients in list are not named in steps",D. rewrite steps for completeness,no,warning
66,r505_pyure_iz_zelenogo_goroshka_s_krevetkami,Пюре из зеленого горошка с креветками,"missing approximate/user-friendly measure: 3; e.g. соус терияки — 15 г; truncation/fragment/weak finish: 1; e.g. Выложите пюре в тарелку, сверху положите креветки и кедровые орехи; extra ranking weight: transferred range r401-r610",D. rewrite steps for completeness,yes,warning
67,r414_ovsyanoblin_s_tvorozhnym_syrom_konservirovannym_tuntso,"Овсяноблин с творожным сыром, консервированным тунцом, авокадо и огурцом","ingredient in list not named in steps: 1 (cream_cheese); truncation/fragment/weak finish: 1; e.g. Добавьте тунец, авокадо и огурец, сложите пополам; missing approximate/user-friendly measure: 1; e.g. творожный сыр — 25 г; extra ranking weight: transferred range r401-r610",D. rewrite steps for completeness,yes,warning
68,r497_kacho_e_pepe,Качо-э-пепе,"ingredient in list not named in steps: 1 (parmesan); truncation/fragment/weak finish: 1; e.g. Пока варятся макароны, масло и перец добавьте в другую сковороду и нагрейте на среднем огне до яркого аромата; missing approximate/user-friendly measure: 1; e.g. пармезан (мелко натереть) — 15 г; extra ranking weight: transferred range r401-r610",D. rewrite steps for completeness,yes,warning
69,r516_sendvich_s_kuritsey_i_syrom,Сэндвич с курицей и сыром,ingredient in list not named in steps: 1 (lettuce); truncation/fragment/weak finish: 1; e.g. Накройте сэндвич оставшимся хлебом; missing approximate/user-friendly measure: 1; e.g. твердый сыр — 25 г; extra ranking weight: transferred range r401-r610,D. rewrite steps for completeness,yes,warning
70,r520_pasta_s_kuritsey_v_tomatnom_souse,Паста с курицей в томатном соусе,ingredient in list not named in steps: 1 (onion); truncation/fragment/weak finish: 1; e.g. Потушите 10 минут и смешайте с пастой; missing approximate/user-friendly measure: 1; e.g. паста — 100 г; extra ranking weight: transferred range r401-r610,D. rewrite steps for completeness,yes,warning
71,r539_grechnevaya_lapsha_s_kuritsey_i_ovoschami,Гречневая лапша с курицей и овощами,"ingredient in list not named in steps: 1 (soy_sauce); truncation/fragment/weak finish: 1; e.g. Смешайте с лапшой и соевым соусом, прогрейте 1-2 минуты; missing approximate/user-friendly measure: 1; e.g. соевый соус — 20 г; extra ranking weight: transferred range r401-r610",D. rewrite steps for completeness,yes,warning
72,r570_grechka_s_gribami_soevym_sousom_i_yaytsom,"Гречка с грибами, соевым соусом и яйцом",ingredient in list not named in steps: 1 (onion); truncation/fragment/weak finish: 1; e.g. Сверху положите жареное яйцо; missing approximate/user-friendly measure: 1; e.g. соевый соус — 20 г; extra ranking weight: transferred range r401-r610,D. rewrite steps for completeness,yes,warning
73,r584_kukuruznye_lepeshki_s_fasolyu,Кукурузные лепёшки с фасолью,ingredient in list not named in steps: 1 (red_beans); truncation/fragment/weak finish: 1; e.g. Прогрейте на сухой сковороде по 2-3 минуты с каждой стороны до хруста; missing approximate/user-friendly measure: 1; e.g. томатная паста — 50 г; extra ranking weight: transferred range r401-r610,D. rewrite steps for completeness,yes,warning
74,r125_lo_meyn_so_svininoy_kapustoy_i_morkovyu,"Ло-мейн со свининой, капустой и морковью","ingredient in list not named in steps: 6 (egg_noodles, pork_loin, wine, ginger, green_onion, red_cabbage); 6 ingredients in list are not named in steps",D. rewrite steps for completeness,no,warning
75,r424_salat_iz_pecheni_treski_s_yaytsom,Салат из печени трески с яйцом,"ingredient in list not named in steps: 1 (cod_liver_canned_drained); truncation/fragment/weak finish: 1; e.g. Смешайте печень, яйцо, огурец и лук, приправьте зерновой горчицей и солью; extra ranking weight: transferred range r401-r610",D. rewrite steps for completeness,yes,warning
76,r481_dorado_s_risom_i_yaytsom_pashot,Дорадо с рисом и яйцом пашот,"ingredient in list not named in steps: 1 (white_fish); truncation/fragment/weak finish: 1; e.g. Варите 3—4 минуты, пока белок не схватится; extra ranking weight: transferred range r401-r610",D. rewrite steps for completeness,yes,warning
77,r488_bystryy_sup_s_nutom_i_kuritsey,"Быстрый суп с нутом, курицей и перцем","ingredient in list not named in steps: 1 (parsley); truncation/fragment/weak finish: 1; e.g. Посолите, добавьте паприку и зелень; extra ranking weight: transferred range r401-r610",D. rewrite steps for completeness,yes,warning
78,r511_sendvich_s_tuntsom,Сэндвич с тунцом,ingredient in list not named in steps: 1 (tuna); truncation/fragment/weak finish: 1; e.g. Накройте вторым ломтиком хлеба; extra ranking weight: transferred range r401-r610,D. rewrite steps for completeness,yes,warning
79,r549_tako_s_kuritsey_avokado_i_salsoy,"Тако с курицей, авокадо и сальсой","ingredient in list not named in steps: 1 (onion); truncation/fragment/weak finish: 1; e.g. Выложите в тортильи курицу, авокадо и сальсу; extra ranking weight: transferred range r401-r610",D. rewrite steps for completeness,yes,warning
80,r573_rybnye_tako_s_ogurechno_yablochnoy_salsoy,Рыбные тако с огуречно-яблочной сальсой,ingredient in list not named in steps: 1 (white_fish); truncation/fragment/weak finish: 1; e.g. В тортилью положите рыбу и сальсу; extra ranking weight: transferred range r401-r610,D. rewrite steps for completeness,yes,warning
81,r590_risovye_hlebtsy_so_shprotnym_pashtetom,Соленые крекеры со шпротным паштетом,"ingredient in list not named in steps: 1 (crackers); truncation/fragment/weak finish: 1; e.g. Намажьте паштет на крекеры, сверху добавьте огурец; extra ranking weight: transferred range r401-r610",D. rewrite steps for completeness,yes,warning
82,r602_kartofelnye_draniki,Картофельные драники,ingredient in list not named in steps: 1 (wheat_flour); truncation/fragment/weak finish: 1; e.g. Жарьте небольшие драники по 3-4 минуты с каждой стороны до золотистой корочки; extra ranking weight: transferred range r401-r610,D. rewrite steps for completeness,yes,warning
83,r247_kuritsa_kung_pao_s_ovoschami_i_arahisom,Курица кунг пао с овощами и арахисом,"ingredient in list not named in steps: 5 (wine, cornstarch, ginger, green_onion, stir_fry_vegetables); missing approximate/user-friendly measure: 2; e.g. чеснок — 4 г; 5 ingredients in list are not named in steps",D. rewrite steps for completeness,no,warning
84,r429_belkovyy_salat_s_kuritsey,Белковый салат с курицей,truncation/fragment/weak finish: 1; e.g. Заправьте салат соусом и аккуратно перемешайте; missing approximate/user-friendly measure: 1; e.g. сыр пармезан — 50 г; extra ranking weight: transferred range r401-r610,D. rewrite steps for completeness,yes,warning
85,r432_salat_s_pomidorami_krasnoe_more,Салат с помидорами «Красное море»,"truncation/fragment/weak finish: 1; e.g. Заправьте греческим йогуртом, посолите, поперчите и перемешайте; missing approximate/user-friendly measure: 1; e.g. сыр гауда (натереть) — 35 г; extra ranking weight: transferred range r401-r610",D. rewrite steps for completeness,yes,warning
86,r500_pasta_boloneze,Паста болоньезе,truncation/fragment/weak finish: 1; e.g. Отварите пасту и смешайте ее с соусом болоньезе; missing approximate/user-friendly measure: 1; e.g. цельнозерновая паста — 100 г; extra ranking weight: transferred range r401-r610,D. rewrite steps for completeness,yes,warning
87,r526_pasta_s_tuntsom_i_tomatami,Паста с тунцом и томатами,"truncation/fragment/weak finish: 1; e.g. Смешайте с пастой, добавьте перец и зелень; missing approximate/user-friendly measure: 1; e.g. паста — 100 г; extra ranking weight: transferred range r401-r610",D. rewrite steps for completeness,yes,warning
88,r562_rizotto_s_tykvoy_i_tverdym_syrom,Ризотто с тыквой и твердым сыром,truncation/fragment/weak finish: 1; e.g. Добавьте твердый сыр; missing approximate/user-friendly measure: 1; e.g. твердый сыр — 40 г; extra ranking weight: transferred range r401-r610,D. rewrite steps for completeness,yes,warning
89,r569_pasta_s_tuntsom_olivkami_i_marinovannym_ogurtsom,"Паста с тунцом, оливками и маринованным огурцом",truncation/fragment/weak finish: 1; e.g. Смешайте с пастой и зеленью; missing approximate/user-friendly measure: 1; e.g. паста — 65 г; extra ranking weight: transferred range r401-r610,D. rewrite steps for completeness,yes,warning
90,r586_sendvich_s_arahisovoy_pastoy_i_bananom,Сэндвич с арахисовой пастой и бананом,truncation/fragment/weak finish: 1; e.g. Накройте вторым ломтиком и слегка прижмите; missing approximate/user-friendly measure: 1; e.g. арахисовая паста — 50 г; extra ranking weight: transferred range r401-r610,D. rewrite steps for completeness,yes,warning
91,r599_lavash_s_syrom_i_pomidorom,Лаваш с сыром и помидором,truncation/fragment/weak finish: 1; e.g. Прогрейте на сухой сковороде на среднем огне 2-3 минуты до хрустящей корочки и расплавления сыра; missing approximate/user-friendly measure: 1; e.g. сыр гауда — 50 г; extra ranking weight: transferred range r401-r610,D. rewrite steps for completeness,yes,warning
92,r603_tortilya_s_fasolyu_i_syrom,Тортилья с фасолью и сыром,truncation/fragment/weak finish: 1; e.g. Прогрейте на среднем огне 2-3 минуты с каждой стороны до расплавления сыра; missing approximate/user-friendly measure: 1; e.g. сыр гауда — 40 г; extra ranking weight: transferred range r401-r610,D. rewrite steps for completeness,yes,warning
93,r604_lavash_s_humusom_zapechennym_pertsem_i_syrom,"Лаваш с хумусом, запечённым перцем и сыром",truncation/fragment/weak finish: 1; e.g. Прогрейте на сухой сковороде 2-3 минуты с каждой стороны до хрустящей корочки; missing approximate/user-friendly measure: 1; e.g. сыр гауда — 40 г; extra ranking weight: transferred range r401-r610,D. rewrite steps for completeness,yes,warning
94,r609_syrnaya_lepeshka_na_skovorode,Сырная лепёшка на сковороде,truncation/fragment/weak finish: 1; e.g. Прогрейте лепешку по 2-3 минуты с каждой стороны до хруста и расплавления сыра; missing approximate/user-friendly measure: 1; e.g. сыр гауда — 30 г; extra ranking weight: transferred range r401-r610,D. rewrite steps for completeness,yes,warning
95,r502_pasta_s_lososem_i_shpinatom_v_slivochnom_souse,Паста с лососем и шпинатом в сливочном соусе,"ingredient in list not named in steps: 3 (spinach, cream_cheese, garlic); missing approximate/user-friendly measure: 3; e.g. цельнозерновая паста — 100 г; extra ranking weight: transferred range r401-r610",A. looks okay / no fix (low-priority warning review),yes,warning
96,r557_pitstsa_na_osnove_iz_tsvetnoy_kapusty,Пицца на основе из цветной капусты,"ingredient in list not named in steps: 3 (cauliflower, egg, gouda); missing approximate/user-friendly measure: 3; e.g. сыр гауда — 40 г; extra ranking weight: transferred range r401-r610",A. looks okay / no fix (low-priority warning review),yes,warning
97,r215_zolotoy_karri_sup_iz_krasnoy_chechevitsy_s_kokosovym_m,Золотой карри-суп из красной чечевицы с кокосовым молоком,"ingredient in list not named in steps: 5 (ginger, chili_pepper, tamari, lemon_juice, cream); missing approximate/user-friendly measure: 1; e.g. чеснок — 4 г; 5 ingredients in list are not named in steps",D. rewrite steps for completeness,no,warning
98,r411_pp_oladi_iz_kabachkov,ПП-оладьи из кабачков,"truncation/fragment/weak finish: 1; e.g. Выкладывайте тесто столовой ложкой на разогретую сковороду, обжаривайте оладьи на небольшом огне по 5—6 минут с каждой стороны, до румяной корочки; extra ranking weight: transferred range r401-r610",D. rewrite steps for completeness,yes,warning
99,r417_aromatnyy_sup_pyure_iz_tsukini_i_chechevitsy,Ароматный суп-пюре из цукини и чечевицы,"truncation/fragment/weak finish: 1; e.g. Пробейте суп блендером до гладкости, посолите и поперчите по вкусу; extra ranking weight: transferred range r401-r610",D. rewrite steps for completeness,yes,warning
100,r522_tefteli_v_tomatnom_souse,Тефтели из говяжьего фарша в томатном соусе,"truncation/fragment/weak finish: 1; e.g. Разогрейте растительное масло в сковороде, добавьте соус из томатной пасты и воды и потушите тефтели 25-30 минут; extra ranking weight: transferred range r401-r610",D. rewrite steps for completeness,yes,warning
101,r547_rizotto_s_kuritsey_i_gribami,Ризотто с курицей и грибами,"truncation/fragment/weak finish: 1; e.g. Постепенно подливайте горячую воду или бульон, помешивая, пока рис не станет мягким; extra ranking weight: transferred range r401-r610",D. rewrite steps for completeness,yes,warning
102,r593_yaytsa_s_seledkoy_i_lukom,Яйца с селёдкой и луком,"truncation/fragment/weak finish: 1; e.g. Выложите селедку и лук на половинки яиц, добавьте укроп и сбрызните лимоном; extra ranking weight: transferred range r401-r610",D. rewrite steps for completeness,yes,warning
103,r600_sendvich_s_tuntsom,Сэндвич с тунцом,"truncation/fragment/weak finish: 1; e.g. Выложите тунцовую начинку и огурец на хлеб, накройте вторым ломтиком; extra ranking weight: transferred range r401-r610",D. rewrite steps for completeness,yes,warning
104,r229_pastushiy_pirog_s_govyadinoy_i_kartofelnym_pyure,Пастуший пирог с говядиной и картофельным пюре,"ingredient in list not named in steps: 3 (beef_ground, green_peas, milk); missing approximate/user-friendly measure: 2; e.g. Сыр чеддер — 20 г; truncation/fragment/weak finish: 1; e.g. Запеките при 200 °C 10-12 минут",D. rewrite steps for completeness,no,warning
105,r433_shokoladnyy_pp_desert_s_bananom_v_mikrovolnovke,Шоколадный ПП-десерт с бананом в микроволновке,"ingredient in list not named in steps: 3 (egg, honey, dark_chocolate); missing approximate/user-friendly measure: 2; e.g. йогурт натуральный (для соуса) — 50 г; extra ranking weight: transferred range r401-r610",A. looks okay / no fix (low-priority warning review),yes,warning
106,r467_pirozhki_s_yaytsom_i_tvorogom,Пирожки с яйцом и творогом,"ingredient in list not named in steps: 3 (cottage_cheese, gouda, wheat_flour); missing approximate/user-friendly measure: 2; e.g. творог обезжиренный высокобелковый — 50 г; extra ranking weight: transferred range r401-r610",A. looks okay / no fix (low-priority warning review),yes,warning
107,r567_kuritsa_v_arahisovo_laymovom_souse_s_risom,Курица в арахисово-лаймовом соусе с рисом,"ingredient in list not named in steps: 3 (rice, peanut_butter, cucumber); missing approximate/user-friendly measure: 2; e.g. арахисовая паста — 65 г; extra ranking weight: transferred range r401-r610",A. looks okay / no fix (low-priority warning review),yes,warning
108,r650_smes_suhofruktov_s_orehami,Смесь сухофруктов с орехами,"ingredient in list not named in steps: 3 (raisins, dried_apricots, mixed_nuts); missing approximate/user-friendly measure: 2; e.g. грецкий орех — 10 г; truncation/fragment/weak finish: 1; e.g. Смешайте все в маленькую порцию для плотного перекуса",D. rewrite steps for completeness,no,warning
109,r360_ruletiki_iz_tortili_so_slivochno_pryanym_kremom_i_ovos,Рулетики из тортильи со сливочно-пряным кремом и овощами,"ingredient in list not named in steps: 4 (ranch_seasoning, flour_tortilla, bell_pepper, celery); missing approximate/user-friendly measure: 3; e.g. сливочный сыр — 30 г; 4 ingredients in list are not named in steps",D. rewrite steps for completeness,no,warning
110,r179_myasnaya_lazanya_s_rikottoy_i_tomatami,Мясная лазанья с рикоттой и томатами,"missing approximate/user-friendly measure: 3; e.g. томатный соус — 0,17 банки по 185 г; ingredient in list not named in steps: 2 (italian_sausage, italian_seasoning); truncation/fragment/weak finish: 1; e.g. Дайте лазанье постоять 15 минут перед нарезкой",D. rewrite steps for completeness,no,warning
111,r164_veganskiy_mapo_tofu_s_gribami_i_sychuanskim_pertsem,Веганский мапо-тофу с грибами и сычуаньским перцем,"ingredient in list not named in steps: 5 (cornstarch, wine, soy_sauce, ginger, rice); 5 ingredients in list are not named in steps",D. rewrite steps for completeness,no,warning
112,r219_kuritsa_s_kletskami_v_legkom_ragu,Курица с клецками в легком рагу,"ingredient in list not named in steps: 5 (wheat_flour, creme_fraiche, milk, egg); 5 ingredients in list are not named in steps",D. rewrite steps for completeness,no,warning
113,r237_salat_s_tuntsom_fasolyu_yablokom_i_fetoy,"Салат с тунцом, фасолью, яблоком и фетой","ingredient in list not named in steps: 3 (red_beans, feta, lemon_juice); truncation/fragment/weak finish: 1; e.g. Заправьте йогуртом, лимонным соком, маслом, солью и перцем; missing approximate/user-friendly measure: 1; e.g. Фета — 35 г",D. rewrite steps for completeness,no,warning
114,r263_ovsyanyy_boul_s_arahisovoy_pastoy_i_golubikoy,Овсяный боул с арахисовой пастой и голубикой,"ingredient in list not named in steps: 3 (oats, peanut_butter, chia_seeds); truncation/fragment/weak finish: 1; e.g. Добавьте голубику и арахисовую пасту; missing approximate/user-friendly measure: 1; e.g. Арахисовая паста — 15 г",D. rewrite steps for completeness,no,warning
115,r353_rolly_spiralki_s_indeykoy_bazilikovym_krem_syrom_i_shp,"Роллы-спиральки с индейкой, базиликовым крем-сыром и шпинатом","ingredient in list not named in steps: 3 (flour_tortilla, roasted_red_pepper, carrot); truncation/fragment/weak finish: 1; e.g. Намажьте индейку частью базиликового крем-сыра, у ближнего края выложите полоски печеного перца и немного моркови; missing approximate/user-friendly measure: 1; e.g. взбитый сливочный сыр — 30 г",D. rewrite steps for completeness,no,warning
116,r475_omlet_s_zelenyu,Омлет с зеленью,"ingredient in list not named in steps: 3 (tomato, green_onion, parsley); missing approximate/user-friendly measure: 1; e.g. моцарелла или мягкий сыр (вместо страчателлы) — 20 г; extra ranking weight: transferred range r401-r610",A. looks okay / no fix (low-priority warning review),yes,warning
117,r528_govyadina_s_ovoschami_v_soevom_souse,Говядина с овощами в соевом соусе,"ingredient in list not named in steps: 3 (bell_pepper, carrot, onion); missing approximate/user-friendly measure: 1; e.g. соевый соус — 20 г; extra ranking weight: transferred range r401-r610",A. looks okay / no fix (low-priority warning review),yes,warning
118,r563_koreyskaya_govyadina_s_risom,Корейская говядина с рисом,"ingredient in list not named in steps: 3 (rice, cucumber, carrot); missing approximate/user-friendly measure: 1; e.g. соевый соус — 20 г (без глютена); extra ranking weight: transferred range r401-r610",A. looks okay / no fix (low-priority warning review),yes,warning
119,r623_tofu_s_grechnevoy_lapshoy_i_ovoschami,Тофу с гречневой лапшой и овощами,"ingredient in list not named in steps: 3 (zucchini, carrot, bell_pepper); truncation/fragment/weak finish: 1; e.g. Добавьте тофу, лапшу, лимонный сок и укроп, прогрейте вместе; missing approximate/user-friendly measure: 1; e.g. чеснок — 2 г",D. rewrite steps for completeness,no,warning
120,r628_polba_s_suhofruktami_i_gretskim_orehom,Полба с сухофруктами и грецким орехом,"ingredient in list not named in steps: 3 (dried_apricots, raisins, honey); truncation/fragment/weak finish: 1; e.g. Смешайте полбу с медом и корицей, сверху добавьте сухофрукты и орехи; missing approximate/user-friendly measure: 1; e.g. грецкий орех — 10 г",D. rewrite steps for completeness,no,warning
121,r652_tosty_s_krasnoy_ryboy_i_avokado,Тосты с красной рыбой и авокадо,"ingredient in list not named in steps: 3 (whole_grain_bread, cream_cheese, trout); truncation/fragment/weak finish: 1; e.g. Намажьте хлеб сливочным сыром, сверху добавьте авокадо и ломтики форели; missing approximate/user-friendly measure: 1; e.g. сливочный сыр — 45 г",D. rewrite steps for completeness,no,warning
122,r207_grecheskiy_boul_s_kuritsey_kuskusom_i_dzadziki,"Греческий боул с курицей, кускусом и дзадзики","ingredient in list not named in steps: 4 (oregano, couscous, mint, feta); missing approximate/user-friendly measure: 2; e.g. Чеснок измельченный — 1 г; 4 ingredients in list are not named in steps",D. rewrite steps for completeness,no,warning
123,r231_kurinyy_salat_shaurma_s_yogurtovoy_zapravkoy,Куриный салат шаурма с тахини-йогуртовой заправкой,"ingredient in list not named in steps: 4 (lemon_juice, oregano, pita, chili_pepper); missing approximate/user-friendly measure: 2; e.g. чеснок — 3,5 г; 4 ingredients in list are not named in steps",D. rewrite steps for completeness,no,warning
124,r267_hlebtsy_s_tvorogom_golubikoy_i_arahisovoy_pastoy,"Хлебцы с творогом, голубикой и арахисовой пастой","ingredient in list not named in steps: 2 (whole_grain_bread, peanut_butter); missing approximate/user-friendly measure: 2; e.g. Творог 5% — 180 г; truncation/fragment/weak finish: 1; e.g. Добавьте голубику, арахисовую пасту, мед и корицу",D. rewrite steps for completeness,no,warning
125,r420_lenivyy_hachapuri_po_adzharski,Ленивый хачапури по-аджарски,"ingredient in list not named in steps: 2 (gouda, wheat_flour); missing approximate/user-friendly measure: 2; e.g. творог 2-5% (хорошо размять) — 150 г; extra ranking weight: transferred range r401-r610",A. looks okay / no fix (low-priority warning review),yes,warning
126,r457_azu_iz_indeyki_na_skovorode,Азу из индейки на сковороде,"ingredient in list not named in steps: 2 (pickles, tomato_paste); missing approximate/user-friendly measure: 2; e.g. чеснок — 2 г; extra ranking weight: transferred range r401-r610",A. looks okay / no fix (low-priority warning review),yes,warning
127,r486_eskalop_svinoy_s_syrom,Эскалоп свиной с сыром,"ingredient in list not named in steps: 2 (pork_chop, bell_pepper); missing approximate/user-friendly measure: 2; e.g. сыр гауда — 30 г; extra ranking weight: transferred range r401-r610",A. looks okay / no fix (low-priority warning review),yes,warning
128,r494_losos_v_slivochnom_souse_so_shpinatom_i_syrom,Лосось в сливочном соусе со шпинатом и сыром,"ingredient in list not named in steps: 2 (salmon, pine_nuts); missing approximate/user-friendly measure: 2; e.g. сыр гауда — 10 г; extra ranking weight: transferred range r401-r610",A. looks okay / no fix (low-priority warning review),yes,warning
129,r556_kartofelnye_nokki,Картофельные ньокки,"ingredient in list not named in steps: 2 (rice_flour, gouda); missing approximate/user-friendly measure: 2; e.g. томаты в собственном соку — 120 г (без добавленного соуса); extra ranking weight: transferred range r401-r610",A. looks okay / no fix (low-priority warning review),yes,warning
130,r559_ruletiki_iz_baklazhanov_s_myasom_i_syrom,Рулетики из баклажанов с говяжьим фаршем и сыром,"ingredient in list not named in steps: 2 (gouda, garlic); missing approximate/user-friendly measure: 2; e.g. томаты в собственном соку — 120 г (без добавленного соуса); extra ranking weight: transferred range r401-r610",A. looks okay / no fix (low-priority warning review),yes,warning
131,r242_tako_s_beloy_ryboy_krasnoy_kapustoy_i_avokado,"Тако с белой рыбой, красной капустой и авокадо","ingredient in list not named in steps: 3 (white_fish, red_cabbage, flour_tortilla); truncation/fragment/weak finish: 1; e.g. На каждую тортилью намажьте немного сметаны, добавьте капусту, помидоры, авокадо, кусочки рыбы, кинзу, зеленый чили и острый соус",D. rewrite steps for completeness,no,warning
132,r251_sendvich_s_tuntsom_i_yaytsom,Сэндвич с тунцом и яйцом,"ingredient in list not named in steps: 3 (whole_grain_bread, cucumber, lemon_juice); truncation/fragment/weak finish: 1; e.g. Соберите сэндвич из хлеба, салата, огурца, тунца и яйца",D. rewrite steps for completeness,no,warning
133,r441_omlet_iz_nutovoy_muki_s_brokkoli_i_struchkovoy_fasolyu,Омлет из нутовой муки с брокколи и стручковой фасолью,"ingredient in list not named in steps: 3 (wheat_flour, broccoli, red_beans); extra ranking weight: transferred range r401-r610",A. looks okay / no fix (low-priority warning review),yes,warning
134,r469_kotlety_iz_nuta,Котлеты из нута,"ingredient in list not named in steps: 3 (wheat_flour, breadcrumbs, cucumber); extra ranking weight: transferred range r401-r610",A. looks okay / no fix (low-priority warning review),yes,warning
135,r510_rulet_iz_lavasha_s_krabovymi_palochkami,Рулет из лаваша с крабовыми палочками,"ingredient in list not named in steps: 3 (cream_cheese, tomato, bell_pepper); extra ranking weight: transferred range r401-r610",A. looks okay / no fix (low-priority warning review),yes,warning
136,r514_rulet_iz_lavasha_s_tuntsom,Рулет из лаваша с тунцом,"ingredient in list not named in steps: 3 (tuna, cream_cheese, lettuce); extra ranking weight: transferred range r401-r610",A. looks okay / no fix (low-priority warning review),yes,warning
137,r519_kurinye_bedra_s_kartofelem_v_duhovke,Куриные бедра с картофелем в духовке,"ingredient in list not named in steps: 3 (chicken_thigh, onion, garlic); extra ranking weight: transferred range r401-r610",A. looks okay / no fix (low-priority warning review),yes,warning
138,r536_bulgur_s_kuritsey_i_ovoschami,Булгур с курицей и овощами,"ingredient in list not named in steps: 3 (bell_pepper, carrot, onion); extra ranking weight: transferred range r401-r610",A. looks okay / no fix (low-priority warning review),yes,warning
139,r568_kuritsa_po_marokkanski_s_kuragoy,Курица по-мароккански с курагой,"ingredient in list not named in steps: 3 (chicken_thigh, onion, rice); extra ranking weight: transferred range r401-r610",A. looks okay / no fix (low-priority warning review),yes,warning
140,r633_tofu_omlet_bez_yaits,Тофу-омлет без яиц,"ingredient in list not named in steps: 3 (rice_flour, green_onion, dill); truncation/fragment/weak finish: 1; e.g. Разделите на четверти, переверните и прогрейте еще 2 минуты",D. rewrite steps for completeness,no,warning
141,r643_fruktovye_chipsy,Фруктовые чипсы,"ingredient in list not named in steps: 3 (apple, banana, pear); truncation/fragment/weak finish: 1; e.g. Сушите при 100 °C, переворачивая ломтики, пока они станут румяными и слегка хрустящими",D. rewrite steps for completeness,no,warning
142,r292_omlet_s_tremya_syrami_i_zelenym_lukom,Омлет с тремя сырами и зеленым луком,missing approximate/user-friendly measure: 3; e.g. Творог 5% — 60 г; ingredient in list not named in steps: 1 (feta); truncation/fragment/weak finish: 1; e.g. Сложите пополам и прогрейте 1 минуту,D. rewrite steps for completeness,no,warning
143,r493_shaurma_s_falafelem,Шаурма с фалафелем,missing approximate/user-friendly measure: 3; e.g. греческий йогурт (для контролируемого соуса) — 30 г; ingredient in list not named in steps: 1 (korean_carrot); extra ranking weight: transferred range r401-r610,A. looks okay / no fix (low-priority warning review),yes,warning
144,r499_pasta_s_krevetkami_i_sousom_pesto,Паста с креветками и соусом песто,missing approximate/user-friendly measure: 3; e.g. длинная паста — 80 г; ingredient in list not named in steps: 1 (chili_pepper); extra ranking weight: transferred range r401-r610,A. looks okay / no fix (low-priority warning review),yes,warning
145,r092_tofu_pankeyki_s_bananom_malinoy_i_brazilskimi_orehami,"Тофу-панкейки с бананом, малиной и бразильскими орехами","ingredient in list not named in steps: 4 (maple_syrup, lemon_juice, wheat_flour, brown_sugar); missing approximate/user-friendly measure: 1; e.g. бразильские орехи — 10 г; 4 ingredients in list are not named in steps",D. rewrite steps for completeness,no,warning
146,r098_veganskie_burrito_s_tofu_skremblom_i_chernoy_fasolyu,Веганские буррито с тофу-скрэмблом и черной фасолью,"ingredient in list not named in steps: 4 (red_beans, bell_pepper, green_onion, chili_pepper); missing approximate/user-friendly measure: 1; e.g. сальса — 30 г сверху; 4 ingredients in list are not named in steps",D. rewrite steps for completeness,no,warning
147,r217_tayskiy_zelenyy_karri_sup_s_udonom_i_krevetkami,Тайский зеленый карри-суп с удоном и креветками,"ingredient in list not named in steps: 4 (thai_curry_paste, egg_noodles, chili_pepper, green_onion); missing approximate/user-friendly measure: 1; e.g. сырые очищенные креветки — 75 г; 4 ingredients in list are not named in steps",D. rewrite steps for completeness,no,warning
148,r050_britanskiy_tost_s_domashney_fasolyu_v_tomatnom_souse,Британский тост с домашней фасолью в томатном соусе,"ingredient in list not named in steps: 2 (tomato_paste, red_beans); truncation/fragment/weak finish: 1; e.g. Выложите горячую фасоль на тосты и завершите рукколой; missing approximate/user-friendly measure: 1; e.g. томатная паста — 15 г",D. rewrite steps for completeness,no,warning
149,r085_boul_s_batatom_shiitake_keylom_i_yaytsom,"Боул с бататом, шиитаке, кейлом и яйцом","ingredient in list not named in steps: 2 (red_cabbage, microgreens); truncation/fragment/weak finish: 1; e.g. Положите по яйцу в каждую миску, добавьте хумус, проростки и петрушку; missing approximate/user-friendly measure: 1; e.g. хумус — 30 г",D. rewrite steps for completeness,no,warning
150,r111_govyadina_tushennaya_s_ovoschami,"Говядина, тушенная с овощами","ingredient in list not named in steps: 2 (vegetable_broth, tomato_paste); truncation/fragment/weak finish: 1; e.g. Тушите под крышкой 60–75 минут до мягкости мяса; missing approximate/user-friendly measure: 1; e.g. томатная паста — 10 г",D. rewrite steps for completeness,no,warning
151,r256_hlebtsy_s_lososem_i_tvorozhnym_syrom,Хлебцы с лососем и творожным сыром,"ingredient in list not named in steps: 2 (whole_grain_bread, cream_cheese); truncation/fragment/weak finish: 1; e.g. Выложите лосось и огурец, добавьте укроп и лимонный сок; missing approximate/user-friendly measure: 1; e.g. Творожный сыр — 45 г",D. rewrite steps for completeness,no,warning
152,r257_grecheskiy_yogurt_s_ovsyankoy_i_arahisovoy_pastoy,Греческий йогурт с овсянкой и арахисовой пастой,"ingredient in list not named in steps: 2 (oats, peanut_butter); truncation/fragment/weak finish: 1; e.g. Добавьте нарезанный банан и арахисовую пасту; missing approximate/user-friendly measure: 1; e.g. Арахисовая паста — 15 г",D. rewrite steps for completeness,no,warning
153,r288_tost_s_indeykoy_tvorozhnym_syrom_i_inzhirom,"Тост с индейкой, творожным сыром и инжиром","ingredient in list not named in steps: 2 (whole_grain_bread, cream_cheese); truncation/fragment/weak finish: 1; e.g. Сбрызните бальзамическим уксусом; missing approximate/user-friendly measure: 1; e.g. Творожный сыр — 45 г",D. rewrite steps for completeness,no,warning
154,r297_yaichnyy_sendvich_s_vetchinoy_i_chedderom,Яичный сэндвич с ветчиной и чеддером,"ingredient in list not named in steps: 2 (whole_grain_bread, cheddar); truncation/fragment/weak finish: 1; e.g. Соберите сэндвич с яйцами, ветчиной, сыром, помидором и салатом; missing approximate/user-friendly measure: 1; e.g. Сыр чеддер — 25 г",D. rewrite steps for completeness,no,warning
155,r303_ovsyanka_s_tvorogom_bananom_i_chernikoy,"Овсянка с творогом, бананом и черникой","ingredient in list not named in steps: 2 (oats, milk); truncation/fragment/weak finish: 1; e.g. Добавьте творог, нарезанный банан, чернику и корицу; missing approximate/user-friendly measure: 1; e.g. Творог 5% — 120 г",D. rewrite steps for completeness,no,warning
156,r344_tost_s_yablokom_indeykoy_i_syrom,"Тост с яблоком, индейкой и сыром","ingredient in list not named in steps: 2 (whole_grain_bread, apple); truncation/fragment/weak finish: 1; e.g. Выложите на хлеб соус, индейку, тонкие ломтики яблока и сыр; missing approximate/user-friendly measure: 1; e.g. Сыр чеддер — 30 г",D. rewrite steps for completeness,no,warning
157,r387_tvorozhnaya_banochka_s_pertsem_hrustyaschim_nutom_i_ku,"Творожная баночка с перцем, хрустящим нутом и кунжутно-луковой приправой","ingredient in list not named in steps: 2 (sesame_seeds, chickpeas); truncation/fragment/weak finish: 1; e.g. Сверху выложите нарезанный красный сладкий перец; missing approximate/user-friendly measure: 1; e.g. низкосолевой творог 2% — 70 г",D. rewrite steps for completeness,no,warning
158,r392_balzamicheskiy_salat_s_ogurtsom_cherri_fetoy_i_olivkam,"Бальзамический салат с курицей, огурцом, черри, фетой и оливками","ingredient in list not named in steps: 2 (tomato, feta); truncation/fragment/weak finish: 1; e.g. Смешайте с оливками, оливковым маслом, бальзамическим уксусом, солью и перцем; missing approximate/user-friendly measure: 1; e.g. Фета — 45 г",D. rewrite steps for completeness,no,warning
159,r394_mini_salat_s_tomatami_ogurtsom_bazilikom_i_fetoy,"Мини-салат с томатами, огурцом, базиликом и фетой","ingredient in list not named in steps: 2 (feta, lemon_juice); truncation/fragment/weak finish: 1; e.g. Смешайте с йогуртом, базиликом, маслом, лимонным соком, солью и перцем; missing approximate/user-friendly measure: 1; e.g. Фета — 50 г",D. rewrite steps for completeness,no,warning
160,r401_farshirovannye_pertsy_s_risom_i_ovoschami_v_duhovke,Фаршированные перцы с рисом и овощами в духовке,"ingredient in list not named in steps: 2 (red_beans, gouda); missing approximate/user-friendly measure: 1; e.g. сыр гауда — 5 г; extra ranking weight: transferred range r401-r610",A. looks okay / no fix (low-priority warning review),yes,warning
161,r403_omlet_s_tvorogom_i_zelenyu,Омлет с творогом и зеленью,"ingredient in list not named in steps: 2 (egg, tomato); missing approximate/user-friendly measure: 1; e.g. творог — 80 г; extra ranking weight: transferred range r401-r610",A. looks okay / no fix (low-priority warning review),yes,warning
162,r407_buterbrod_s_tuntsom_i_pomidorom,Бутерброд с тунцом и помидором,"ingredient in list not named in steps: 2 (whole_grain_bread, cream_cheese); missing approximate/user-friendly measure: 1; e.g. творожный крем-сыр нежирный — 25 г; extra ranking weight: transferred range r401-r610",A. looks okay / no fix (low-priority warning review),yes,warning
163,r482_steyk_iz_indeyki_s_fasolyu,Стейк из индейки с фасолью,"ingredient in list not named in steps: 2 (red_beans, nuts_mix); missing approximate/user-friendly measure: 1; e.g. смесь семян для салатов — 10 г; extra ranking weight: transferred range r401-r610",A. looks okay / no fix (low-priority warning review),yes,warning
164,r490_buterbrod_s_vetchinoy_i_omletom,Бутерброд с ветчиной и омлетом,"ingredient in list not named in steps: 2 (whole_grain_bread, cream_cheese); missing approximate/user-friendly measure: 1; e.g. сливочный сыр — 50 г; extra ranking weight: transferred range r401-r610",A. looks okay / no fix (low-priority warning review),yes,warning
165,r517_lavash_s_kuritsey_i_gribami,Лаваш с курицей и грибами,"ingredient in list not named in steps: 2 (onion, parmesan); missing approximate/user-friendly measure: 1; e.g. твердый сыр — 40 г; extra ranking weight: transferred range r401-r610",A. looks okay / no fix (low-priority warning review),yes,warning
166,r537_kartofelnaya_zapekanka_s_farshem,Картофельная запеканка с говяжьим фаршем,"ingredient in list not named in steps: 2 (onion, tomato_paste); missing approximate/user-friendly measure: 1; e.g. томатная паста — 65 г; extra ranking weight: transferred range r401-r610",A. looks okay / no fix (low-priority warning review),yes,warning
167,r552_meksikanskaya_zapekanka_s_risom_i_fasolyu,"Мексиканская запеканка с рисом, фасолью и говяжьим фаршем","ingredient in list not named in steps: 2 (rice, gouda); missing approximate/user-friendly measure: 1; e.g. сыр гауда — 40 г; extra ranking weight: transferred range r401-r610",A. looks okay / no fix (low-priority warning review),yes,warning
168,r579_risovye_shariki_s_tuntsom,Рисовые шарики с тунцом,"ingredient in list not named in steps: 2 (tuna, soy_sauce); missing approximate/user-friendly measure: 1; e.g. соевый соус — 10 г; extra ranking weight: transferred range r401-r610",A. looks okay / no fix (low-priority warning review),yes,warning
169,r642_burrito_v_banke_s_fasolyu_i_yogurtom,Буррито в банке с фасолью и йогуртом,"ingredient in list not named in steps: 2 (lemon_juice, red_beans); truncation/fragment/weak finish: 1; e.g. Сверху добавьте фасоль, тертый сыр и греческий йогурт; missing approximate/user-friendly measure: 1; e.g. сыр — 40 г",D. rewrite steps for completeness,no,warning
170,r649_smes_suhofruktov,Смесь сухофруктов,"ingredient in list not named in steps: 2 (raisins, cranberries_dried); truncation/fragment/weak finish: 1; e.g. Смешайте все в небольшой порционный перекус; missing approximate/user-friendly measure: 1; e.g. финики — 15 г",D. rewrite steps for completeness,no,warning
171,r370_sladko_solenye_ostrye_orehi_s_kuminom,Сладко-соленые острые орехи с кумином,"missing approximate/user-friendly measure: 4; e.g. половинки грецких орехов — 9 г; truncation/fragment/weak finish: 1; e.g. Влейте горячий сироп к орехам, быстро перемешайте и распределите на противне одним слоем",D. rewrite steps for completeness,no,warning
172,r318_shokoladnyy_proteinovyy_sheyk_s_tvorogom,Шоколадный протеиновый шейк с творогом,"missing approximate/user-friendly measure: 2; e.g. Творог 5% — 150 г; ingredient in list not named in steps: 1 (peanut_butter); truncation/fragment/weak finish: 1; e.g. Взбейте молоко, творог, банан, какао и арахисовую пасту до однородности",D. rewrite steps for completeness,no,warning
173,r362_tvorog_s_mindalem_izyumom_i_vozdushnoy_pshenitsey,"Творог с миндалем, изюмом и воздушной пшеницей","missing approximate/user-friendly measure: 2; e.g. Творог 5% — 200 г; ingredient in list not named in steps: 1 (cereal_flakes); truncation/fragment/weak finish: 1; e.g. Добавьте миндаль, изюм и воздушную пшеницу",D. rewrite steps for completeness,no,warning
174,r386_italyanskie_salatnye_listya_s_kurinoy_grudkoy_i_parmez,Итальянские салатные листья с куриной грудкой и пармезаном,"missing approximate/user-friendly measure: 2; e.g. Миндаль — 12 г; ingredient in list not named in steps: 1 (tomato); truncation/fragment/weak finish: 1; e.g. Выложите начинку в листья салата, добавьте черри, миндаль и пармезан",D. rewrite steps for completeness,no,warning
175,r460_makarony_s_yaytsom_i_syrom,Макароны с яйцом и сыром,missing approximate/user-friendly measure: 2; e.g. цельнозерновая паста — 60 г; ingredient in list not named in steps: 1 (gouda); extra ranking weight: transferred range r401-r610,A. looks okay / no fix (low-priority warning review),yes,warning
176,r561_kurinyy_burger_bez_bulki,Куриный бургер без булки,missing approximate/user-friendly measure: 2; e.g. сыр гауда — 40 г; ingredient in list not named in steps: 1 (potato); extra ranking weight: transferred range r401-r610,A. looks okay / no fix (low-priority warning review),yes,warning
177,r605_tvorog_s_solenoy_karamelyu_iz_finikov,Творог с солёной карамелью из фиников,missing approximate/user-friendly measure: 2; e.g. творог — 200 г; ingredient in list not named in steps: 1 (milk); extra ranking weight: transferred range r401-r610,A. looks okay / no fix (low-priority warning review),yes,warning
178,r070_norvezhskie_bulochki_s_zavarnym_kremom_i_kokosom,Норвежские булочки с заварным кремом и кокосом,"ingredient in list not named in steps: 4 (wheat_flour, egg, egg_yolk, cornstarch); 4 ingredients in list are not named in steps",D. rewrite steps for completeness,no,warning
179,r152_kunzhutnyy_hrustyaschiy_tofu_s_risom_i_edamame,Кунжутный хрустящий тофу с рисом и зеленым горошком,"ingredient in list not named in steps: 4 (ginger, green_peas, green_onion); 4 ingredients in list are not named in steps",D. rewrite steps for completeness,no,warning
180,r154_tofu_v_kislo_sladkom_souse_general_tso_s_brokkoli_i_ri,Тофу в кисло-сладком соусе Генерал Цо с брокколи и рисом,"ingredient in list not named in steps: 4 (sriracha, cornstarch, ginger, chili_pepper); 4 ingredients in list are not named in steps",D. rewrite steps for completeness,no,warning
181,r157_enchiladas_s_batatom_chernoy_fasolyu_i_salsoy_verde,"Энчиладас с бататом, черной фасолью и сальсой верде","ingredient in list not named in steps: 4 (red_beans, chili_pepper, lime_juice, onion); 4 ingredients in list are not named in steps",D. rewrite steps for completeness,no,warning
182,r160_chernofasolevye_burgery_s_fetoy_keshyu_i_chipotle,"Чернофасолевые бургеры с фетой, кешью и чипотле","ingredient in list not named in steps: 4 (chili_pepper, feta, breadcrumbs, processed_cheese); 4 ingredients in list are not named in steps",D. rewrite steps for completeness,no,warning
183,r161_veganskiy_chili_s_batatom_chernoy_i_krasnoy_fasolyu,"Веганский чили с бататом, черной и красной фасолью","ingredient in list not named in steps: 4 (tomato_paste, red_beans, rice); 4 ingredients in list are not named in steps",D. rewrite steps for completeness,no,warning
184,r162_veganskiy_chili_s_krasnoy_chechevitsey_fasolyu_i_tykvo,"Веганский чили с красной чечевицей, фасолью и тыквой баттернат","ingredient in list not named in steps: 4 (green_onion, tomato_paste, red_beans, butternut_squash); 4 ingredients in list are not named in steps",D. rewrite steps for completeness,no,warning
185,r201_boul_s_kuritsey_tykvoy_i_bryusselskoy_kapustoy,"Боул с курицей, тыквой и брюссельской капустой","ingredient in list not named in steps: 4 (butternut_squash, brussels_sprouts, lemon_juice, pumpkin_seeds); 4 ingredients in list are not named in steps",D. rewrite steps for completeness,no,warning
186,r212_kurinyy_sup_s_domashnim_bulonom_i_shirokoy_lapshoy,Куриный суп с домашним бульоном и широкой лапшой,"ingredient in list not named in steps: 4 (carrot, onion, chicken_drumstick, egg_noodles); 4 ingredients in list are not named in steps",D. rewrite steps for completeness,no,warning
187,r220_svinina_s_zelenym_chili_kartofelem_i_homini,"Свинина с зеленым чили, картофелем и хомини","ingredient in list not named in steps: 4 (pork_loin, onion, cornstarch, oregano); 4 ingredients in list are not named in steps",D. rewrite steps for completeness,no,warning
188,r243_tayskoe_krasnoe_karri_s_kurinymi_bedrami,Тайское красное карри с куриными бедрами,"ingredient in list not named in steps: 4 (thai_curry_paste, chicken_thigh, ginger, rice); 4 ingredients in list are not named in steps",D. rewrite steps for completeness,no,warning
189,r249_kurinaya_shaurma_v_lavashe_s_yogurtovym_sousom,Куриная шаурма в лаваше с йогуртовым соусом,"ingredient in list not named in steps: 4 (cucumber, tomato, cabbage, lemon_juice); 4 ingredients in list are not named in steps",D. rewrite steps for completeness,no,warning
190,r001_ovsyanka_na_noch_s_yagodami,Овсянка на ночь с ягодами,"ingredient in list not named in steps: 2 (oats, peanut_butter); truncation/fragment/weak finish: 1; e.g. Утром добавить ягоды и ореховую пасту",D. rewrite steps for completeness,no,warning
191,r002_tost_s_avokado,Тост с авокадо,"ingredient in list not named in steps: 2 (lemon_juice, whole_grain_bread); truncation/fragment/weak finish: 1; e.g. Поджарить хлеб, сбрызнуть маслом и выложить сверху авокадо",D. rewrite steps for completeness,no,warning
192,r043_tost_s_yaytsom_indeykoy_i_ovoschami,"Тост с яйцом, индейкой или курицей и овощами","ingredient in list not named in steps: 2 (whole_grain_bread, turkey_or_chicken_breast); truncation/fragment/weak finish: 1; e.g. Соберите тост с индейкой или курицей, яйцом, помидором, салатом и йогуртовым соусом",D. rewrite steps for completeness,no,warning
193,r073_yaytsa_s_fasolyu_tomatami_i_tortiley,"Яйца с фасолью, томатами и тортильей","ingredient in list not named in steps: 2 (lime_juice, red_beans); truncation/fragment/weak finish: 1; e.g. Положите по яйцу на каждую тортилью, добавьте теплую сальсу и пико-де-гайо",D. rewrite steps for completeness,no,warning
194,r082_tost_s_brokkoli_yaytsom_i_yogurtovym_sousom,"Тост с брокколи, яйцом и йогуртовым соусом","ingredient in list not named in steps: 2 (whole_grain_bread, lemon_juice); truncation/fragment/weak finish: 1; e.g. Поджарьте хлеб, выложите брокколи и яйца, добавьте йогуртовый соус",D. rewrite steps for completeness,no,warning
195,r119_burgery_iz_baraniny_s_tsatsiki,Бургеры из баранины с цацики,"ingredient in list not named in steps: 2 (onion, mint); truncation/fragment/weak finish: 1; e.g. Соберите бургеры с котлетами, цацики, ломтиками помидора, красным луком и листьями мяты",D. rewrite steps for completeness,no,warning
196,r282_krostini_s_pyure_iz_goroshka_rukkoloy_i_bobami,"Кростини с пюре из горошка, рукколой и бобами","ingredient in list not named in steps: 2 (fava_young, mint); truncation/fragment/weak finish: 1; e.g. Настрогайте пекорино овощечисткой и сбрызните кростини оливковым маслом",D. rewrite steps for completeness,no,warning
197,r352_roll_s_krevetkami_avokado_laymom_i_tabasko,"Ролл с креветками, авокадо, лаймом и табаско","ingredient in list not named in steps: 2 (hot_sauce, lettuce); truncation/fragment/weak finish: 1; e.g. Выложите авокадную смесь полосой по центру тортильи, сверху распределите салатные листья и креветки",D. rewrite steps for completeness,no,warning
198,r382_farshirovannye_yaytsa_s_avokado_zelenym_lukom_i_bekono,"Фаршированные яйца с авокадо, зеленым луком и беконом","ingredient in list not named in steps: 2 (green_onion, lemon_juice); truncation/fragment/weak finish: 1; e.g. Наполните белки и добавьте бекон",D. rewrite steps for completeness,no,warning
199,r399_ryba_v_salatnyh_listyah_s_morkovyu_i_yogurtovym_sousom,Рыба в салатных листьях с морковью и йогуртовым соусом,"ingredient in list not named in steps: 2 (white_fish, lemon_juice); truncation/fragment/weak finish: 1; e.g. Выложите рыбу, морковь, огурец и соус в листья салата",D. rewrite steps for completeness,no,warning
200,r431_marokkanskiy_salat_s_pomidorami_koritsey_i_nutom,"Марокканский салат с помидорами, корицей и нутом","ingredient in list not named in steps: 2 (onion, lemon_juice); extra ranking weight: transferred range r401-r610",A. looks okay / no fix (low-priority warning review),yes,warning
201,r438_avokado_tost,Авокадо-тост,"ingredient in list not named in steps: 2 (whole_grain_bread, tomato); extra ranking weight: transferred range r401-r610",A. looks okay / no fix (low-priority warning review),yes,warning
202,r439_smuzi_iz_banana_shpinata_i_orehovogo_moloka,"Смузи из банана, шпината и орехового молока","ingredient in list not named in steps: 2 (almond_milk, chia_seeds); extra ranking weight: transferred range r401-r610",A. looks okay / no fix (low-priority warning review),yes,warning
203,r454_gulyash_iz_kurinoy_pecheni,Гуляш из куриной печени,"ingredient in list not named in steps: 2 (chicken_liver, wheat_flour); extra ranking weight: transferred range r401-r610",A. looks okay / no fix (low-priority warning review),yes,warning
204,r471_gorohovyy_sup_pyure,Гороховый суп-пюре,"ingredient in list not named in steps: 2 (split_peas, whole_grain_bread); extra ranking weight: transferred range r401-r610",A. looks okay / no fix (low-priority warning review),yes,warning
205,r473_tilapiya_v_duhovke,Тилапия в духовке,"ingredient in list not named in steps: 2 (white_fish, lemon_juice); extra ranking weight: transferred range r401-r610",A. looks okay / no fix (low-priority warning review),yes,warning
206,r484_kuritsa_s_ovoschami_po_derevenski,Курица с овощами по-деревенски,"ingredient in list not named in steps: 2 (chicken_thigh_skinless, pumpkin); extra ranking weight: transferred range r401-r610",A. looks okay / no fix (low-priority warning review),yes,warning
207,r533_kurinoe_karri_na_kokosovom_moloke,Куриное карри на кокосовом молоке,"ingredient in list not named in steps: 2 (onion, rice); extra ranking weight: transferred range r401-r610",A. looks okay / no fix (low-priority warning review),yes,warning
208,r542_kuritsa_teriyaki_s_risom,Курица терияки с рисом,"ingredient in list not named in steps: 2 (rice, sesame_seeds); extra ranking weight: transferred range r401-r610",A. looks okay / no fix (low-priority warning review),yes,warning
209,r543_tushenaya_govyadina_s_kartofelem,Тушёная говядина с картофелем,"ingredient in list not named in steps: 2 (onion, garlic); extra ranking weight: transferred range r401-r610",A. looks okay / no fix (low-priority warning review),yes,warning
210,r554_indeyka_s_klyukvennym_sousom_i_kartofelnym_pyure,Индейка с клюквенным соусом и картофельным пюре,"ingredient in list not named in steps: 2 (honey, potato); extra ranking weight: transferred range r401-r610",A. looks okay / no fix (low-priority warning review),yes,warning
211,r555_kuritsa_po_marokkanski_s_nutom,Курица по-мароккански с нутом,"ingredient in list not named in steps: 2 (onion, rice); extra ranking weight: transferred range r401-r610",A. looks okay / no fix (low-priority warning review),yes,warning
212,r588_brusketty_so_shprotami_i_marinovannym_lukom,Брускетты со шпротами и маринованным луком,"ingredient in list not named in steps: 2 (baguette, lemon_juice); extra ranking weight: transferred range r401-r610",A. looks okay / no fix (low-priority warning review),yes,warning
213,r622_fasol_s_indeykoy_i_ovoschami,Фасоль с индейкой и овощами,"ingredient in list not named in steps: 2 (red_beans, parsley); truncation/fragment/weak finish: 1; e.g. Вмешайте фасоль и прогрейте еще 5 минут",D. rewrite steps for completeness,no,warning
214,r632_postnyy_sendvich_s_nutom_i_avokado,Постный сэндвич с нутом и авокадо,"ingredient in list not named in steps: 2 (pickles, whole_grain_bread); truncation/fragment/weak finish: 1; e.g. Смажьте хлеб нутовой пастой, добавьте огурцы и листья салата, накройте вторым ломтиком",D. rewrite steps for completeness,no,warning
215,r635_salat_iz_pekinskoy_kapusty_s_kuritsey_yaytsom_i_kukuru,"Салат из пекинской капусты с курицей, яйцом и кукурузой","ingredient in list not named in steps: 2 (napa_cabbage, lemon_juice); truncation/fragment/weak finish: 1; e.g. Заправьте йогуртом с лимонным соком и аккуратно перемешайте",D. rewrite steps for completeness,no,warning
216,r656_avokado_tost_s_nutom,Авокадо-тост с нутом,"ingredient in list not named in steps: 2 (whole_grain_bread, lemon_juice); truncation/fragment/weak finish: 1; e.g. Авокадо разомните отдельно и выложите на тост, сверху добавьте нутовую смесь",D. rewrite steps for completeness,no,warning
217,r661_zapechennye_kusochki_tofu,Запеченные кусочки тофу,"ingredient in list not named in steps: 2 (soy_sauce, cornstarch); truncation/fragment/weak finish: 1; e.g. Запеките до плотной румяной корочки",D. rewrite steps for completeness,no,warning
218,r178_kremovaya_tselnozernovaya_pasta_s_pesto_i_keylom,Кремовая цельнозерновая паста с песто и кейлом,"missing approximate/user-friendly measure: 3; e.g. цельнозерновая паста — 75 г; truncation/fragment/weak finish: 1; e.g. Перемешайте, при необходимости разбавьте водой от пасты, посолите и поперчите",D. rewrite steps for completeness,no,warning
219,r415_smes_orehov,Смесь орехов,missing approximate/user-friendly measure: 3; e.g. миндаль — 10 г; extra ranking weight: transferred range r401-r610,A. looks okay / no fix (low-priority warning review),yes,warning
220,r016_ovsyanaya_chia_boul_s_malinovym_yagodnyy_sousom,Овсяная чиа-боул с малиновым ягодный соусом,"ingredient in list not named in steps: 1 (almond_butter); truncation/fragment/weak finish: 1; e.g. Добавьте малиновый ягодный соус, оставшуюся малину, апельсиновые кружочки, банан, миндальную пасту, годжи и семена чиа; missing approximate/user-friendly measure: 1; e.g. миндальная паста — 16 г",D. rewrite steps for completeness,no,warning
221,r077_kokosovyy_ris_s_yaytsom_ogurtsom_i_arahisom,"Кокосовый рис с яйцом, огурцом и арахисом","ingredient in list not named in steps: 1 (milk); truncation/fragment/weak finish: 1; e.g. Выложите рис в тарелку, добавьте яйцо, огурец, арахис, зеленый лук и немного соевого соуса; missing approximate/user-friendly measure: 1; e.g. арахис — 15 г",D. rewrite steps for completeness,no,warning
222,r255_tost_s_indeykoy_syrom_i_tomatom,"Тост с индейкой, сыром и томатом","ingredient in list not named in steps: 1 (whole_grain_bread); truncation/fragment/weak finish: 1; e.g. Выложите индейку, сыр, томат и салат; missing approximate/user-friendly measure: 1; e.g. Сыр гауда — 30 г",D. rewrite steps for completeness,no,warning
223,r262_pita_s_humusom_i_kuritsey,Пита с хумусом и курицей,"ingredient in list not named in steps: 1 (pita); truncation/fragment/weak finish: 1; e.g. Смажьте хумусом, добавьте курицу, огурец, помидор, салат и лимонный сок; missing approximate/user-friendly measure: 1; e.g. Хумус — 50 г",D. rewrite steps for completeness,no,warning
224,r293_tost_s_yaytsom_syrom_i_kukuruzoy,"Тост с яйцом, сыром и кукурузой","ingredient in list not named in steps: 1 (whole_grain_bread); truncation/fragment/weak finish: 1; e.g. Выложите яйцо, сыр, кукурузу и петрушку; missing approximate/user-friendly measure: 1; e.g. Сыр чеддер — 30 г",D. rewrite steps for completeness,no,warning
225,r296_mini_maffiny_iz_yaits_morkovi_kabachka_i_fety,"Мини-маффины из яиц, моркови, кабачка и феты","ingredient in list not named in steps: 1 (feta); truncation/fragment/weak finish: 1; e.g. Дайте маффинам постоять 1-2 минуты, затем проведите ножом по краям и выньте их из формы; missing approximate/user-friendly measure: 1; e.g. фета — 4 г",D. rewrite steps for completeness,no,warning
226,r299_tost_s_yaytsom_bekonom_i_syrom,"Тост с яйцом, беконом и сыром","ingredient in list not named in steps: 1 (whole_grain_bread); truncation/fragment/weak finish: 1; e.g. Подсушите хлеб, выложите салат, помидор, бекон, яйцо и сыр; missing approximate/user-friendly measure: 1; e.g. Сыр гауда — 25 г",D. rewrite steps for completeness,no,warning
227,r327_klubnichnyy_chizkeyk_na_yogurte,Клубничный чизкейк на йогурте,"ingredient in list not named in steps: 1 (oat_cookie); truncation/fragment/weak finish: 1; e.g. Выложите крошку, крем и нарезанную клубнику в небольшую миску; missing approximate/user-friendly measure: 1; e.g. Творожный сыр — 50 г",D. rewrite steps for completeness,no,warning
228,r333_hlebtsy_s_tvorogom_i_tuntsom,Хлебцы с творогом и тунцом,"ingredient in list not named in steps: 1 (whole_grain_bread); truncation/fragment/weak finish: 1; e.g. Выложите на хлебцы, добавьте огурец; missing approximate/user-friendly measure: 1; e.g. Творог 5% — 100 г",D. rewrite steps for completeness,no,warning
229,r334_rzhanoy_tost_s_yaytsom_i_syrom,Ржаной тост с яйцом и сыром,"ingredient in list not named in steps: 1 (whole_grain_bread); truncation/fragment/weak finish: 1; e.g. Подсушите хлеб, добавьте сыр, яйца и помидор; missing approximate/user-friendly measure: 1; e.g. Сыр гауда — 25 г",D. rewrite steps for completeness,no,warning
230,r345_grecheskiy_yogurt_s_klubnikoy_i_temnym_shokoladom,Греческий йогурт с клубникой и темным шоколадом,"ingredient in list not named in steps: 1 (dark_chocolate); truncation/fragment/weak finish: 1; e.g. Выложите йогурт в миску, добавьте клубнику, шоколад, миндаль и мед; missing approximate/user-friendly measure: 1; e.g. Миндаль — 10 г",D. rewrite steps for completeness,no,warning
231,r346_mango_yogurtovyy_boul_s_tvorogom,Манго-йогуртовый боул с творогом,ingredient in list not named in steps: 1 (coconut_flakes); truncation/fragment/weak finish: 1; e.g. Добавьте нарезанное манго и кокосовую стружку; missing approximate/user-friendly measure: 1; e.g. Творог 5% — 150 г,D. rewrite steps for completeness,no,warning
232,r348_banan_s_arahisovoy_pastoy_yogurtom_i_temnym_shokoladom,"Банан с арахисовой пастой, йогуртом и темным шоколадом","ingredient in list not named in steps: 1 (peanut_butter); truncation/fragment/weak finish: 1; e.g. Добавьте нарезанный банан, арахисовую пасту, тертый темный шоколад и какао; missing approximate/user-friendly measure: 1; e.g. Арахисовая паста — 15 г",D. rewrite steps for completeness,no,warning
233,r371_grecheskiy_yogurt_s_bananom_klubnikoy_i_shokoladom,"Греческий йогурт с бананом, клубникой и шоколадом","ingredient in list not named in steps: 1 (dark_chocolate); truncation/fragment/weak finish: 1; e.g. Выложите йогурт в миску, добавьте фрукты, шоколад и орех; missing approximate/user-friendly measure: 1; e.g. Грецкий орех — 10 г",D. rewrite steps for completeness,no,warning
234,r375_yogurt_s_yagodnym_sousom_i_gretskim_orehom,Йогурт с ягодным соусом и грецким орехом,"ingredient in list not named in steps: 1 (honey); truncation/fragment/weak finish: 1; e.g. Выложите йогурт в миску, добавьте ягодный соус и орех; missing approximate/user-friendly measure: 1; e.g. Грецкий орех — 12 г",D. rewrite steps for completeness,no,warning
235,r376_malinovo_fistashkovyy_grecheskiy_yogurt,Малиново-фисташковый греческий йогурт,"ingredient in list not named in steps: 1 (lemon_juice); truncation/fragment/weak finish: 1; e.g. Добавьте малину, фисташки, мед и лимонную цедру; missing approximate/user-friendly measure: 1; e.g. Фисташки — 15 г",D. rewrite steps for completeness,no,warning
236,r395_sredizemnomorskiy_fasolevyy_salat_s_nutom_krasnoy_faso,"Средиземноморский фасолевый салат с нутом, красной фасолью и огурцом","ingredient in list not named in steps: 1 (red_beans); truncation/fragment/weak finish: 1; e.g. В отдельной небольшой миске взбейте оливковое масло, лимонный сок, пропущенный через пресс чеснок, мелкую соль и хлопья красного перца; missing approximate/user-friendly measure: 1; e.g. чеснок — 2,5 г",D. rewrite steps for completeness,no,warning
237,r396_chashechki_iz_salata_s_chernoy_fasolyu_avokado_halapen,"Чашечки из салата с черной фасолью, авокадо, халапеньо и фетой",ingredient in list not named in steps: 1 (feta); truncation/fragment/weak finish: 1; e.g. Выложите начинку в листья салата; missing approximate/user-friendly measure: 1; e.g. Фета — 45 г,D. rewrite steps for completeness,no,warning
238,r419_salat_s_tuntsom_yaytsom_fasolyu_i_ovoschami,"Салат с тунцом, яйцом, фасолью и овощами",ingredient in list not named in steps: 1 (red_beans); missing approximate/user-friendly measure: 1; e.g. сметана (для соуса) — 20 г; extra ranking weight: transferred range r401-r610,A. looks okay / no fix (low-priority warning review),yes,warning
239,r426_salat_iz_pecheni_treski_s_lukom,Салат из печени трески с луком,ingredient in list not named in steps: 1 (mayonnaise); missing approximate/user-friendly measure: 1; e.g. сыр гауда — 15 г; extra ranking weight: transferred range r401-r610,A. looks okay / no fix (low-priority warning review),yes,warning
240,r437_tvorog_s_medom_i_fruktami,Творог с мёдом и фруктами,ingredient in list not named in steps: 1 (banana); missing approximate/user-friendly measure: 1; e.g. творог 2-5% — 180 г; extra ranking weight: transferred range r401-r610,A. looks okay / no fix (low-priority warning review),yes,warning
241,r440_kasha_iz_kinoa_s_fruktami,Каша из киноа с фруктами,ingredient in list not named in steps: 1 (berries); missing approximate/user-friendly measure: 1; e.g. грецкие орехи (рубленые) — 15 г; extra ranking weight: transferred range r401-r610,A. looks okay / no fix (low-priority warning review),yes,warning
242,r444_tvorog_s_ukropom_s_tselnozernovym_hlebom,Творог с укропом с цельнозерновым хлебом,ingredient in list not named in steps: 1 (whole_grain_bread); missing approximate/user-friendly measure: 1; e.g. творог 5% — 110 г; extra ranking weight: transferred range r401-r610,A. looks okay / no fix (low-priority warning review),yes,warning
243,r449_grechka_po_kupecheski_s_farshem,Гречка по-купечески с фаршем,ingredient in list not named in steps: 1 (tomato_paste); missing approximate/user-friendly measure: 1; e.g. томатная паста — 15 г; extra ranking weight: transferred range r401-r610,A. looks okay / no fix (low-priority warning review),yes,warning
244,r463_salat_s_kapustoy_kurinoy_grudkoy_i_kunzhutom,"Салат с капустой, куриной грудкой и кунжутом",ingredient in list not named in steps: 1 (almonds); missing approximate/user-friendly measure: 1; e.g. миндальные лепестки — 5 г; extra ranking weight: transferred range r401-r610,A. looks okay / no fix (low-priority warning review),yes,warning
245,r476_syrniki_na_kokosovoy_muke,Сырники на кокосовой муке,ingredient in list not named in steps: 1 (wheat_flour); missing approximate/user-friendly measure: 1; e.g. творог — 130 г; extra ranking weight: transferred range r401-r610,A. looks okay / no fix (low-priority warning review),yes,warning
246,r478_yaytsa_po_florentiyski,Яйца по-флорентийски,ingredient in list not named in steps: 1 (wheat_flour); missing approximate/user-friendly measure: 1; e.g. пармезан — 15 г; extra ranking weight: transferred range r401-r610,A. looks okay / no fix (low-priority warning review),yes,warning
247,r483_kalmar_farshirovannyy_syrom_i_kuritsey,"Кальмар, фаршированный сыром и курицей",ingredient in list not named in steps: 1 (gouda); missing approximate/user-friendly measure: 1; e.g. сыр гауда — 30 г; extra ranking weight: transferred range r401-r610,A. looks okay / no fix (low-priority warning review),yes,warning
248,r513_syrniki_na_risovoy_muke,Сырники на рисовой муке,ingredient in list not named in steps: 1 (rice_flour); missing approximate/user-friendly measure: 1; e.g. творога — 180 г; extra ranking weight: transferred range r401-r610,A. looks okay / no fix (low-priority warning review),yes,warning
249,r566_ris_s_tuntsom_yaytsom_i_avokado,"Рис с тунцом, яйцом и авокадо",ingredient in list not named in steps: 1 (soy_sauce); missing approximate/user-friendly measure: 1; e.g. соевый соус — 20 г (без глютена); extra ranking weight: transferred range r401-r610,A. looks okay / no fix (low-priority warning review),yes,warning
250,r664_kabachkovo_kartofelnye_oladi,Кабачково-картофельные оладьи,ingredient in list not named in steps: 1 (wheat_flour); truncation/fragment/weak finish: 1; e.g. Жарьте небольшие оладьи на смазанной маслом сковороде до румяной корочки; missing approximate/user-friendly measure: 1; e.g. чеснок — 2 г,D. rewrite steps for completeness,no,warning
251,r222_kurinaya_zapekanka_s_brokkoli_pastoy_i_mindalnoy_syrno,"Куриная запеканка с брокколи, пастой и миндальной сырной корочкой","missing approximate/user-friendly measure: 6; e.g. паста ракушки или перья — 90 г; ingredient in list not named in steps: 2 (chicken_breast, greens)",A. looks okay / no fix (low-priority warning review),no,warning
252,r253_tvorog_s_yagodami_i_gretskim_orehom,Творог с ягодами и грецким орехом,"missing approximate/user-friendly measure: 2; e.g. Творог 5% — 200 г; truncation/fragment/weak finish: 1; e.g. Добавьте ягоды, орех, мед и корицу",D. rewrite steps for completeness,no,warning
253,r300_omlet_s_bekonom_gaudoy_i_tvorozhnym_syrom,"Омлет с беконом, гаудой и творожным сыром","missing approximate/user-friendly measure: 2; e.g. Сыр гауда — 25 г; truncation/fragment/weak finish: 1; e.g. Когда омлет схватится, добавьте гауду и творожный сыр, сложите пополам",D. rewrite steps for completeness,no,warning
254,r301_tvorog_s_bananom_i_orehom,Творог с бананом и орехом,"missing approximate/user-friendly measure: 2; e.g. Творог 5% — 200 г; truncation/fragment/weak finish: 1; e.g. Добавьте нарезанный банан, орех и корицу",D. rewrite steps for completeness,no,warning
255,r341_pechenoe_yabloko_s_tvorogom_i_izyumom,Печеное яблоко с творогом и изюмом,missing approximate/user-friendly measure: 2; e.g. Творог 5% — 150 г; truncation/fragment/weak finish: 1; e.g. Наполните яблоко и запеките при 200 °C 10-12 минут,D. rewrite steps for completeness,no,warning
256,r408_sendvich_s_tvorozhnym_sousom,Сэндвич с творожным соусом,missing approximate/user-friendly measure: 2; e.g. творог мягкий 2-5% — 100 г; extra ranking weight: transferred range r401-r610,A. looks okay / no fix (low-priority warning review),yes,warning
257,r501_pasta_s_kurinym_file_v_ostrom_tomatnom_souse,Паста с куриным филе в остром томатном соусе,missing approximate/user-friendly measure: 2; e.g. цельнозерновая паста — 100 г; extra ranking weight: transferred range r401-r610,A. looks okay / no fix (low-priority warning review),yes,warning
258,r504_makarony_po_flotski,Макароны по-флотски,missing approximate/user-friendly measure: 2; e.g. цельнозерновая паста — 50 г; extra ranking weight: transferred range r401-r610,A. looks okay / no fix (low-priority warning review),yes,warning
259,r564_enchilada_v_kukuruznyh_tortilyah,Энчилада в кукурузных тортильях,missing approximate/user-friendly measure: 2; e.g. томаты в собственном соку — 120 г (без добавленного соуса); extra ranking weight: transferred range r401-r610,A. looks okay / no fix (low-priority warning review),yes,warning
260,r565_kuritsa_s_pesto_i_kartofelem,Курица с песто и картофелем,missing approximate/user-friendly measure: 2; e.g. песто — 50 г (без глютена); extra ranking weight: transferred range r401-r610,A. looks okay / no fix (low-priority warning review),yes,warning
261,r606_lenivaya_pitstsa_na_lavashe,Ленивая пицца на лаваше,missing approximate/user-friendly measure: 2; e.g. томаты в собственном соку — 120 г (без добавленного соуса); extra ranking weight: transferred range r401-r610,A. looks okay / no fix (low-priority warning review),yes,warning
262,r610_bystraya_pitstsa_na_hlebe,Быстрая пицца на хлебе,missing approximate/user-friendly measure: 2; e.g. томаты в собственном соку — 120 г (без добавленного соуса); extra ranking weight: transferred range r401-r610,A. looks okay / no fix (low-priority warning review),yes,warning
263,r056_puding_s_chia_v_stile_masala_chay_bananom_i_fistashkam,"Пудинг с чиа в стиле масала-чай, бананом и фисташками","ingredient in list not named in steps: 1 (pistachios); truncation/fragment/weak finish: 1; e.g. Выложите половину пудинга в стакан или миску, добавьте половину банана и фисташек, затем повторите слой пудинга, банана и фисташек",D. rewrite steps for completeness,no,warning
264,r079_egipetskiy_ful_medames_s_tahini_i_limonom,Египетский фул медамес с тахини и лимоном,"ingredient in list not named in steps: 1 (onion); truncation/fragment/weak finish: 1; e.g. Если пюре выглядит расслоившимся или слишком густым, добавьте ложку холодной воды и снова перемешайте",D. rewrite steps for completeness,no,warning
265,r109_kurinyy_sup_s_beloy_fasolyu_i_keylom,Куриный суп с белой фасолью и кейлом,ingredient in list not named in steps: 1 (red_beans); truncation/fragment/weak finish: 1; e.g. Разлейте горячий суп по глубоким мискам,D. rewrite steps for completeness,no,warning
266,r158_domashniy_vegetarianskiy_chili_s_chernoy_i_pinto_fasol,Домашний вегетарианский чили с черной и пинто фасолью,"ingredient in list not named in steps: 1 (oregano); truncation/fragment/weak finish: 1; e.g. Разлейте чили по мискам, добавьте авокадо, тортилья-чипсы и дополнительную кинзу",D. rewrite steps for completeness,no,warning
267,r204_boul_s_lososem_brokkoli_i_bulgurom,"Боул с лососем, брокколи и булгуром","ingredient in list not named in steps: 1 (lemon_juice); truncation/fragment/weak finish: 1; e.g. Выложите булгур, брокколи, огурец и лосось в миску, добавьте соус",D. rewrite steps for completeness,no,warning
268,r206_boul_iz_perlovki_s_yaytsom_bekonom_i_tomatnym_sousom,"Боул из перловки с яйцом, беконом и томатным соусом","ingredient in list not named in steps: 1 (pearl_barley); truncation/fragment/weak finish: 1; e.g. Выложите перловку в миску, добавьте соус с беконом и яйцо",D. rewrite steps for completeness,no,warning
269,r266_boul_s_kuritsey_fasolyu_i_avokado,"Боул с курицей, фасолью и авокадо","ingredient in list not named in steps: 1 (red_beans); truncation/fragment/weak finish: 1; e.g. Выложите в миску курицу, фасоль, авокадо, помидор и огурец, добавьте соус",D. rewrite steps for completeness,no,warning
270,r302_yogurt_s_chernikoy_yablokom_i_semenami,"Йогурт с черникой, яблоком и семенами","ingredient in list not named in steps: 1 (pumpkin_seeds); truncation/fragment/weak finish: 1; e.g. Смешайте йогурт, чернику, яблоко, семечки и овсяные хлопья",D. rewrite steps for completeness,no,warning
271,r313_yagodno_kefirnyy_smuzi_s_bananom_i_mindalnoy_pastoy,Ягодно-кефирный смузи с бананом и миндальной пастой,ingredient in list not named in steps: 1 (almond_butter); truncation/fragment/weak finish: 1; e.g. Перелейте в большой стакан и выпейте свежим,D. rewrite steps for completeness,no,warning
272,r350_sendvich_s_kuritsey_mango_i_yogurtovym_sousom,"Сэндвич с курицей, манго и йогуртовым соусом","ingredient in list not named in steps: 1 (whole_grain_bread); truncation/fragment/weak finish: 1; e.g. Соберите сэндвич из хлеба, курицы, манго, салата и соуса",D. rewrite steps for completeness,no,warning
273,r364_ogurechnye_tosty_s_tuntsom_i_yogurtom,Огуречные тосты с тунцом и йогуртом,"ingredient in list not named in steps: 1 (whole_grain_bread); truncation/fragment/weak finish: 1; e.g. Подсушите хлеб, выложите тунцовый салат и огурец",D. rewrite steps for completeness,no,warning
274,r400_salatnye_chashechki_s_krevetkami_i_krabovymi_palochkam,Салатные чашечки с креветками и крабовыми палочками,"ingredient in list not named in steps: 1 (lemon_juice); truncation/fragment/weak finish: 1; e.g. Смешайте с йогуртом, лимонным соком, солью и перцем, выложите в листья салата",D. rewrite steps for completeness,no,warning
275,r406_buterbrod_s_syrom_i_vetchinoy,Бутерброд с сыром и ветчиной,ingredient in list not named in steps: 1 (whole_grain_bread); extra ranking weight: transferred range r401-r610,A. looks okay / no fix (low-priority warning review),yes,warning
276,r413_omlet_s_zelenym_goroshkom_i_svekloy,Омлет с зеленым горошком и свеклой,ingredient in list not named in steps: 1 (milk); extra ranking weight: transferred range r401-r610,A. looks okay / no fix (low-priority warning review),yes,warning
277,r418_slivochnyy_tykvenno_shokoladnyy_muss,Сливочный тыквенно-шоколадный мусс,ingredient in list not named in steps: 1 (gelatin); extra ranking weight: transferred range r401-r610,A. looks okay / no fix (low-priority warning review),yes,warning
278,r430_belkovyy_salat_s_fasolyu,Белковый салат с фасолью,ingredient in list not named in steps: 1 (cilantro); extra ranking weight: transferred range r401-r610,A. looks okay / no fix (low-priority warning review),yes,warning
279,r434_zapechennoe_yabloko_s_apelsinom_i_koritsey,Запеченное яблоко с апельсином и корицей,ingredient in list not named in steps: 1 (apple); extra ranking weight: transferred range r401-r610,A. looks okay / no fix (low-priority warning review),yes,warning
280,r435_kukuruznaya_kasha,Кукурузная каша,ingredient in list not named in steps: 1 (cornmeal); extra ranking weight: transferred range r401-r610,A. looks okay / no fix (low-priority warning review),yes,warning
281,r442_bananovye_oladi_s_shokoladnoy_nachinkoy,Банановые оладьи с шоколадной начинкой,ingredient in list not named in steps: 1 (wheat_flour); extra ranking weight: transferred range r401-r610,A. looks okay / no fix (low-priority warning review),yes,warning
282,r443_ovsyanye_blinchiki,Овсяные блинчики,ingredient in list not named in steps: 1 (wheat_flour); extra ranking weight: transferred range r401-r610,A. looks okay / no fix (low-priority warning review),yes,warning
283,r447_skrembl_iz_tofu,Скрэмбл из тофу,ingredient in list not named in steps: 1 (garlic); extra ranking weight: transferred range r401-r610,A. looks okay / no fix (low-priority warning review),yes,warning
284,r448_tselnozernovoy_hleb_s_pashtetom_iz_kurinoy_pecheni,Цельнозерновой хлеб с паштетом из куриной печени,ingredient in list not named in steps: 1 (chicken_liver); extra ranking weight: transferred range r401-r610,A. looks okay / no fix (low-priority warning review),yes,warning
285,r450_spagetti_s_kuritsey_v_smetannom_souse,Спагетти с курицей в сметанном соусе,ingredient in list not named in steps: 1 (oregano); extra ranking weight: transferred range r401-r610,A. looks okay / no fix (low-priority warning review),yes,warning
286,r453_struchkovaya_fasol_s_chesnokom_i_soevym_sousom,Стручковая фасоль с чесноком и соевым соусом,ingredient in list not named in steps: 1 (red_beans); extra ranking weight: transferred range r401-r610,A. looks okay / no fix (low-priority warning review),yes,warning
287,r458_indeyka_tushenaya_v_smetane,Индейка тушеная в сметане,ingredient in list not named in steps: 1 (wheat_flour); extra ranking weight: transferred range r401-r610,A. looks okay / no fix (low-priority warning review),yes,warning
288,r462_indeyka_s_baklazhanami_v_duhovke,Индейка с баклажанами в духовке,ingredient in list not named in steps: 1 (greens); extra ranking weight: transferred range r401-r610,A. looks okay / no fix (low-priority warning review),yes,warning
289,r470_tofu_nori_v_klyare,Тофу-нори в кляре,ingredient in list not named in steps: 1 (wheat_flour); extra ranking weight: transferred range r401-r610,A. looks okay / no fix (low-priority warning review),yes,warning
290,r479_kuskus_s_kuritsey,Кускус с курицей,ingredient in list not named in steps: 1 (onion); extra ranking weight: transferred range r401-r610,A. looks okay / no fix (low-priority warning review),yes,warning
291,r487_kurino_kartofelnye_oladi,Курино-картофельные оладьи,ingredient in list not named in steps: 1 (cornstarch); extra ranking weight: transferred range r401-r610,A. looks okay / no fix (low-priority warning review),yes,warning
292,r503_mak_end_chiz,Мак-энд-чиз,ingredient in list not named in steps: 1 (wheat_flour); extra ranking weight: transferred range r401-r610,A. looks okay / no fix (low-priority warning review),yes,warning
293,r506_yaichnyy_roll_s_vetchinoy,Яичный ролл с ветчиной,ingredient in list not named in steps: 1 (gouda); extra ranking weight: transferred range r401-r610,A. looks okay / no fix (low-priority warning review),yes,warning
294,r524_ryba_s_kartofelem_i_limonom,Рыба с картофелем и лимоном,ingredient in list not named in steps: 1 (white_fish); extra ranking weight: transferred range r401-r610,A. looks okay / no fix (low-priority warning review),yes,warning
295,r525_losos_s_risom_i_brokkoli,Лосось с рисом и брокколи,ingredient in list not named in steps: 1 (lemon_juice); extra ranking weight: transferred range r401-r610,A. looks okay / no fix (low-priority warning review),yes,warning
296,r529_chili_s_farshem_i_fasolyu,Чили с говяжьим фаршем и фасолью,ingredient in list not named in steps: 1 (onion); extra ranking weight: transferred range r401-r610,A. looks okay / no fix (low-priority warning review),yes,warning
297,r544_kurinoe_karri_s_risom,Куриное карри с рисом,ingredient in list not named in steps: 1 (onion); extra ranking weight: transferred range r401-r610,A. looks okay / no fix (low-priority warning review),yes,warning
298,r548_kurinaya_pechen_s_grechkoy,Куриная печень с гречкой,ingredient in list not named in steps: 1 (chicken_liver); extra ranking weight: transferred range r401-r610,A. looks okay / no fix (low-priority warning review),yes,warning
299,r550_zapechennyy_kartofel_s_farshem_i_yogurtovym_sousom,Запеченный картофель с говяжьим фаршем и йогуртовым соусом,ingredient in list not named in steps: 1 (onion); extra ranking weight: transferred range r401-r610,A. looks okay / no fix (low-priority warning review),yes,warning
300,r553_losos_v_medovo_gorchichnom_souse,Лосось в медово-горчичном соусе,ingredient in list not named in steps: 1 (potato); extra ranking weight: transferred range r401-r610,A. looks okay / no fix (low-priority warning review),yes,warning
301,r574_hrustyaschie_nutovye_shariki,Хрустящие нутовые шарики,ingredient in list not named in steps: 1 (garlic); extra ranking weight: transferred range r401-r610,A. looks okay / no fix (low-priority warning review),yes,warning
302,r575_ogurtsy_s_tuntsovym_kremom,Огурцы с тунцовым кремом,ingredient in list not named in steps: 1 (tuna); extra ranking weight: transferred range r401-r610,A. looks okay / no fix (low-priority warning review),yes,warning
303,r582_yaytsa_farshirovannye_avokado,"Яйца, фаршированные авокадо",ingredient in list not named in steps: 1 (lemon_juice); extra ranking weight: transferred range r401-r610,A. looks okay / no fix (low-priority warning review),yes,warning
304,r589_yaytsa_farshirovannye_shprotami,"Яйца, фаршированные шпротами",ingredient in list not named in steps: 1 (lemon_juice); extra ranking weight: transferred range r401-r610,A. looks okay / no fix (low-priority warning review),yes,warning
305,r601_tost_s_arahisovoy_pastoy_i_yablokom,Тост с арахисовой пастой и яблоком,ingredient in list not named in steps: 1 (peanut_butter); extra ranking weight: transferred range r401-r610,A. looks okay / no fix (low-priority warning review),yes,warning
306,r615_ogurechnye_lodochki_s_tuntsom,Огуречные лодочки с тунцом,ingredient in list not named in steps: 1 (lemon_juice); truncation/fragment/weak finish: 1; e.g. Выложите начинку в огуречные лодочки,D. rewrite steps for completeness,no,warning
307,r624_rybnyy_sup_s_risom_i_kartofelem,Рыбный суп с рисом и картофелем,ingredient in list not named in steps: 1 (white_fish); truncation/fragment/weak finish: 1; e.g. В конце добавьте укроп,D. rewrite steps for completeness,no,warning
308,r644_ovsyanoe_pechene_s_koritsey,Овсяное печенье с корицей,ingredient in list not named in steps: 1 (wheat_flour); truncation/fragment/weak finish: 1; e.g. Выложите небольшие печенья на пергамент и выпекайте при 180 °C около 15 минут,D. rewrite steps for completeness,no,warning
309,r662_bananovye_oladi_bez_yaits,Банановые оладьи без яиц,ingredient in list not named in steps: 1 (wheat_flour); truncation/fragment/weak finish: 1; e.g. Жарьте небольшие оладьи на смазанной маслом сковороде до румяности с двух сторон,D. rewrite steps for completeness,no,warning
310,r663_kabachkovye_oladi_bez_yaits,Кабачковые оладьи без яиц,ingredient in list not named in steps: 1 (wheat_flour); truncation/fragment/weak finish: 1; e.g. Жарьте небольшие оладьи на смазанной маслом сковороде до румяности с двух сторон,D. rewrite steps for completeness,no,warning
311,r259_kefirnyy_smuzi_s_tvorogom_i_bananom,Кефирный смузи с творогом и бананом,"truncation/fragment/weak finish: 1; e.g. Взбейте кефир, творог, банан, какао и мед до однородности; missing approximate/user-friendly measure: 1; e.g. Творог 5% — 120 г",D. rewrite steps for completeness,no,warning
312,r286_letnyaya_tomatnaya_brusketta_s_bazilikom,Летняя томатная брускетта с базиликом,truncation/fragment/weak finish: 1; e.g. Ложкой выложите томаты вместе с соком на тосты и закончите оставшейся солью; missing approximate/user-friendly measure: 1; e.g. чеснок — 2 г,D. rewrite steps for completeness,no,warning
313,r304_tvorog_s_yablokom_izyumom_i_koritsey,"Творог с яблоком, изюмом и корицей","truncation/fragment/weak finish: 1; e.g. Смешайте творог, йогурт, яблоко, изюм и корицу; missing approximate/user-friendly measure: 1; e.g. Творог 5% — 200 г",D. rewrite steps for completeness,no,warning
314,r361_edamame_s_tvorogom_i_ogurtsom,Зеленый горошек с творогом и огурцом,"truncation/fragment/weak finish: 1; e.g. Выложите творог, горошек и огурец в миску, добавьте соевый соус, лимонный сок и кунжут; missing approximate/user-friendly measure: 1; e.g. Творог 5% — 150 г",D. rewrite steps for completeness,no,warning
315,r372_fruktovyy_tvorog_s_mango_kivi_i_yagodami,"Фруктовый творог с манго, киви и ягодами","truncation/fragment/weak finish: 1; e.g. Добавьте нарезанные манго, киви и ягоды; missing approximate/user-friendly measure: 1; e.g. Творог 5% — 200 г",D. rewrite steps for completeness,no,warning
316,r373_klubnichno_bananovyy_kefirnyy_smuzi_s_tvorogom,Клубнично-банановый кефирный смузи с творогом,"truncation/fragment/weak finish: 1; e.g. Взбейте кефир, творог, клубнику, банан и мед; missing approximate/user-friendly measure: 1; e.g. Творог 5% — 140 г",D. rewrite steps for completeness,no,warning
317,r377_yagodnyy_tvorozhnyy_krem_s_limonom,Ягодный творожный крем с лимоном,truncation/fragment/weak finish: 1; e.g. Добавьте ягоды; missing approximate/user-friendly measure: 1; e.g. Творог 5% — 200 г,D. rewrite steps for completeness,no,warning
318,r378_shokoladno_bananovyy_tvorog,Шоколадно-банановый творог,truncation/fragment/weak finish: 1; e.g. Добавьте нарезанный банан и тертый темный шоколад; missing approximate/user-friendly measure: 1; e.g. Творог 5% — 200 г,D. rewrite steps for completeness,no,warning
319,r379_yogurtovyy_boul_s_mango_ananasom_i_granoloy,"Йогуртовый боул с манго, ананасом и гранолой","truncation/fragment/weak finish: 1; e.g. Добавьте манго, ананас, гранолу и миндаль; missing approximate/user-friendly measure: 1; e.g. Миндаль — 10 г",D. rewrite steps for completeness,no,warning
320,r380_persikovyy_tvorog_s_vanilyu,Персиковый творог с ванилью,truncation/fragment/weak finish: 1; e.g. Добавьте нарезанный персик; missing approximate/user-friendly measure: 1; e.g. Творог 5% — 200 г,D. rewrite steps for completeness,no,warning
321,r402_tvorog_s_yaytsom_na_skovorode,Творог с яйцом на сковороде,missing approximate/user-friendly measure: 1; e.g. творог 2-5% (размять) — 60 г; extra ranking weight: transferred range r401-r610,A. looks okay / no fix (low-priority warning review),yes,warning
322,r409_rikotta_s_fruktami,Рикотта с фруктами,missing approximate/user-friendly measure: 1; e.g. рикотта или мягкий творог — 120 г; extra ranking weight: transferred range r401-r610,A. looks okay / no fix (low-priority warning review),yes,warning
323,r423_ovsyanaya_kasha_s_tomatami_zelenym_goroshkom_i_rikotto,"Овсяная каша с томатами, зелёным горошком и рикоттой",missing approximate/user-friendly measure: 1; e.g. рикотта или мягкий творог — 50 г; extra ranking weight: transferred range r401-r610,A. looks okay / no fix (low-priority warning review),yes,warning
324,r445_tvorog_s_ukropom_i_hlebtsami,Творог с укропом и хлебцами,missing approximate/user-friendly measure: 1; e.g. творог 5% — 110 г; extra ranking weight: transferred range r401-r610,A. looks okay / no fix (low-priority warning review),yes,warning
325,r446_tvorog_s_ukropom_i_morkovnymi_palochkami,Творог с укропом и морковными палочками,missing approximate/user-friendly measure: 1; e.g. творог 5% — 110 г; extra ranking weight: transferred range r401-r610,A. looks okay / no fix (low-priority warning review),yes,warning
326,r466_shaurma_iz_morkovi,Шаурма из моркови,missing approximate/user-friendly measure: 1; e.g. сыр гауда (натереть) — 50 г; extra ranking weight: transferred range r401-r610,A. looks okay / no fix (low-priority warning review),yes,warning
327,r472_tofu_steyki_v_teriyaki,Тофу-стейки в терияки,missing approximate/user-friendly measure: 1; e.g. шрирача — 8 г; extra ranking weight: transferred range r401-r610,A. looks okay / no fix (low-priority warning review),yes,warning
328,r489_rulet_iz_lavasha_s_humusom,Рулет из лаваша с хумусом и томатами,missing approximate/user-friendly measure: 1; e.g. хумус — 100 г; extra ranking weight: transferred range r401-r610,A. looks okay / no fix (low-priority warning review),yes,warning
329,r512_lavash_s_tvorogom_i_zelenyu,Лаваш с творогом и зеленью,missing approximate/user-friendly measure: 1; e.g. творога — 200 г; extra ranking weight: transferred range r401-r610,A. looks okay / no fix (low-priority warning review),yes,warning
330,r576_finiki_s_orehovoy_pastoy,Финики с ореховой пастой,missing approximate/user-friendly measure: 1; e.g. орехи — 15 г; extra ranking weight: transferred range r401-r610,A. looks okay / no fix (low-priority warning review),yes,warning
331,r580_tost_s_humusom_i_zapechennym_pertsem,Тост с хумусом и запечённым перцем,missing approximate/user-friendly measure: 1; e.g. хумус — 80 г; extra ranking weight: transferred range r401-r610,A. looks okay / no fix (low-priority warning review),yes,warning
332,r608_goryachiy_buterbrod_s_syrom,Горячий бутерброд с сыром,missing approximate/user-friendly measure: 1; e.g. сыр гауда — 30 г; extra ranking weight: transferred range r401-r610,A. looks okay / no fix (low-priority warning review),yes,warning
333,r653_pasta_s_tuntsom_sparzhey_i_shpinatom,"Паста с тунцом, спаржей и шпинатом",truncation/fragment/weak finish: 1; e.g. Смешайте соус с пастой; missing approximate/user-friendly measure: 1; e.g. цельнозерновая паста — 80 г,D. rewrite steps for completeness,no,warning
334,r660_farshirovannye_yaytsa_s_avokado,Фаршированные яйца с авокадо,truncation/fragment/weak finish: 1; e.g. Наполните половинки белков и добавьте каперсы; missing approximate/user-friendly measure: 1; e.g. чеснок — 1 г,D. rewrite steps for completeness,no,warning
335,r213_ovoschnoy_minestrone_s_beloy_fasolyu_i_pastoy,Овощной минестроне с белой фасолью и пастой,"ingredient in list not named in steps: 3 (red_beans, oregano); missing approximate/user-friendly measure: 3; e.g. чеснок — 3 г",A. looks okay / no fix (low-priority warning review),no,warning
336,r223_kurinaya_zapekanka_kordon_blyu_s_brokkoli_i_fuzilli,Куриная запеканка кордон блю с брокколи и фузилли,"ingredient in list not named in steps: 3 (pasta_generic, cottage_cheese, wheat_flour); missing approximate/user-friendly measure: 3; e.g. чеснок — 1,5 г",A. looks okay / no fix (low-priority warning review),no,warning
337,r227_zapechennye_rakushki_s_rikottoy_shpinatom_i_marinaroy,"Запеченные ракушки с рикоттой, шпинатом и маринарой","ingredient in list not named in steps: 3 (pasta_generic, cabbage, lemon_juice); missing approximate/user-friendly measure: 3; e.g. чеснок — 2,5 г",A. looks okay / no fix (low-priority warning review),no,warning
338,r187_risovyy_boul_so_skumbriey_i_ovoschami,Рисовый боул со скумбрией и овощами,"truncation/fragment/weak finish: 1; e.g. Выложите рис в тарелку, добавьте рыбу, овощи, зеленый лук, соевый соус и лимонный сок",D. rewrite steps for completeness,no,warning
339,r258_salat_s_nutom_tuntsom_i_ogurtsom,"Салат с нутом, тунцом и огурцом","truncation/fragment/weak finish: 1; e.g. Смешайте тунец, нут, огурец, йогурт, лимонный сок, укроп, соль и перец",D. rewrite steps for completeness,no,warning
340,r277_yogurtovyy_dip_s_kuritsey_i_ovoschami,Йогуртовый дип с курицей и овощами,truncation/fragment/weak finish: 1; e.g. Ешьте курицу и овощи с йогуртовым дипом,D. rewrite steps for completeness,no,warning
341,r319_mango_lassi_na_yogurte_i_kefire,Манго-ласси на йогурте и кефире,"truncation/fragment/weak finish: 1; e.g. Взбейте манго, йогурт, кефир, лаймовый сок, мед и кардамон",D. rewrite steps for completeness,no,warning
342,r374_tropicheskiy_yogurt_s_mango_bananom_i_granoloy,"Тропический йогурт с манго, бананом и гранолой","truncation/fragment/weak finish: 1; e.g. Добавьте нарезанные манго и банан, гранолу и темный шоколад",D. rewrite steps for completeness,no,warning
343,r385_salatnye_listya_s_kurinoy_grudkoy_avokado_i_bekonom,"Салатные листья с куриной грудкой, авокадо и беконом",truncation/fragment/weak finish: 1; e.g. Выложите начинку в листья салата и добавьте бекон,D. rewrite steps for completeness,no,warning
344,r397_salatnye_listya_s_nutom_avokado_i_yogurtovym_sousom,"Салатные листья с нутом, авокадо и йогуртовым соусом",truncation/fragment/weak finish: 1; e.g. Выложите начинку в листья салата,D. rewrite steps for completeness,no,warning
345,r398_salatnye_listya_s_indeykoy_yogurtom_i_izyumom,"Салатные листья с индейкой, йогуртом и изюмом",truncation/fragment/weak finish: 1; e.g. Выложите начинку в листья салата,D. rewrite steps for completeness,no,warning
346,r612_nesladkaya_ovsyanka_s_tofu_i_tomatom,Несладкая овсянка с тофу и томатом,"truncation/fragment/weak finish: 1; e.g. В конце вмешайте тофу, укроп и паприку",D. rewrite steps for completeness,no,warning
347,r616_tofu_s_pomidorom_i_zelenyu,Тофу с помидором и зеленью,"truncation/fragment/weak finish: 1; e.g. Смешайте овощи и тофу, добавьте лимонный сок, масло, укроп и черный перец",D. rewrite steps for completeness,no,warning
348,r232_pitatelnyy_salat_s_kuritsey_shpinatom_fetoy_i_semechka,"Питательный салат с курицей, шпинатом, фетой и семечками","ingredient in list not named in steps: 3 (oregano, feta, sunflower_seeds); missing approximate/user-friendly measure: 2; e.g. чеснок — 1 г",A. looks okay / no fix (low-priority warning review),no,warning
349,r246_bystro_obzharennaya_govyadina_s_brokkoli_i_morkovyu,Быстро обжаренная говядина с брокколи и морковью,"ingredient in list not named in steps: 3 (cornstarch, ginger, beef_sirloin); missing approximate/user-friendly measure: 2; e.g. чеснок — 2,5 г",A. looks okay / no fix (low-priority warning review),no,warning
350,r269_myagkie_ovsyano_izyumnye_granola_batonchiki,Мягкие овсяно-изюмные гранола-батончики,"ingredient in list not named in steps: 3 (wheat_flour, peanut_butter, brown_sugar); missing approximate/user-friendly measure: 2; e.g. арахисовая или другая ореховая паста — 6 г",A. looks okay / no fix (low-priority warning review),no,warning
351,r388_mini_pertsy_s_tvorozhnoy_nachinkoy_parmezanom_i_limono,"Мини-перцы с творожной начинкой, пармезаном и лимоном","ingredient in list not named in steps: 3 (greek_yogurt, lemon_juice, parsley); missing approximate/user-friendly measure: 2; e.g. Творог 5% — 150 г",A. looks okay / no fix (low-priority warning review),no,warning
352,r658_svekolnyy_humus_s_ovoschami,Свекольный хумус с овощами,"ingredient in list not named in steps: 3 (chickpeas, lemon_juice, cucumber); missing approximate/user-friendly measure: 2; e.g. тахини — 20 г",A. looks okay / no fix (low-priority warning review),no,warning
353,r230_tetratstsini_iz_indeyki_s_gribami_goroshkom_i_parmezan,"Тетраццини из индейки с грибами, горошком и пармезаном","missing approximate/user-friendly measure: 3; e.g. чеснок — 2 г; ingredient in list not named in steps: 2 (wheat_flour, cottage_cheese)",A. looks okay / no fix (low-priority warning review),no,warning
354,r007_yaichnye_maffiny_s_ovoschami,Яичные маффины с овощами,"ingredient in list not named in steps: 3 (green_onion, milk); missing approximate/user-friendly measure: 1; e.g. Чеддер/грюйер — 12,5 г",A. looks okay / no fix (low-priority warning review),no,warning
355,r019_tostirovannyy_myusli_s_mindalem_kokosom_i_konoplyanymi,"Тостированный мюсли с миндалем, кокосом и конопляными семенами","ingredient in list not named in steps: 3 (coconut_flakes, cranberries_dried, milk); missing approximate/user-friendly measure: 1; e.g. миндальные лепестки — 6,25 г",A. looks okay / no fix (low-priority warning review),no,warning
356,r048_burrito_s_chorizo_yaytsom_fasolyu_i_poblano,"Буррито с чоризо, яйцом, фасолью и поблано","ingredient in list not named in steps: 3 (sausage, flour_tortilla, red_beans); missing approximate/user-friendly measure: 1; e.g. Чеддер — 27,5 г",A. looks okay / no fix (low-priority warning review),no,warning
357,r065_vegetarianskaya_zapekanka_s_sosiskami_gribami_i_pertse,"Вегетарианская запеканка с сосисками, грибами и перцем","ingredient in list not named in steps: 3 (bell_pepper, milk, green_onion); missing approximate/user-friendly measure: 1; e.g. чеддер — 15,6 г",A. looks okay / no fix (low-priority warning review),no,warning
358,r210_boul_s_kinoa_zapechennymi_ovoschami_i_pesto_iz_keyla,"Боул с киноа, запеченными овощами и песто из кейла","ingredient in list not named in steps: 3 (cauliflower, broccoli, brussels_sprouts); missing approximate/user-friendly measure: 1; e.g. Сырая киноа — 40 г",A. looks okay / no fix (low-priority warning review),no,warning
359,r274_humus_s_pechenym_pertsem_gretskim_orehom_i_ovoschnymi_,"Хумус с печеным перцем, грецким орехом и овощными палочками","ingredient in list not named in steps: 3 (roasted_red_pepper, carrot, celery); missing approximate/user-friendly measure: 1; e.g. чеснок — 2,5 г",A. looks okay / no fix (low-priority warning review),no,warning
360,r291_kabachkovye_maffiny_s_fetoy_i_kuminom,Кабачковые маффины с фетой и кумином,"ingredient in list not named in steps: 3 (wheat_flour, kefir, feta); missing approximate/user-friendly measure: 1; e.g. фета — 11 г",A. looks okay / no fix (low-priority warning review),no,warning
361,r325_parfe_iz_grecheskogo_yogurta_s_yagodami_mindalem_i_med,"Парфе из греческого йогурта с ягодами, миндалем и медом","ingredient in list not named in steps: 3 (blueberries, almonds, honey); missing approximate/user-friendly measure: 1; e.g. миндальные лепестки — 25 г",A. looks okay / no fix (low-priority warning review),no,warning
362,r351_ostrye_rolly_s_kuritsey_avokado_i_pechenym_pertsem,"Острые роллы с курицей, авокадо и печеным перцем","ingredient in list not named in steps: 3 (lime_juice, flour_tortilla, roasted_red_pepper); missing approximate/user-friendly measure: 1; e.g. чеснок — 2,5 г",A. looks okay / no fix (low-priority warning review),no,warning
363,r365_pryanaya_zlakovaya_smes_s_sychuanskim_pertsem_i_hrusty,Пряная злаковая смесь с сычуаньским перцем и хрустящим маслом чили,"ingredient in list not named in steps: 3 (fennel_seed, brown_sugar, chili_oil); missing approximate/user-friendly measure: 1; e.g. жареный несоленый арахис — 18 г",A. looks okay / no fix (low-priority warning review),no,warning
364,r393_arbuzno_ogurechnyy_salat_s_fetoy_myatoy_i_balzamikom,"Арбузно-огуречный салат с фетой, мятой и бальзамиком","ingredient in list not named in steps: 3 (mint, feta, balsamic_glaze); missing approximate/user-friendly measure: 1; e.g. фета — 17 г",A. looks okay / no fix (low-priority warning review),no,warning
365,r613_fasolevyy_pashtet_s_ovoschami_i_tselnozernovymi_hlebts,Фасолевый паштет с овощами и цельнозерновыми хлебцами,"ingredient in list not named in steps: 3 (red_beans, whole_grain_bread, lemon_juice); missing approximate/user-friendly measure: 1; e.g. чеснок — 2 г",A. looks okay / no fix (low-priority warning review),no,warning
366,r099_burrito_dlya_zamorozki_s_batatom_yaytsom_i_chernoy_fas,"Буррито для заморозки с бататом, яйцом и черной фасолью","ingredient in list not named in steps: 2 (red_beans, flour_tortilla); missing approximate/user-friendly measure: 2; e.g. мягкий козий сыр — 14,4 г",A. looks okay / no fix (low-priority warning review),no,warning
367,r241_kurinye_fahitas_s_pertsem_i_salsoy,Куриные фахитас с перцем и сальсой,"ingredient in list not named in steps: 2 (hot_sauce, flour_tortilla); missing approximate/user-friendly measure: 2; e.g. чеснок — 2,5 г",A. looks okay / no fix (low-priority warning review),no,warning
368,r278_tsatsiki_s_morkovyu_ogurtsom_pertsem_i_pitoy,"Цацики с морковью, огурцом, перцем и питой","ingredient in list not named in steps: 2 (lemon_juice, pita); missing approximate/user-friendly measure: 2; e.g. Огурец для соуса — 100 г",A. looks okay / no fix (low-priority warning review),no,warning
369,r295_masala_omlet_maffiny_s_kabachkom_goroshkom_i_fetoy,"Масала-омлет маффины с кабачком, горошком и фетой","ingredient in list not named in steps: 2 (chili_pepper, feta); missing approximate/user-friendly measure: 2; e.g. чеснок — 2,5 г",A. looks okay / no fix (low-priority warning review),no,warning
370,r356_pita_s_humusom_morkovyu_kartofelem_i_fetoy,"Пита с хумусом, морковью, картофелем и фетой","ingredient in list not named in steps: 2 (pita, feta); missing approximate/user-friendly measure: 2; e.g. Хумус — 60 г",A. looks okay / no fix (low-priority warning review),no,warning
371,r648_spiralki_s_vetchinoy_i_slivochnym_syrom,Спиральки с ветчиной и сливочным сыром,"ingredient in list not named in steps: 2 (flour_tortilla, green_onion); missing approximate/user-friendly measure: 2; e.g. сливочный сыр — 30 г",A. looks okay / no fix (low-priority warning review),no,warning
372,r659_baba_ganush_s_pitoy,Баба гануш с питой,"ingredient in list not named in steps: 2 (lemon_juice, pita); missing approximate/user-friendly measure: 2; e.g. тахини — 20 г",A. looks okay / no fix (low-priority warning review),no,warning
373,r004_bananovo_ovsyanye_pankeyki,Бананово-овсяные панкейки,"ingredient in list not named in steps: 3 (egg, oats, berries)",A. looks okay / no fix (low-priority warning review),no,warning
374,r008_yagodnyy_smuzi_boul,Ягодный смузи-боул,"ingredient in list not named in steps: 3 (maple_syrup, whey_protein, almond_butter)",A. looks okay / no fix (low-priority warning review),no,warning
375,r025_ovoschnaya_frittata_s_kozim_syrom_i_zelenyy_lukom,Овощная фриттата с козьим сыром и зеленый луком,"ingredient in list not named in steps: 3 (milk, goat_cheese, green_onion)",A. looks okay / no fix (low-priority warning review),no,warning
376,r104_kremovaya_pasta_s_kuritsey_bryusselskoy_kapustoy_i_gri,"Кремовая паста с курицей, брюссельской капустой и грибами","ingredient in list not named in steps: 3 (chicken_thigh, brussels_sprouts, green_onion)",A. looks okay / no fix (low-priority warning review),no,warning
377,r121_svinaya_vyrezka_s_travami_tykvoy_i_pasternakom,"Свиная вырезка с травами, тыквой и пастернаком","ingredient in list not named in steps: 3 (lemon_juice, oregano, pork_tenderloin)",A. looks okay / no fix (low-priority warning review),no,warning
378,r131_losos_v_tayskom_zelenom_karri_s_kartofelem_i_shpinatom,Лосось в тайском зеленом карри с картофелем и шпинатом,"ingredient in list not named in steps: 3 (thai_curry_paste, salmon, green_onion)",A. looks okay / no fix (low-priority warning review),no,warning
379,r140_zapechennaya_treska_s_limonom_belym_bulonm_i_hrustyasc,"Запеченная треска с лимоном, белым вином и хрустящей крошкой","ingredient in list not named in steps: 3 (lemon_juice, vegetable_broth, green_onion)",A. looks okay / no fix (low-priority warning review),no,warning
380,r156_farshirovannye_pertsy_s_risom_chernoy_fasolyu_i_syrom,"Фаршированные перцы с рисом, черной фасолью и сыром","ingredient in list not named in steps: 3 (tomato_paste, red_beans, corn_kernels)",A. looks okay / no fix (low-priority warning review),no,warning
381,r159_syrnye_burgery_iz_beloy_fasoli_s_pechenymi_tomatami,Сырные бургеры из белой фасоли с печеными томатами,"ingredient in list not named in steps: 3 (red_beans, wheat_flour, whole_grain_bread)",A. looks okay / no fix (low-priority warning review),no,warning
382,r167_tako_s_kinoa_chernoy_fasolyu_i_avokado_sousom,"Тако с киноа, черной фасолью и авокадо-соусом","ingredient in list not named in steps: 3 (tomato_paste, red_beans, chili_pepper)",A. looks okay / no fix (low-priority warning review),no,warning
383,r180_pasta_v_odnoy_kastryule_s_italyanskoy_kolbasoy_i_keylo,Паста в одной кастрюле с итальянской колбасой и кейлом,"ingredient in list not named in steps: 3 (pasta_generic, italian_sausage, italian_seasoning)",A. looks okay / no fix (low-priority warning review),no,warning
384,r194_kolbaski_s_molodym_kartofelem_artishokami_i_pesto_na_p,"Колбаски с молодым картофелем, артишоками и песто на противне","ingredient in list not named in steps: 3 (sausage, red_beans, whole_grain_bread)",A. looks okay / no fix (low-priority warning review),no,warning
385,r216_marokkanskaya_harira_s_govyadinoy_nutom_i_chechevitsey,"Марокканская харира с говядиной, нутом и чечевицей","ingredient in list not named in steps: 3 (ginger, tomato_paste, cornstarch)",A. looks okay / no fix (low-priority warning review),no,warning
386,r316_chernichnyy_smuzi_s_mindalnoy_pastoy_malinoy_i_imbirem,"Черничный смузи с миндальной пастой, малиной и имбирем","ingredient in list not named in steps: 3 (blueberries, cauliflower, ginger)",A. looks okay / no fix (low-priority warning review),no,warning
387,r331_rzhanye_krekery_s_tykvennymi_semechkami,Ржаные крекеры с тыквенными семечками,"ingredient in list not named in steps: 3 (rye_flour, wheat_flour)",A. looks okay / no fix (low-priority warning review),no,warning
388,r332_ovsyanye_lepeshki_krekery_s_makom_i_kunzhutom,Овсяные лепешки-крекеры с маком и кунжутом,"ingredient in list not named in steps: 3 (oat_groats, wheat_flour)",A. looks okay / no fix (low-priority warning review),no,warning
389,r342_zapechennye_grushi_s_klenovym_siropom_i_pryanostyami,Запеченные груши с кленовым сиропом и пряностями,"ingredient in list not named in steps: 3 (maple_syrup, ginger, lemon_juice)",A. looks okay / no fix (low-priority warning review),no,warning
390,r626_grechnevye_oladi_s_kabachkom,Гречневые оладьи с кабачком,"ingredient in list not named in steps: 3 (egg, wheat_flour, cornstarch)",A. looks okay / no fix (low-priority warning review),no,warning
391,r224_zapekanka_s_govyazhim_farshem_tsvetnoy_kapustoy_i_ched,"Запеканка с говяжьим фаршем, цветной капустой и чеддером","missing approximate/user-friendly measure: 3; e.g. чеснок — 1,5 г; ingredient in list not named in steps: 1 (italian_seasoning)",A. looks okay / no fix (low-priority warning review),no,warning
392,r228_enchiladas_so_shpinatom_artishokami_i_chernoy_fasolyu,"Энчиладас со шпинатом, артишоками и черной фасолью","missing approximate/user-friendly measure: 3; e.g. чеснок — 2,5 г; ingredient in list not named in steps: 1 (chili_pepper)",A. looks okay / no fix (low-priority warning review),no,warning
393,r366_tykvennye_semechki_s_chesnokom_parmezanom_i_travami,"Тыквенные семечки с чесноком, пармезаном и травами",missing approximate/user-friendly measure: 3; e.g. сырые тыквенные семечки в оболочке — 40 г; ingredient in list not named in steps: 1 (parsley),A. looks okay / no fix (low-priority warning review),no,warning
394,r041_beygl_klab_s_lososem_yaytsom_i_krem_syrom,"Бейгл-клаб с лососем, яйцом и крем-сыром","ingredient in list not named in steps: 2 (cream_cheese, lemon_juice); missing approximate/user-friendly measure: 1; e.g. крем-сыр — 25 г",A. looks okay / no fix (low-priority warning review),no,warning
395,r064_zapechennaya_bananovaya_ovsyanka_s_arahisovoy_pastoy,Запеченная банановая овсянка с арахисовой пастой,"ingredient in list not named in steps: 2 (wheat_flour, whey_protein); missing approximate/user-friendly measure: 1; e.g. гладкая арахисовая паста — 12 г (8 г внутрь + 4 г сверху)",A. looks okay / no fix (low-priority warning review),no,warning
396,r087_burrito_s_yaichnymi_belkami_shpinatom_i_kartofelem,"Буррито с яичными белками, шпинатом и картофелем","ingredient in list not named in steps: 2 (flour_tortilla, egg_white); missing approximate/user-friendly measure: 1; e.g. Моцарелла — 56,7 г",A. looks okay / no fix (low-priority warning review),no,warning
397,r105_zapekanka_s_kuritsey_risom_i_brokkoli,"Запеканка с курицей, рисом и брокколи","ingredient in list not named in steps: 2 (chicken_broth, gouda); missing approximate/user-friendly measure: 1; e.g. тертый пармезан — 6,25 г",A. looks okay / no fix (low-priority warning review),no,warning
398,r117_meze_frikadelki_iz_govyadiny_s_pitoy,Мезе-фрикадельки из говядины с питой,"ingredient in list not named in steps: 2 (oregano, wheat_flour); missing approximate/user-friendly measure: 1; e.g. хумус — 50 г",A. looks okay / no fix (low-priority warning review),no,warning
399,r175_veganskiy_gribnoy_stroganov_s_lapshoy,Веганский грибной строганов с лапшой,"ingredient in list not named in steps: 2 (pasta_generic, green_onion); missing approximate/user-friendly measure: 1; e.g. сырые кешью — 20 г",A. looks okay / no fix (low-priority warning review),no,warning
400,r202_lanch_bouly_s_bulgurom_kinoa_avokado_i_svekloy,"Ланч-боулы с булгуром, киноа, авокадо и свеклой","ingredient in list not named in steps: 2 (mint, orange); missing approximate/user-friendly measure: 1; e.g. Поджаренные кедровые орехи — 4,5 г",A. looks okay / no fix (low-priority warning review),no,warning
401,r218_kurinoe_ragu_v_staute_s_bekonom_morkovyu_i_gribami,"Куриное рагу в стауте с беконом, морковью и грибами","ingredient in list not named in steps: 2 (wheat_flour, chicken_thigh); missing approximate/user-friendly measure: 1; e.g. чеснок — 2,5 г",A. looks okay / no fix (low-priority warning review),no,warning
402,r240_tunets_so_shpinatom_olivkami_fetoy_i_yogurtovoy_zaprav,"Тунец со шпинатом, оливками, фетой и йогуртовой заправкой","ingredient in list not named in steps: 2 (tomato, feta); missing approximate/user-friendly measure: 1; e.g. Фета — 40 г",A. looks okay / no fix (low-priority warning review),no,warning
403,r261_bystrye_syrniki_s_yogurtom,Быстрые сырники с йогуртом,"ingredient in list not named in steps: 2 (wheat_flour, honey); missing approximate/user-friendly measure: 1; e.g. Творог 5% — 180 г",A. looks okay / no fix (low-priority warning review),no,warning
404,r264_tvorozhnyy_dip_s_semechkami_i_ovoschami,Творожный дип с семечками и овощами,"ingredient in list not named in steps: 2 (pumpkin_seeds, coconut_flakes); missing approximate/user-friendly measure: 1; e.g. Творог 5% — 180 г",A. looks okay / no fix (low-priority warning review),no,warning
405,r273_zelenyy_humus_s_bazilikom_petrushkoy_i_ovoschnymi_palo,"Зеленый хумус с базиликом, петрушкой и овощными палочками","ingredient in list not named in steps: 2 (chili_oil, carrot); missing approximate/user-friendly measure: 1; e.g. чеснок — 1 г",A. looks okay / no fix (low-priority warning review),no,warning
406,r275_dip_iz_beloy_fasoli_s_pitta_chipsami,Дип из белой фасоли с питта-чипсами,"ingredient in list not named in steps: 2 (red_beans, oregano); missing approximate/user-friendly measure: 1; e.g. чеснок — 1,5 г",A. looks okay / no fix (low-priority warning review),no,warning
407,r281_tosty_s_goroshkom_myatoy_i_fetoy,"Тосты с горошком, мятой и фетой","ingredient in list not named in steps: 2 (mint, feta); missing approximate/user-friendly measure: 1; e.g. фета — 17 г",A. looks okay / no fix (low-priority warning review),no,warning
408,r283_krostini_s_rikottoy_inzhirom_i_proshutto,"Кростини с рикоттой, инжиром и прошутто","ingredient in list not named in steps: 2 (whole_grain_bread, honey); missing approximate/user-friendly measure: 1; e.g. рикотта — 21 г",A. looks okay / no fix (low-priority warning review),no,warning
409,r284_ogurechnye_tosty_s_rikottoy_i_zelenyu,Огуречные тосты с рикоттой и зеленью,"ingredient in list not named in steps: 2 (mint, cucumber); missing approximate/user-friendly measure: 1; e.g. рикотта из цельного молока — 60 г",A. looks okay / no fix (low-priority warning review),no,warning
410,r298_mini_omlety_s_fetoy_krasnym_pertsem_shpinatom_i_olivka,"Мини-омлеты с фетой, красным перцем, шпинатом и оливками","ingredient in list not named in steps: 2 (oregano, feta); missing approximate/user-friendly measure: 1; e.g. фета — 7 г",A. looks okay / no fix (low-priority warning review),no,warning
411,r309_bananovye_maffiny_s_klenovym_siropom_i_gretskimi_oreha,Банановые маффины с кленовым сиропом и грецкими орехами,ingredient in list not named in steps: 2 (wheat_flour); missing approximate/user-friendly measure: 1; e.g. грецкие орехи — 5 г,A. looks okay / no fix (low-priority warning review),no,warning
412,r323_tvorog_s_malinovym_medom_i_semechkami,Творог с малиновым медом и семечками,"ingredient in list not named in steps: 2 (honey, sunflower_seeds_salted); missing approximate/user-friendly measure: 1; e.g. низкожирный творог — 110 г",A. looks okay / no fix (low-priority warning review),no,warning
413,r330_tvorozhnyy_tiramisu_s_kofe,Творожный тирамису с кофе,"ingredient in list not named in steps: 2 (ladyfingers, coffee_brewed); missing approximate/user-friendly measure: 1; e.g. Творог 5% — 180 г",A. looks okay / no fix (low-priority warning review),no,warning
414,r340_parmezanovye_chipsy_s_travami,Пармезановые чипсы с травами,"ingredient in list not named in steps: 2 (wheat_flour, greens); missing approximate/user-friendly measure: 1; e.g. пармезан, свеженатертый — 12 г",A. looks okay / no fix (low-priority warning review),no,warning
415,r358_hrustyaschiy_tofu_v_salatnyh_listyah_s_arahisovym_sous,Хрустящий тофу в салатных листьях с арахисовым соусом,"ingredient in list not named in steps: 2 (cornstarch, grilled_vegetables); missing approximate/user-friendly measure: 1; e.g. кремовая арахисовая паста — 8 г",A. looks okay / no fix (low-priority warning review),no,warning
416,r359_tsvetnye_salatnye_chashechki_s_humusom_lapshoy_soba_i_,"Цветные салатные чашечки с хумусом, лапшой соба и быстрыми маринованными овощами","ingredient in list not named in steps: 2 (grilled_vegetables, soy_sauce); missing approximate/user-friendly measure: 1; e.g. хумус — 45 г",A. looks okay / no fix (low-priority warning review),no,warning
417,r655_smuzi_boul_s_arahisovoy_pastoy,Смузи-боул с арахисовой пастой,"ingredient in list not named in steps: 2 (peanut_butter, sunflower_seeds); missing approximate/user-friendly measure: 1; e.g. арахисовая паста — 15 г",A. looks okay / no fix (low-priority warning review),no,warning
418,r023_zapechennaya_frittata_so_shpinatom_pertsem_i_tomatami,"Запеченная фриттата со шпинатом, перцем и томатами",missing approximate/user-friendly measure: 2; e.g. нежирный зерненый творог — 75 г; ingredient in list not named in steps: 1 (roasted_red_pepper),A. looks okay / no fix (low-priority warning review),no,warning
419,r183_kurinyy_biryani_s_izyumom_i_mindalem,Куриный бирьяни с изюмом и миндалем,missing approximate/user-friendly measure: 2; e.g. паста балти карри или мягкая индийская карри-паста — 15 г; ingredient in list not named in steps: 1 (thai_curry_paste),A. looks okay / no fix (low-priority warning review),no,warning
420,r208_sredizemnomorskiy_boul_s_kuritsey_kinoa_i_sousom_iz_pe,"Средиземноморский боул с курицей, киноа и соусом из печеного перца",missing approximate/user-friendly measure: 2; e.g. Миндальные лепестки — 6 г; ingredient in list not named in steps: 1 (feta),A. looks okay / no fix (low-priority warning review),no,warning
421,r322_tvorozhnaya_chasha_s_yagodami_gretskim_orehom_i_hrusty,"Творожная чаша с ягодами, грецким орехом и хрустящими хлопьями",missing approximate/user-friendly measure: 2; e.g. низкожирный творог без соли — 110 г; ingredient in list not named in steps: 1 (cereal_flakes),A. looks okay / no fix (low-priority warning review),no,warning
422,r328_tost_s_rikottoy_persikom_fistashkami_i_medom,"Тост с рикоттой, персиком, фисташками и медом",missing approximate/user-friendly measure: 2; e.g. рикотта частично обезжиренная — 15 г; ingredient in list not named in steps: 1 (honey),A. looks okay / no fix (low-priority warning review),no,warning
423,r343_yablochnye_dolki_s_tvorozhno_arahisovym_dipom,Яблочные дольки с творожно-арахисовым дипом,missing approximate/user-friendly measure: 2; e.g. Творог 5% — 160 г; ingredient in list not named in steps: 1 (peanut_butter),A. looks okay / no fix (low-priority warning review),no,warning
424,r354_mini_pity_s_pryanoy_kurinoy_nachinkoy_izyumom_i_yogurt,"Мини-питы с пряной куриной начинкой, изюмом и йогуртом","missing approximate/user-friendly measure: 2; e.g. чеснок — 2,5 г; ingredient in list not named in steps: 1 (pita)",A. looks okay / no fix (low-priority warning review),no,warning
425,r641_roll_kapreze,Ролл капрезе,missing approximate/user-friendly measure: 2; e.g. песто — 10 г; ingredient in list not named in steps: 1 (flour_tortilla),A. looks okay / no fix (low-priority warning review),no,warning
426,r651_finiki_s_bananom_i_mindalnoy_pastoy,Финики с бананом и миндальной пастой,missing approximate/user-friendly measure: 2; e.g. финики — 35 г; ingredient in list not named in steps: 1 (almond_butter),A. looks okay / no fix (low-priority warning review),no,warning
427,r005_chia_puding,Чиа-пудинг,"ingredient in list not named in steps: 2 (chia_seeds, maple_syrup)",A. looks okay / no fix (low-priority warning review),no,warning
428,r009_klassicheskaya_ovsyanaya_kasha,Классическая овсяная каша,"ingredient in list not named in steps: 2 (oats, honey)",A. looks okay / no fix (low-priority warning review),no,warning
429,r013_birher_s_kinoa_persikom_i_imbirem,"Бирхер с киноа, персиком и имбирем","ingredient in list not named in steps: 2 (ginger, milk)",A. looks okay / no fix (low-priority warning review),no,warning
430,r017_tykvennaya_pryanaya_ovsyanka,Тыквенная пряная овсянка,"ingredient in list not named in steps: 2 (milk, cranberries_dried)",A. looks okay / no fix (low-priority warning review),no,warning
431,r024_frittata_s_brokkoli_zelenym_lukom_i_fetoy,"Фриттата с брокколи, зеленым луком и фетой","ingredient in list not named in steps: 2 (almond_milk, feta)",A. looks okay / no fix (low-priority warning review),no,warning
432,r028_zapechennye_yaytsa_so_shpinatom_kanadskim_bekonom_i_ch,"Запеченные яйца со шпинатом, канадским беконом и чеддером","ingredient in list not named in steps: 2 (egg, cream)",A. looks okay / no fix (low-priority warning review),no,warning
433,r031_amerikanskie_pankeyki,Американские панкейки,"ingredient in list not named in steps: 2 (wheat_flour, maple_syrup)",A. looks okay / no fix (low-priority warning review),no,warning
434,r036_prostye_tselnozernovye_pankeyki_s_chernikoy,Простые цельнозерновые панкейки с черникой,"ingredient in list not named in steps: 2 (wheat_flour, honey)",A. looks okay / no fix (low-priority warning review),no,warning
435,r037_bazovye_krepy,Базовые крепы,"ingredient in list not named in steps: 2 (milk, wheat_flour)",A. looks okay / no fix (low-priority warning review),no,warning
436,r068_ovoschnaya_zapekanka_s_batatom_sparzhey_i_fetoy,"Овощная запеканка с бататом, спаржей и фетой","ingredient in list not named in steps: 2 (almond_milk, feta)",A. looks okay / no fix (low-priority warning review),no,warning
437,r076_bystryy_nasi_goreng_s_ovoschami_i_zharenym_yaytsom,Быстрый наси горенг с овощами и жареным яйцом,"ingredient in list not named in steps: 2 (onion, napa_cabbage)",A. looks okay / no fix (low-priority warning review),no,warning
438,r081_yaytsa_s_krasnoy_fasolyu_i_avokado_na_odnoy_skovorode,Яйца с красной фасолью и авокадо на одной сковороде,"ingredient in list not named in steps: 2 (chili_pepper, red_beans)",A. looks okay / no fix (low-priority warning review),no,warning
439,r088_batat_tost_so_shpinatom_yaytsom_i_ostrym_sousom,"Батат-тост со шпинатом, яйцом и острым соусом","ingredient in list not named in steps: 2 (green_onion, hot_sauce)",A. looks okay / no fix (low-priority warning review),no,warning
440,r096_ovoschnye_yaichnye_maffiny_s_fetoy,Овощные яичные маффины с фетой,"ingredient in list not named in steps: 2 (wheat_flour, feta)",A. looks okay / no fix (low-priority warning review),no,warning
441,r107_kurinoe_bedro_s_kapustoy_i_yablokom,Куриное бедро с капустой и яблоком,"ingredient in list not named in steps: 2 (chicken_thigh_skinless, lemon_juice)",A. looks okay / no fix (low-priority warning review),no,warning
442,r108_kuritsa_s_kolbaskami_i_bryusselskoy_kapustoy_na_odnoy_,Курица с колбасками и брюссельской капустой на одной сковороде,"ingredient in list not named in steps: 2 (chicken_thigh, italian_sausage)",A. looks okay / no fix (low-priority warning review),no,warning
443,r114_pulkogi_iz_govyadiny,Пулькоги из говядины,"ingredient in list not named in steps: 2 (ginger, beef_sirloin)",A. looks okay / no fix (low-priority warning review),no,warning
444,r116_marokkanskie_frikadelki_iz_baraniny_s_kuskusom,Марокканские фрикадельки из баранины с кускусом,"ingredient in list not named in steps: 2 (mint, tomato_paste)",A. looks okay / no fix (low-priority warning review),no,warning
445,r118_kuritsa_s_kartofelem_i_grecheskim_yogurtom,Курица с картофелем и греческим йогуртом,"ingredient in list not named in steps: 2 (cucumber, lemon_juice)",A. looks okay / no fix (low-priority warning review),no,warning
446,r127_krambl_s_vetchinoy_lukom_poreem_i_korneplodami,"Крамбл с ветчиной, луком-пореем и корнеплодами","ingredient in list not named in steps: 2 (wheat_flour, vegetable_broth)",A. looks okay / no fix (low-priority warning review),no,warning
447,r129_zapekanka_s_vetchinoy_brokkoli_risom_i_bekonom,"Запеканка с ветчиной, брокколи, рисом и беконом","ingredient in list not named in steps: 2 (wheat_flour, crackers)",A. looks okay / no fix (low-priority warning review),no,warning
448,r136_treska_s_tomatami_pertsami_maslinami_i_beloy_fasolyu,"Треска с томатами, перцами, маслинами и белой фасолью","ingredient in list not named in steps: 2 (olives, red_beans)",A. looks okay / no fix (low-priority warning review),no,warning
449,r137_ryba_s_batatnymi_dolkami_myatnym_goroshkom_i_yogurtovy,"Рыба с бататными дольками, мятным горошком и йогуртовым тартаром","ingredient in list not named in steps: 2 (milk, mint)",A. looks okay / no fix (low-priority warning review),no,warning
450,r139_belaya_ryba_pikkata_s_limonno_kapersovym_maslyanym_sou,Белая рыба пикката с лимонно-каперсовым масляным соусом,"ingredient in list not named in steps: 2 (wheat_flour, white_fish)",A. looks okay / no fix (low-priority warning review),no,warning
451,r141_spagetti_s_korolevskimi_krevetkami_harissoy_i_brokkoli,"Спагетти с королевскими креветками, томатно-перечным соусом и брокколи","ingredient in list not named in steps: 2 (tomato_paste, lemon_juice)",A. looks okay / no fix (low-priority warning review),no,warning
452,r151_dal_iz_krasnoy_chechevitsy_so_shpinatom_i_batatom,Дал из красной чечевицы со шпинатом и бататом,"ingredient in list not named in steps: 2 (ginger, green_onion)",A. looks okay / no fix (low-priority warning review),no,warning
453,r165_kokosovoe_karri_s_nutom_shpinatom_i_risom,"Кокосовое карри с нутом, шпинатом и рисом","ingredient in list not named in steps: 2 (ginger, rice)",A. looks okay / no fix (low-priority warning review),no,warning
454,r169_veganskie_burgery_iz_chernoy_fasoli_ovsa_i_gribov,"Веганские бургеры из черной фасоли, овса и грибов","ingredient in list not named in steps: 2 (red_beans, onion)",A. looks okay / no fix (low-priority warning review),no,warning
455,r186_boul_s_batatom_fasolyu_i_risom,"Боул с бататом, фасолью и рисом","ingredient in list not named in steps: 2 (red_beans, hot_sauce)",A. looks okay / no fix (low-priority warning review),no,warning
456,r188_kuritsa_s_risom_i_yaytsom,Курица с рисом и яйцом,"ingredient in list not named in steps: 2 (rice, onion)",A. looks okay / no fix (low-priority warning review),no,warning
457,r191_svinye_kolbaski_s_batatom_kukuruzoy_i_mango_na_protivn,"Свиные колбаски с бататом, кукурузой и манго на противне","ingredient in list not named in steps: 2 (corn_cob, oregano)",A. looks okay / no fix (low-priority warning review),no,warning
458,r193_tayskaya_skumbriya_s_batatom_i_pertsami_na_protivne,Тайская скумбрия с бататом и перцами на противне,"ingredient in list not named in steps: 2 (ginger, green_onion)",A. looks okay / no fix (low-priority warning review),no,warning
459,r195_kurinye_bedra_s_krasnoy_kapustoy_i_batatom_na_protivne,Куриные бедра с красной капустой и бататом на противне,"ingredient in list not named in steps: 2 (chicken_thigh, red_cabbage)",A. looks okay / no fix (low-priority warning review),no,warning
460,r198_batat_s_fasolyu_risom_i_avokado,"Батат с фасолью, рисом и авокадо","ingredient in list not named in steps: 2 (bell_pepper, lime_juice)",A. looks okay / no fix (low-priority warning review),no,warning
461,r205_poke_boul_s_krevetkami_risom_i_mango,"Поке-боул с креветками, рисом и манго","ingredient in list not named in steps: 2 (soy_sauce, lime_juice)",A. looks okay / no fix (low-priority warning review),no,warning
462,r254_edamame_s_yaytsom_i_kunzhutom,Зеленый горошек с яйцом и кунжутом,"ingredient in list not named in steps: 2 (soy_sauce, lemon_juice)",A. looks okay / no fix (low-priority warning review),no,warning
463,r305_ovsyano_yablochnye_maffiny_s_yablochnym_pyure,Овсяно-яблочные маффины с яблочным пюре,"ingredient in list not named in steps: 2 (wheat_flour, oats)",A. looks okay / no fix (low-priority warning review),no,warning
464,r307_bananovo_ovsyanye_maffiny_s_korichnevym_maslom,Бананово-овсяные маффины с коричневым маслом,"ingredient in list not named in steps: 2 (wheat_flour, oats)",A. looks okay / no fix (low-priority warning review),no,warning
465,r355_roll_s_indeykoy_romenom_i_klyukvennym_sousom,"Ролл с индейкой, ромэном и клюквенным соусом","ingredient in list not named in steps: 2 (cream_cheese, turkey_or_chicken_breast)",A. looks okay / no fix (low-priority warning review),no,warning
466,r618_salat_iz_fasoli_s_ovoschami,Салат из фасоли с овощами,"ingredient in list not named in steps: 2 (red_beans, lemon_juice)",A. looks okay / no fix (low-priority warning review),no,warning
467,r625_sytnye_ovsyanye_oladi_s_lukom,Сытные овсяные оладьи с луком,"ingredient in list not named in steps: 2 (chicken_broth, wheat_flour)",A. looks okay / no fix (low-priority warning review),no,warning
468,r637_bystryy_sup_s_nutom_i_kuritsey,Быстрый суп с нутом и курицей,"ingredient in list not named in steps: 2 (parsley, dill)",A. looks okay / no fix (low-priority warning review),no,warning
469,r639_salat_s_krevetkami_i_cherri,Салат с креветками и черри,"ingredient in list not named in steps: 2 (lettuce, tomato)",A. looks okay / no fix (low-priority warning review),no,warning
470,r221_kurinaya_pasta_zapekanka_s_maskarpone_i_tomatami,Куриная паста-запеканка с маскарпоне и томатами,"missing approximate/user-friendly measure: 3; e.g. чеснок — 1,5 г",A. looks okay / no fix (low-priority warning review),no,warning
471,r287_krostini_s_vzbitoy_fetoy_i_tomatami,Кростини с взбитой фетой и томатами,missing approximate/user-friendly measure: 3; e.g. фета — 24 г,A. looks okay / no fix (low-priority warning review),no,warning
472,r367_rozmarinovye_orehi_v_slivochnom_masle_s_kayenom,Розмариновые орехи в сливочном масле с кайеном,missing approximate/user-friendly measure: 3; e.g. сырой миндаль — 18 г,A. looks okay / no fix (low-priority warning review),no,warning
473,r020_domashnyaya_granola_s_gretskimi_orehami_i_klyukvoy,Домашняя гранола с грецкими орехами и клюквой,"ingredient in list not named in steps: 1 (almond_butter); missing approximate/user-friendly measure: 1; e.g. кремовая миндальная паста — 6,4 г",A. looks okay / no fix (low-priority warning review),no,warning
474,r038_gollandskiy_blin_iz_duhovki,Голландский блин из духовки,"ingredient in list not named in steps: 1 (wheat_flour); missing approximate/user-friendly measure: 1; e.g. молотый мускатный орех — 0,25 г",A. looks okay / no fix (low-priority warning review),no,warning
475,r045_rolly_s_kopchenym_lososem_slivochnym_syrom_i_tsukini,"Роллы с копченым лососем, сливочным сыром и цукини",ingredient in list not named in steps: 1 (salmon); missing approximate/user-friendly measure: 1; e.g. легкий сливочный сыр — 20 г,A. looks okay / no fix (low-priority warning review),no,warning
476,r054_vanilno_mindalnaya_chia_ovsyanaya_chasha_s_chernikoy,Ванильно-миндальная чиа-овсяная чаша с черникой,"ingredient in list not named in steps: 1 (honey); missing approximate/user-friendly measure: 1; e.g. Миндальные лепестки — 12,5 г",A. looks okay / no fix (low-priority warning review),no,warning
477,r066_zapechennaya_ovsyanka_s_malinoy_kokosom_i_gretskimi_or,"Запеченная овсянка с малиной, кокосом и грецкими орехами",ingredient in list not named in steps: 1 (coconut_flakes); missing approximate/user-friendly measure: 1; e.g. грецкие орехи — 20 г,A. looks okay / no fix (low-priority warning review),no,warning
478,r080_ovoschnaya_mannaya_kasha_s_yaytsom_i_keshyu,Овощная манная каша с яйцом и кешью,ingredient in list not named in steps: 1 (semolina); missing approximate/user-friendly measure: 1; e.g. кешью — 15 г,A. looks okay / no fix (low-priority warning review),no,warning
479,r084_kesadilya_na_zavtrak_s_yaytsami_fasolyu_i_chedderom,"Кесадилья на завтрак с яйцами, фасолью и чеддером",ingredient in list not named in steps: 1 (red_beans); missing approximate/user-friendly measure: 1; e.g. сальса — 30 г,A. looks okay / no fix (low-priority warning review),no,warning
480,r097_yaichnye_kesadili_so_shpinatom_chedderom_i_halapeno,"Яичные кесадильи со шпинатом, чеддером и халапеньо","ingredient in list not named in steps: 1 (flour_tortilla); missing approximate/user-friendly measure: 1; e.g. сальса — 26,7 г сверху",A. looks okay / no fix (low-priority warning review),no,warning
481,r142_tselnozernovaya_pasta_s_tomatnym_sousom_i_morskim_miks,Цельнозерновая паста с томатным соусом и морским миксом,"ingredient in list not named in steps: 1 (tomato_paste); missing approximate/user-friendly measure: 1; e.g. томатная паста — 22,5 г",A. looks okay / no fix (low-priority warning review),no,warning
482,r148_orzo_s_midiyami_cherri_i_chesnochnym_maslom_v_odnoy_sk,"Орзо с мидиями, черри и чесночным маслом в одной сковороде",ingredient in list not named in steps: 1 (tomato_paste); missing approximate/user-friendly measure: 1; e.g. томатная паста — 15 г,A. looks okay / no fix (low-priority warning review),no,warning
483,r149_pasta_s_shafranom_midiyami_grebeshkami_i_krevetkami,"Паста с шафраном, мидиями, гребешками и креветками",ingredient in list not named in steps: 1 (scallops); missing approximate/user-friendly measure: 1; e.g. длинные фузилли или другая паста или другая длинная тонкая паста — 100 г,A. looks okay / no fix (low-priority warning review),no,warning
484,r173_ovoschnaya_lazanya_s_tsukini_shpinatom_i_tvorozhnoy_na,"Овощная лазанья с цукини, шпинатом и творожной начинкой","ingredient in list not named in steps: 1 (pasta_generic); missing approximate/user-friendly measure: 1; e.g. зерненый творог — 56,2 г",A. looks okay / no fix (low-priority warning review),no,warning
485,r196_kartofel_so_shpinatnoy_nachinkoy_v_stile_spanakopity,Картофель со шпинатной начинкой в стиле спанакопиты,"ingredient in list not named in steps: 1 (oregano); missing approximate/user-friendly measure: 1; e.g. облегченный крем-сыр — 9,38 г",A. looks okay / no fix (low-priority warning review),no,warning
486,r203_zernovoy_boul_s_indeykoy_chipotle_i_avokado,Зерновой боул с индейкой чипотле и авокадо,ingredient in list not named in steps: 1 (lime_juice); missing approximate/user-friendly measure: 1; e.g. Паста чипотле — 8 г,A. looks okay / no fix (low-priority warning review),no,warning
487,r233_tako_salat_s_kuritsey_keylom_fasolyu_i_avokado_ranch,"Тако-салат с курицей, кейлом, фасолью и авокадо-ранч",ingredient in list not named in steps: 1 (chicken_breast); missing approximate/user-friendly measure: 1; e.g. чеддер — 9 г,A. looks okay / no fix (low-priority warning review),no,warning
488,r248_barani_kebaby_mergez_s_morkovno_yogurtovym_sousom,Бараньи кебабы мергез с морковно-йогуртовым соусом,"ingredient in list not named in steps: 1 (mint); missing approximate/user-friendly measure: 1; e.g. чеснок — 2,5 г",A. looks okay / no fix (low-priority warning review),no,warning
489,r252_lavash_roll_s_kuritsey_i_ovoschami,Лаваш-ролл с курицей и овощами,ingredient in list not named in steps: 1 (cream_cheese); missing approximate/user-friendly measure: 1; e.g. Творожный сыр — 45 г,A. looks okay / no fix (low-priority warning review),no,warning
490,r268_roll_s_indeykoy_tvorozhnym_syrom_i_ogurtsom,"Ролл с индейкой, творожным сыром и огурцом",ingredient in list not named in steps: 1 (cream_cheese); missing approximate/user-friendly measure: 1; e.g. Творожный сыр — 45 г,A. looks okay / no fix (low-priority warning review),no,warning
491,r272_humus_iz_ovoschey_gril_s_pittoy_i_krudite,Хумус из овощей гриль с питтой и крудите,ingredient in list not named in steps: 1 (celery); missing approximate/user-friendly measure: 1; e.g. чеснок — 1 г,A. looks okay / no fix (low-priority warning review),no,warning
492,r289_tost_s_kuritsey_shampinonami_i_syrom,"Тост с курицей, шампиньонами и сыром",ingredient in list not named in steps: 1 (whole_grain_bread); missing approximate/user-friendly measure: 1; e.g. Сыр гауда — 25 г,A. looks okay / no fix (low-priority warning review),no,warning
493,r310_ovsyanyy_pankeyk_s_yablokom_na_kefire,Овсяный панкейк с яблоком на кефире,ingredient in list not named in steps: 1 (oats); missing approximate/user-friendly measure: 1; e.g. Творог 5% — 80 г,A. looks okay / no fix (low-priority warning review),no,warning
494,r311_smuzi_s_arahisovoy_pastoy_bananom_i_ovsom,"Смузи с арахисовой пастой, бананом и овсом",ingredient in list not named in steps: 1 (peanut_butter); missing approximate/user-friendly measure: 1; e.g. арахисовая паста — 13 г,A. looks okay / no fix (low-priority warning review),no,warning
495,r363_hrustyaschiy_nut_s_yogurtovym_sousom,Хрустящий нут с йогуртовым соусом,ingredient in list not named in steps: 1 (lemon_juice); missing approximate/user-friendly measure: 1; e.g. Арахис — 15 г,A. looks okay / no fix (low-priority warning review),no,warning
496,r368_pryanye_zapechennye_gretskie_orehi_s_klenovym_siropom,Пряные запеченные грецкие орехи с кленовым сиропом,ingredient in list not named in steps: 1 (ginger); missing approximate/user-friendly measure: 1; e.g. половинки грецких орехов — 40 г,A. looks okay / no fix (low-priority warning review),no,warning
497,r369_klassicheskaya_pryanaya_zlakovaya_smes_s_prettselyami_,Классическая пряная злаковая смесь с претцелями и орехами,ingredient in list not named in steps: 1 (mixed_nuts); missing approximate/user-friendly measure: 1; e.g. смешанные орехи — 6 г,A. looks okay / no fix (low-priority warning review),no,warning
498,r390_hrustyaschie_zapechennye_naggetsy_iz_tofu_v_orehovoy_p,Хрустящие запеченные наггетсы из тофу в ореховой панировке,ingredient in list not named in steps: 1 (breadcrumbs); missing approximate/user-friendly measure: 1; e.g. Кешью — 25 г,A. looks okay / no fix (low-priority warning review),no,warning
499,r611_lavash_s_kuritsey_i_nutovoy_pastoy,Лаваш с курицей и нутовой пастой,ingredient in list not named in steps: 1 (lemon_juice); missing approximate/user-friendly measure: 1; e.g. чеснок — 2 г,A. looks okay / no fix (low-priority warning review),no,warning
500,r614_chechevichnyy_pashtet_na_ogurechnyh_kruzhochkah,Чечевичный паштет на огуречных кружочках,ingredient in list not named in steps: 1 (lemon_juice); missing approximate/user-friendly measure: 1; e.g. чеснок — 2 г,A. looks okay / no fix (low-priority warning review),no,warning
501,r634_boul_s_burym_risom_forelyu_i_ogurtsom,"Боул с бурым рисом, форелью и огурцом",ingredient in list not named in steps: 1 (trout); missing approximate/user-friendly measure: 1; e.g. домашний майонез — 12 г,A. looks okay / no fix (low-priority warning review),no,warning
502,r645_syrnye_palochki,Сырные палочки,ingredient in list not named in steps: 1 (breadcrumbs); missing approximate/user-friendly measure: 1; e.g. моцарелла — 80 г,A. looks okay / no fix (low-priority warning review),no,warning
503,r647_kesadilya_s_yablokom_i_chedderom,Кесадилья с яблоком и чеддером,ingredient in list not named in steps: 1 (flour_tortilla); missing approximate/user-friendly measure: 1; e.g. чеддер — 40 г,A. looks okay / no fix (low-priority warning review),no,warning
504,r657_veganskaya_shakshuka_s_tofu,Веганская шакшука с тофу,ingredient in list not named in steps: 1 (pita); missing approximate/user-friendly measure: 1; e.g. чеснок — 3 г,A. looks okay / no fix (low-priority warning review),no,warning
505,r040_belkovaya_yaichnaya_zapekanka_s_gribami_keylom_i_syrom,"Белковая яичная запеканка с грибами, кейлом и сыром",missing approximate/user-friendly measure: 2; e.g. творожный сыр зерненый творог 2% — 20 г,A. looks okay / no fix (low-priority warning review),no,warning
506,r321_tvorozhnyy_desert_v_banke_s_persikom_i_gretskim_orehom,Творожный десерт в банке с персиком и пеканом,missing approximate/user-friendly measure: 2; e.g. низкожирный творог без соли — 120 г,A. looks okay / no fix (low-priority warning review),no,warning
507,r654_kapellini_s_pesto_i_kuritsey,Капеллини с песто и курицей,missing approximate/user-friendly measure: 2; e.g. цельнозерновая паста — 80 г,A. looks okay / no fix (low-priority warning review),no,warning
508,r003_shakshuka,Шакшука,ingredient in list not named in steps: 1 (chili_pepper),A. looks okay / no fix (low-priority warning review),no,warning
509,r006_burrito_na_zavtrak,Буррито на завтрак,ingredient in list not named in steps: 1 (hot_sauce),A. looks okay / no fix (low-priority warning review),no,warning
510,r032_ovsyanye_pankeyki_v_blendere,Овсяные панкейки в блендере,ingredient in list not named in steps: 1 (berries),A. looks okay / no fix (low-priority warning review),no,warning
511,r033_mini_pankeyki_s_koritsey_v_stile_sopapilya,Мини-панкейки с корицей в стиле сопапилья,ingredient in list not named in steps: 1 (wheat_flour),A. looks okay / no fix (low-priority warning review),no,warning
512,r035_klassicheskie_vafli,Классические вафли,ingredient in list not named in steps: 1 (wheat_flour),A. looks okay / no fix (low-priority warning review),no,warning
513,r039_zapechennaya_ovsyanka_s_chernikoy_limonom_i_kardamonom,"Запеченная овсянка с черникой, лимоном и кардамоном",ingredient in list not named in steps: 1 (blueberries),A. looks okay / no fix (low-priority warning review),no,warning
514,r047_angliyskiy_maffin_s_yaytsom_syrom_i_sosisochnoy_kotlet,"Английский маффин с яйцом, сыром и сосисочной котлетой",ingredient in list not named in steps: 1 (sausage),A. looks okay / no fix (low-priority warning review),no,warning
515,r051_tropicheskiy_smuzi_boul_s_mango_i_ananasom,Тропический смузи-боул с манго и ананасом,ingredient in list not named in steps: 1 (mint),A. looks okay / no fix (low-priority warning review),no,warning
516,r055_malinovo_persikovyy_mango_boul_s_grecheskim_yogurtom,Малиново-персиковый манго-боул с греческим йогуртом,ingredient in list not named in steps: 1 (coconut_flakes),A. looks okay / no fix (low-priority warning review),no,warning
517,r058_tropicheskaya_yogurtovaya_chasha_s_greypfrutom_i_manda,Тропическая йогуртовая чаша с грейпфрутом и мандаринами,ingredient in list not named in steps: 1 (orange),A. looks okay / no fix (low-priority warning review),no,warning
518,r060_chia_chasha_s_arahisovoy_pastoy_i_yagodnym_yagodnyy_so,Чиа-чаша с арахисовой пастой и ягодным ягодный соусом,ingredient in list not named in steps: 1 (orange),A. looks okay / no fix (low-priority warning review),no,warning
519,r069_tselnozernovoy_bananovyy_hleb_s_medom,Цельнозерновой банановый хлеб с медом,ingredient in list not named in steps: 1 (wheat_flour),A. looks okay / no fix (low-priority warning review),no,warning
520,r071_kurinyy_kondzhi_s_imbirem_i_zelenym_lukom,Куриный конджи с имбирем и зеленым луком,ingredient in list not named in steps: 1 (ginger),A. looks okay / no fix (low-priority warning review),no,warning
521,r072_klassicheskiy_kedzheri_s_kopchenoy_pikshey_i_yaytsami,Классический кеджери с копченой пикшей и яйцами,ingredient in list not named in steps: 1 (smoked_white_fish),A. looks okay / no fix (low-priority warning review),no,warning
522,r086_menemen_s_tomatami_zelenym_pertsem_i_myagkimi_yaytsami,"Менемен с томатами, зеленым перцем и мягкими яйцами",ingredient in list not named in steps: 1 (oregano),A. looks okay / no fix (low-priority warning review),no,warning
523,r091_belkovaya_ovsyanka_na_noch_s_yagodami_arahisovoy_pasto,"Белковая овсянка на ночь с ягодами, арахисовой пастой и греческим йогуртом",ingredient in list not named in steps: 1 (whey_protein),A. looks okay / no fix (low-priority warning review),no,warning
524,r094_skrembl_s_fetoy_shpinatom_i_tomatami,"Скрэмбл с фетой, шпинатом и томатами",ingredient in list not named in steps: 1 (feta),A. looks okay / no fix (low-priority warning review),no,warning
525,r101_kuritsa_kachchatore_s_orzo,Курица каччаторе с орзо,ingredient in list not named in steps: 1 (chicken_thigh),A. looks okay / no fix (low-priority warning review),no,warning
526,r103_limonnaya_kuritsa_s_kartofelem_i_keylom,Лимонная курица с картофелем и кейлом,ingredient in list not named in steps: 1 (chicken_thigh),A. looks okay / no fix (low-priority warning review),no,warning
527,r106_myasnoy_hleb_iz_indeyki_s_ketchup_glazuryu,Мясной хлеб из индейки с кетчуп-глазурью,ingredient in list not named in steps: 1 (milk),A. looks okay / no fix (low-priority warning review),no,warning
528,r112_govyadina_s_gribami_v_bulone,Говядина с грибами в бульоне,ingredient in list not named in steps: 1 (wheat_flour),A. looks okay / no fix (low-priority warning review),no,warning
529,r120_govyazhiy_burger_s_ostrymi_batatnymi_dolkami,Говяжий бургер с острыми бататными дольками,ingredient in list not named in steps: 1 (burger_bun),A. looks okay / no fix (low-priority warning review),no,warning
530,r122_svinye_otbivnye_s_pasternakom_krasnym_lukom_i_shalfeem,"Свиные отбивные с пастернаком, красным луком и шалфеем",ingredient in list not named in steps: 1 (honey),A. looks okay / no fix (low-priority warning review),no,warning
531,r123_svinina_s_laymom_farro_i_shpinatom,"Свинина с лаймом, фарро и шпинатом",ingredient in list not named in steps: 1 (almond_butter),A. looks okay / no fix (low-priority warning review),no,warning
532,r124_svinye_otbivnye_s_morkovyu_zelenym_goroshkom_i_zhemchu,"Свиные отбивные с морковью, зеленым горошком и жемчужным луком",ingredient in list not named in steps: 1 (wheat_flour),A. looks okay / no fix (low-priority warning review),no,warning
533,r126_glazirovannaya_svinaya_vyrezka_s_kabachkami_pertsem_i_,"Глазированная свиная вырезка с кабачками, перцем и грибами",ingredient in list not named in steps: 1 (pork_tenderloin),A. looks okay / no fix (low-priority warning review),no,warning
534,r128_kopchenoe_ragu_s_vetchinoy_chechevitsey_i_korneplodami,"Копченое рагу с ветчиной, чечевицей и корнеплодами",ingredient in list not named in steps: 1 (whole_grain_bread),A. looks okay / no fix (low-priority warning review),no,warning
535,r130_ovoschnoy_zharenyy_ris_s_bekonom_brokkoli_i_kress_sala,"Овощной жареный рис с беконом, брокколи и кресс-салатом",ingredient in list not named in steps: 1 (ginger),A. looks okay / no fix (low-priority warning review),no,warning
536,r138_treska_v_pergamente_s_miso_apelsinom_bok_choem_i_griba,"Треска в пергаменте с мисо, апельсином, бок-чоем и грибами",ingredient in list not named in steps: 1 (bok_choy),A. looks okay / no fix (low-priority warning review),no,warning
537,r147_limonnoe_rizotto_s_grebeshkami_i_zelenyu,Лимонное ризотто с гребешками и зеленью,ingredient in list not named in steps: 1 (scallops),A. looks okay / no fix (low-priority warning review),no,warning
538,r153_karri_s_baklazhanom_tofu_i_kokosovym_molokom,"Карри с баклажаном, тофу и кокосовым молоком",ingredient in list not named in steps: 1 (ginger),A. looks okay / no fix (low-priority warning review),no,warning
539,r155_shakshuka_s_fetoy_i_zelenyu,Шакшука с фетой и зеленью,ingredient in list not named in steps: 1 (feta),A. looks okay / no fix (low-priority warning review),no,warning
540,r163_boul_s_kinoa_nutom_batatom_i_tahini,"Боул с киноа, нутом, бататом и тахини",ingredient in list not named in steps: 1 (greens),A. looks okay / no fix (low-priority warning review),no,warning
541,r166_boul_s_hrustyaschim_tofu_korichnevym_risom_i_brokkoli,"Боул с хрустящим тофу, коричневым рисом и брокколи",ingredient in list not named in steps: 1 (cornstarch),A. looks okay / no fix (low-priority warning review),no,warning
542,r168_zelenoe_karri_s_chechevitsey_i_risom,Зеленое карри с чечевицей и рисом,ingredient in list not named in steps: 1 (rice),A. looks okay / no fix (low-priority warning review),no,warning
543,r170_veganskaya_dzhambalayya_s_risom_i_beloy_fasolyu,Веганская джамбалайя с рисом и белой фасолью,ingredient in list not named in steps: 1 (red_beans),A. looks okay / no fix (low-priority warning review),no,warning
544,r174_zapechennye_ziti_s_italyanskoy_kolbasoy_i_motsarelloy,Запеченные зити с итальянской колбасой и моцареллой,ingredient in list not named in steps: 1 (italian_sausage),A. looks okay / no fix (low-priority warning review),no,warning
545,r184_tayskiy_zharenyy_ris_s_ananasom_i_keshyu,Тайский жареный рис с ананасом и кешью,ingredient in list not named in steps: 1 (sriracha),A. looks okay / no fix (low-priority warning review),no,warning
546,r189_rizotto_s_batternat_tykvoy_i_rozmarinom,Ризотто с баттернат-тыквой и розмарином,ingredient in list not named in steps: 1 (onion),A. looks okay / no fix (low-priority warning review),no,warning
547,r190_zapechennoe_gribnoe_rizotto_s_parmezanom,Запеченное грибное ризотто с пармезаном,ingredient in list not named in steps: 1 (cream),A. looks okay / no fix (low-priority warning review),no,warning
548,r192_karri_kuritsa_s_molodym_kartofelem_na_protivne,Карри-курица с молодым картофелем на противне,ingredient in list not named in steps: 1 (onion),A. looks okay / no fix (low-priority warning review),no,warning
549,r200_batatnyy_hesh_s_bekonom_yablokami_i_yaytsami,"Бататный хэш с беконом, яблоками и яйцами",ingredient in list not named in steps: 1 (apple),A. looks okay / no fix (low-priority warning review),no,warning
550,r211_govyadina_s_fasolyu_i_risom_na_skovorode,Говядина с фасолью и рисом на сковороде,ingredient in list not named in steps: 1 (red_beans),A. looks okay / no fix (low-priority warning review),no,warning
551,r234_tuntsovyy_nisuaz_s_pechenym_kartofelem_i_yaytsami,Тунцовый нисуаз с печеным картофелем и яйцами,ingredient in list not named in steps: 1 (tuna),A. looks okay / no fix (low-priority warning review),no,warning
552,r244_kuritsa_tikka_masala_s_pertsem,Курица тикка масала с перцем,ingredient in list not named in steps: 1 (tomato_paste),A. looks okay / no fix (low-priority warning review),no,warning
553,r250_roll_s_kuritsey_yaytsom_i_myatnym_yogurtom,"Ролл с курицей, яйцом и мятным йогуртом",ingredient in list not named in steps: 1 (mint),A. looks okay / no fix (low-priority warning review),no,warning
554,r265_pita_s_tuntsom_kukuruzoy_i_yogurtom,"Пита с тунцом, кукурузой и йогуртом",ingredient in list not named in steps: 1 (pita),A. looks okay / no fix (low-priority warning review),no,warning
555,r279_pryanyy_baklazhannyy_dip_s_morkovnymi_palochkami,Пряный баклажанный дип с морковными палочками,ingredient in list not named in steps: 1 (tomato_paste),A. looks okay / no fix (low-priority warning review),no,warning
556,r285_tost_iz_batata_s_tuntsom_avokado_i_nori,"Тост из батата с тунцом, авокадо и нори",ingredient in list not named in steps: 1 (tuna),A. looks okay / no fix (low-priority warning review),no,warning
557,r312_yagodnyy_proteinovyy_smuzi_s_ovsom,Ягодный протеиновый смузи с овсом,ingredient in list not named in steps: 1 (whey_protein),A. looks okay / no fix (low-priority warning review),no,warning
558,r317_yogurtovo_finikovyy_sheyk_s_bananom_i_koritsey,йогуртово-финиковый шейк с бананом и корицей,ingredient in list not named in steps: 1 (almond_milk),A. looks okay / no fix (low-priority warning review),no,warning
559,r338_zapechennye_kukuruznye_chipsy_s_oregano_i_chili,Запеченные кукурузные чипсы с орегано и чили,ingredient in list not named in steps: 1 (oregano),A. looks okay / no fix (low-priority warning review),no,warning
560,r339_hrustyaschiy_nut_s_kunzhutno_lukovoy_pripravoy,Хрустящий нут с кунжутно-луковой приправой,ingredient in list not named in steps: 1 (sesame_seeds),A. looks okay / no fix (low-priority warning review),no,warning
561,r389_lipkie_apelsinovye_kusochki_tofu_s_imbirem_i_kunzhutom,Липкие апельсиновые кусочки тофу с имбирем и кунжутом,ingredient in list not named in steps: 1 (green_onion),A. looks okay / no fix (low-priority warning review),no,warning
562,r617_mini_roll_s_kuritsey_i_kapustoy,Мини-ролл с курицей и капустой,ingredient in list not named in steps: 1 (lemon_juice),A. looks okay / no fix (low-priority warning review),no,warning
563,r619_chechevichnye_oladi_bez_yaytsa,Чечевичные оладьи без яйца,ingredient in list not named in steps: 1 (onion),A. looks okay / no fix (low-priority warning review),no,warning
564,r620_nutovyy_salat_so_svekloy_i_yablokom,Нутовый салат со свеклой и яблоком,ingredient in list not named in steps: 1 (lemon_juice),A. looks okay / no fix (low-priority warning review),no,warning
565,r665_draniki_iz_kapusty_i_kartofelya,Драники из капусты и картофеля,ingredient in list not named in steps: 1 (wheat_flour),A. looks okay / no fix (low-priority warning review),no,warning
566,r011_birher_s_yablokom_i_bananom,Бирхер с яблоком и бананом,"missing approximate/user-friendly measure: 1; e.g. смесь семян — 12,5 г",A. looks okay / no fix (low-priority warning review),no,warning
567,r022_frittata_s_kabachkom_shpinatom_i_rikottoy,"Фриттата с кабачком, шпинатом и рикоттой","missing approximate/user-friendly measure: 1; e.g. рикотта — 31,2 г",A. looks okay / no fix (low-priority warning review),no,warning
568,r042_otkrytyy_beygl_s_lososem_hrenom_i_yaytsom,"Открытый бейгл с лососем, хреном и яйцом",missing approximate/user-friendly measure: 1; e.g. майонез — 15 г,A. looks okay / no fix (low-priority warning review),no,warning
569,r049_ovoschnoy_sendvich_s_yaytsom_syrom_i_rukkoloy,"Овощной сэндвич с яйцом, сыром и рукколой",missing approximate/user-friendly measure: 1; e.g. майонез — 10 г,A. looks okay / no fix (low-priority warning review),no,warning
570,r067_sloenaya_zapekanka_s_vetchinoy_shpinatom_i_gryuyerom,"Слоеная запеканка с ветчиной, шпинатом и грюйером","missing approximate/user-friendly measure: 1; e.g. запеченный красный перец из банки — 15 твердый сыр — 14,2 г",A. looks okay / no fix (low-priority warning review),no,warning
571,r078_yaytsa_s_tomatnoy_salsoy_i_tortiley,Яйца с томатной сальсой и тортильей,missing approximate/user-friendly measure: 1; e.g. чеддер — 20 г,A. looks okay / no fix (low-priority warning review),no,warning
572,r089_yaichnaya_skovoroda_s_lavashom_i_avokado,Яичная сковорода с лавашом и авокадо,missing approximate/user-friendly measure: 1; e.g. чеддер — 20 г,A. looks okay / no fix (low-priority warning review),no,warning
573,r095_pankeyki_iz_tvoroga_i_ovsyanki,Панкейки из творога и овсянки,missing approximate/user-friendly measure: 1; e.g. зерненый творог — 50 г,A. looks okay / no fix (low-priority warning review),no,warning
574,r100_yaichnye_mini_zapekanki_s_tvorogom_shpinatom_vyalenymi,"Яичные мини-запеканки с творогом, шпинатом, вялеными томатами и козьим сыром","missing approximate/user-friendly measure: 1; e.g. зерненый творог — 14,2 г",A. looks okay / no fix (low-priority warning review),no,warning
575,r143_venetsianskoe_rizotto_s_krevetochnym_bulonom,Венецианское ризотто с креветочным бульоном,"missing approximate/user-friendly measure: 1; e.g. сырые крупные креветки в панцире — 112,5 г",A. looks okay / no fix (low-priority warning review),no,warning
576,r214_pryanyy_chechevichnyy_sup_s_tomatami_i_keylom,Пряный чечевичный суп с томатами и кейлом,missing approximate/user-friendly measure: 1; e.g. чеснок — 5 г,A. looks okay / no fix (low-priority warning review),no,warning
577,r236_salat_iz_kinoa_s_nutom_ogurtsom_i_sladkim_pertsem,"Салат из киноа с нутом, огурцом и сладким перцем","missing approximate/user-friendly measure: 1; e.g. чеснок — 2,5 г",A. looks okay / no fix (low-priority warning review),no,warning
578,r238_salat_s_batatom_hrustyaschim_nutom_i_yogurtom,"Салат с бататом, хрустящим нутом и тахини",missing approximate/user-friendly measure: 1; e.g. тахини — 15 г,A. looks okay / no fix (low-priority warning review),no,warning
579,r239_sredizemnomorskiy_salat_s_chechevitsey_olivkami_i_pech,"Средиземноморский салат с чечевицей, оливками и печеным перцем","missing approximate/user-friendly measure: 1; e.g. чеснок — 2,5 г",A. looks okay / no fix (low-priority warning review),no,warning
580,r260_omlet_roll_s_indeykoy_i_shpinatom,Омлет-ролл с индейкой и шпинатом,missing approximate/user-friendly measure: 1; e.g. Сыр гауда — 20 г,A. looks okay / no fix (low-priority warning review),no,warning
581,r276_humus_iz_chernoy_fasoli_s_listyami_aysberga,Хумус из черной фасоли с листьями айсберга,missing approximate/user-friendly measure: 1; e.g. чеснок — 1 г,A. looks okay / no fix (low-priority warning review),no,warning
582,r290_brusketta_s_tomatami_persikom_i_avokado,"Брускетта с томатами, персиком и авокадо",missing approximate/user-friendly measure: 1; e.g. чеснок — 1 г,A. looks okay / no fix (low-priority warning review),no,warning
583,r294_roll_s_omletom_kabachkom_i_syrom,"Ролл с омлетом, кабачком и сыром",missing approximate/user-friendly measure: 1; e.g. Сыр гауда — 30 г,A. looks okay / no fix (low-priority warning review),no,warning
584,r306_zapechennye_ovsyanye_boul_s_bananom_i_pekanom,Запеченные овсяные стаканчики с бананом и пеканом,missing approximate/user-friendly measure: 1; e.g. поджаренный грецкий орех или пекан — 5 г,A. looks okay / no fix (low-priority warning review),no,warning
585,r324_yogurtovyy_parfe_s_malinoy_bananom_i_pekanom,"Йогуртовый парфе с малиной, бананом и пеканом",missing approximate/user-friendly measure: 1; e.g. пекан — 15 г,A. looks okay / no fix (low-priority warning review),no,warning
586,r326_grecheskiy_yogurt_s_kuragoy_i_gretskim_orehom,Греческий йогурт с курагой и грецким орехом,missing approximate/user-friendly measure: 1; e.g. грецкие орехи — 5 г,A. looks okay / no fix (low-priority warning review),no,warning
587,r336_kartofelnye_dolki_s_kuritsey_i_yogurtovym_dipom,Картофельные дольки с курицей и йогуртовым дипом,missing approximate/user-friendly measure: 1; e.g. Чеснок — 3 г,A. looks okay / no fix (low-priority warning review),no,warning
588,r337_batat_s_kuritsey_i_chesnochnym_yogurtom,Батат с курицей и чесночным йогуртом,missing approximate/user-friendly measure: 1; e.g. Чеснок — 3 г,A. looks okay / no fix (low-priority warning review),no,warning
589,r384_ostrye_ogurechnye_kusochki_s_tuntsom_i_zelenym_lukom,Острые огуречные кусочки с тунцом и зеленым луком,missing approximate/user-friendly measure: 1; e.g. Острый соус — 5 г,A. looks okay / no fix (low-priority warning review),no,warning
590,r630_ovsyanaya_kasha_na_kokosovom_moloke,Овсяная каша на кокосовом молоке,missing approximate/user-friendly measure: 1; e.g. грецкий орех — 8 г,A. looks okay / no fix (low-priority warning review),no,warning
591,r638_bolgarskiy_tarator,Болгарский таратор,missing approximate/user-friendly measure: 1; e.g. грецкий орех — 10 г,A. looks okay / no fix (low-priority warning review),no,warning
592,r640_rulet_iz_lavasha_s_humusom,Рулет из лаваша с хумусом,missing approximate/user-friendly measure: 1; e.g. хумус — 80 г,A. looks okay / no fix (low-priority warning review),no,warning
593,r010_frantsuzskie_tosty,Французские тосты,No audit warnings; listed only for full coverage.,A. looks okay / no fix,no,none
594,r012_pryanyy_yablochnyy_birher_s_fistashkami,Пряный яблочный бирхер с фисташками,No audit warnings; listed only for full coverage.,A. looks okay / no fix,no,none
595,r014_birher_chernyy_les_s_grushey_i_vishney,Бирхер «Черный лес» с грушей и вишней,No audit warnings; listed only for full coverage.,A. looks okay / no fix,no,none
596,r018_ovsyanka_iz_rezanoy_ovsyanoy_krupy_s_yablokami,Овсянка из резаной овсяной крупы с яблоками,No audit warnings; listed only for full coverage.,A. looks okay / no fix,no,none
597,r021_gribnoy_omlet_s_chedderom_i_petrushkoy,Грибной омлет с чеддером и петрушкой,No audit warnings; listed only for full coverage.,A. looks okay / no fix,no,none
598,r026_prostaya_kartofelnaya_tortilya_s_lukom,Простая картофельная тортилья с луком,No audit warnings; listed only for full coverage.,A. looks okay / no fix,no,none
599,r027_klassicheskiy_frantsuzskiy_omlet,Классический французский омлет,No audit warnings; listed only for full coverage.,A. looks okay / no fix,no,none
600,r029_skrembl_so_shpinatom_tselnozernovym_tostom_i_malinoy,"Скрэмбл со шпинатом, цельнозерновым тостом и малиной",No audit warnings; listed only for full coverage.,A. looks okay / no fix,no,none
601,r030_denverskiy_omlet_s_vetchinoy_pertsem_i_chedderom,"Денверский омлет с ветчиной, перцем и чеддером",No audit warnings; listed only for full coverage.,A. looks okay / no fix,no,none
602,r044_pshenichnyy_tortilya_roll_s_indeykoy_pertsem_i_yaytsom,"Пшеничный тортилья-ролл с курицей, перцем и яйцом",No audit warnings; listed only for full coverage.,A. looks okay / no fix,no,none
603,r046_tortilya_rolly_s_bekonom_gribami_i_yaytsom,"Тортилья-роллы с беконом, грибами и яйцом",No audit warnings; listed only for full coverage.,A. looks okay / no fix,no,none
604,r052_zelenyy_raduzhnyy_smuzi_boul_s_avokado_i_yagodami,Зеленый радужный смузи-боул с авокадо и ягодами,No audit warnings; listed only for full coverage.,A. looks okay / no fix,no,none
605,r053_smuzi_boul_s_kurkumoy_bananom_i_keshyu,"Смузи-боул с куркумой, бананом и кешью",No audit warnings; listed only for full coverage.,A. looks okay / no fix,no,none
606,r057_asai_boul_s_bananom_golubikoy_i_granatom,"Асаи-боул с бананом, голубикой и гранатом",No audit warnings; listed only for full coverage.,A. looks okay / no fix,no,none
607,r059_kokosovaya_chia_chasha_s_ananasom_i_kivi,Кокосовая чиа-чаша с ананасом и киви,No audit warnings; listed only for full coverage.,A. looks okay / no fix,no,none
608,r074_menemen_s_pertsem_tomatami_i_chesnochnym_yogurtom,"Менемен с перцем, томатами и чесночным йогуртом",No audit warnings; listed only for full coverage.,A. looks okay / no fix,no,none
609,r075_tamago_kake_gohan_s_nori_avokado_i_marinovannym_imbire,"Тамаго какэ гохан с нори, авокадо и маринованным имбирем",No audit warnings; listed only for full coverage.,A. looks okay / no fix,no,none
610,r083_pryanyy_yaichnyy_skrembl_v_lavash,Пряный яичный скрэмбл в лаваш,No audit warnings; listed only for full coverage.,A. looks okay / no fix,no,none
611,r090_grecheskiy_yogurtovyy_parfe_s_yagodami_i_granoloy,Греческий йогуртовый парфе с ягодами и гранолой,No audit warnings; listed only for full coverage.,A. looks okay / no fix,no,none
612,r102_kurinaya_dzhambalayya_s_chorizo,Куриная джамбалайя с чоризо,No audit warnings; listed only for full coverage.,A. looks okay / no fix,no,none
613,r110_zapechennaya_chesnochno_parmezanovaya_kuritsa,Запеченная чесночно-пармезановая курица,No audit warnings; listed only for full coverage.,A. looks okay / no fix,no,none
614,r132_losos_na_protivne_s_kartofelem_pertsami_tomatami_i_oli,"Лосось на противне с картофелем, перцами, томатами и оливками",No audit warnings; listed only for full coverage.,A. looks okay / no fix,no,none
615,r133_limonnyy_zapechennyy_losos_s_chesnochno_ukropnym_souso,Лимонный запеченный лосось с чесночно-укропным соусом,No audit warnings; listed only for full coverage.,A. looks okay / no fix,no,none
616,r134_tuntsovye_steyki_s_rozmarinom_timyanom_i_zelenym_lukom,"Тунцовые стейки с розмарином, тимьяном и зеленым луком",No audit warnings; listed only for full coverage.,A. looks okay / no fix,no,none
617,r135_obzharennye_steyki_tuntsa_s_pertsem,Обжаренные стейки тунца с перцем,No audit warnings; listed only for full coverage.,A. looks okay / no fix,no,none
618,r144_zapechennyy_zharenyy_ris_s_krevetkami_na_protivne,Запеченный жареный рис с креветками на противне,No audit warnings; listed only for full coverage.,A. looks okay / no fix,no,none
619,r145_chesnochnye_krevetki_so_shpinatom_v_odnoy_skovorode,Чесночные креветки со шпинатом в одной сковороде,No audit warnings; listed only for full coverage.,A. looks okay / no fix,no,none
620,r146_spagetti_s_moreproduktami_midiyami_krevetkami_i_kalmar,"Спагетти с морепродуктами, мидиями, креветками и кальмаром",No audit warnings; listed only for full coverage.,A. looks okay / no fix,no,none
621,r150_lingvini_s_krevetkami_belym_bulonm_i_limonom,"Лингвини с креветками, белым вином и лимоном",No audit warnings; listed only for full coverage.,A. looks okay / no fix,no,none
622,r172_pasta_s_baklazhanom_s_baklazhanom_i_rikottoy_salata,Паста с баклажаном с баклажаном и рикоттой салата,No audit warnings; listed only for full coverage.,A. looks okay / no fix,no,none
623,r176_nokki_kacho_e_pepe,Ньокки качо-э-пепе,No audit warnings; listed only for full coverage.,A. looks okay / no fix,no,none
624,r177_limonnaya_pasta_s_parmezanom_i_chesnokom,Лимонная паста с пармезаном и чесноком,No audit warnings; listed only for full coverage.,A. looks okay / no fix,no,none
625,r181_plov_s_chorizo_tomatami_i_limonom,"Плов с чоризо, томатами и лимоном",No audit warnings; listed only for full coverage.,A. looks okay / no fix,no,none
626,r182_limonnyy_ris_s_krevetkami_i_chorizo_v_stile_paeli,Лимонный рис с креветками и чоризо в стиле паэльи,No audit warnings; listed only for full coverage.,A. looks okay / no fix,no,none
627,r185_risovyy_boul_s_edamame_ovoschami_i_teriyaki,"Рисовый боул с зеленым горошком, овощами и терияки",No audit warnings; listed only for full coverage.,A. looks okay / no fix,no,none
628,r197_batat_s_nutom_masala_i_zelenym_chatni,Батат с нутом масала и зеленым чатни,No audit warnings; listed only for full coverage.,A. looks okay / no fix,no,none
629,r199_kartofelnyy_hesh_s_yaytsom_i_sladkim_pertsem,Картофельный хэш с яйцом и сладким перцем,No audit warnings; listed only for full coverage.,A. looks okay / no fix,no,none
630,r235_kobb_salat_s_kuritsey_bekonom_avokado_i_yaytsami,"Кобб-салат с курицей, беконом, авокадо и яйцами",No audit warnings; listed only for full coverage.,A. looks okay / no fix,no,none
631,r270_zhevatelnye_batonchiki_s_shokoladnoy_kroshkoy_i_risovy,Жевательный батончик с шоколадной крошкой и зерновыми хлопьями,No audit warnings; listed only for full coverage.,A. looks okay / no fix,no,none
632,r271_klassicheskiy_humus_s_hrustyaschimi_pitta_chipsami,Классический хумус с хрустящими питта-чипсами,No audit warnings; listed only for full coverage.,A. looks okay / no fix,no,none
633,r314_shokoladno_bananovyy_proteinovyy_smuzi_s_krasnoy_chech,Шоколадно-банановый протеиновый смузи с красной чечевицей,No audit warnings; listed only for full coverage.,A. looks okay / no fix,no,none
634,r315_shokoladno_vishnevyy_smuzi_s_tofu_i_mindalem,Шоколадно-вишневый смузи с тофу и миндалем,No audit warnings; listed only for full coverage.,A. looks okay / no fix,no,none
635,r320_kremovyy_smuzi_s_avokado_yogurtom_i_medom,"Кремовый смузи с авокадо, йогуртом и медом",No audit warnings; listed only for full coverage.,A. looks okay / no fix,no,none
636,r329_letniy_yagodnyy_parfe_s_yogurtom_bananom_i_granoloy,"Летний ягодный парфе с йогуртом, бананом и гранолой",No audit warnings; listed only for full coverage.,A. looks okay / no fix,no,none
637,r335_pryanyy_roll_s_kuritsey_i_yogurtom,Пряный ролл с курицей и йогуртом,No audit warnings; listed only for full coverage.,A. looks okay / no fix,no,none
638,r347_kurinyy_roll_s_tomatom_i_yogurtom,Куриный ролл с томатом и йогуртом,No audit warnings; listed only for full coverage.,A. looks okay / no fix,no,none
639,r349_yablochnye_sendvichi_s_arahisovoy_pastoy_i_izyumom,Яблочные сэндвичи с арахисовой пастой и изюмом,No audit warnings; listed only for full coverage.,A. looks okay / no fix,no,none
640,r381_farshirovannye_yaytsa_s_petrushkoy,Фаршированные яйца с петрушкой,No audit warnings; listed only for full coverage.,A. looks okay / no fix,no,none
641,r383_ogurechnye_kruzhki_s_tuntsom_i_yaytsom,Огуречные кружки с тунцом и яйцом,No audit warnings; listed only for full coverage.,A. looks okay / no fix,no,none
642,r404_kotlety_iz_indeyki_s_tsukini_i_ovoschami_na_garnir,Котлеты из индейки с цукини и овощами на гарнир,No audit warnings; listed only for full coverage.,A. looks okay / no fix,yes,none
643,r412_roll_s_ovoschami_i_kuritsey,Ролл с овощами и курицей,No audit warnings; listed only for full coverage.,A. looks okay / no fix,yes,none
644,r421_grechka_s_zapechennoy_indeykoy_i_svekolnym_salatom,Гречка с запеченной индейкой и свекольным салатом,No audit warnings; listed only for full coverage.,A. looks okay / no fix,yes,none
645,r422_shpinatnyy_ovsyanoblin_s_semenami_chia,Шпинатный овсяноблин с семенами чиа,No audit warnings; listed only for full coverage.,A. looks okay / no fix,yes,none
646,r477_steyk_iz_foreli_s_molodym_kartofelem,Стейк из форели с молодым картофелем,No audit warnings; listed only for full coverage.,A. looks okay / no fix,yes,none
647,r485_gulyash_po_vengerski_legkiy,Гуляш по-венгерски лёгкий,No audit warnings; listed only for full coverage.,A. looks okay / no fix,yes,none
648,r492_sup_pyure_iz_batata,Суп-пюре из батата,No audit warnings; listed only for full coverage.,A. looks okay / no fix,yes,none
649,r521_grechka_s_indeykoy_i_gribami,Гречка с индейкой и грибами,No audit warnings; listed only for full coverage.,A. looks okay / no fix,yes,none
650,r523_lenivyy_plov_s_kuritsey,Ленивый плов с курицей,No audit warnings; listed only for full coverage.,A. looks okay / no fix,yes,none
651,r531_shakshuka_s_nutom,Шакшука с нутом,No audit warnings; listed only for full coverage.,A. looks okay / no fix,yes,none
652,r534_karri_s_nutom_i_kartofelem,Карри с нутом и картофелем,No audit warnings; listed only for full coverage.,A. looks okay / no fix,yes,none
653,r545_kabachki_farshirovannye_myasom,Кабачки с говяжьим фаршем,No audit warnings; listed only for full coverage.,A. looks okay / no fix,yes,none
654,r578_hlebtsy_s_pashtetom_iz_fasoli,Хлебцы с паштетом из фасоли,No audit warnings; listed only for full coverage.,A. looks okay / no fix,yes,none
655,r581_roll_s_tuntsom_i_kukuruzoy,Ролл с тунцом и кукурузой,No audit warnings; listed only for full coverage.,A. looks okay / no fix,yes,none
656,r585_tost_s_sardinami_i_ogurtsom,Тост с сардинами и огурцом,No audit warnings; listed only for full coverage.,A. looks okay / no fix,yes,none
657,r587_tosty_so_shprotami_ogurtsom_i_gorchitsey,"Тосты со шпротами, огурцом и горчицей",No audit warnings; listed only for full coverage.,A. looks okay / no fix,yes,none
658,r591_kartofelnye_kanape_s_seledkoy,Картофельные канапе с селёдкой,No audit warnings; listed only for full coverage.,A. looks okay / no fix,yes,none
659,r592_tosty_s_seledkoy_i_svekloy,Тосты с селёдкой и свёклой,No audit warnings; listed only for full coverage.,A. looks okay / no fix,yes,none
660,r594_svekolnye_kruzhochki_s_seledkoy,Свекольные кружочки с селёдкой,No audit warnings; listed only for full coverage.,A. looks okay / no fix,yes,none
661,r596_tortilya_s_gorbushey_i_kukuruzoy,Тортилья с горбушей и кукурузой,No audit warnings; listed only for full coverage.,A. looks okay / no fix,yes,none
662,r627_kabachkovye_oladi_s_ovsyanymi_hlopyami,Кабачковые оладьи с овсяными хлопьями,No audit warnings; listed only for full coverage.,A. looks okay / no fix,no,none
663,r629_bananovye_oladi_na_ovsyanke,Банановые оладьи на овсянке,No audit warnings; listed only for full coverage.,A. looks okay / no fix,no,none
664,r636_ovsyanka_na_vode_s_bananom,Овсянка на воде с бананом,No audit warnings; listed only for full coverage.,A. looks okay / no fix,no,none
665,r646_fruktovyy_smuzi_s_yogurtom,Фруктовый смузи с йогуртом,No audit warnings; listed only for full coverage.,A. looks okay / no fix,no,none
