severity,group,code,recipe_no,recipe_id,title,line_index,food_id,message,evidence,recommendation
warning,ingredient_missing_from_steps,ingredient_not_named_in_steps,1,r001_ovsyanka_na_noch_s_yagodami,Овсянка на ночь с ягодами,1,oats,`oats` is in ingredients but not found in instructions by known aliases,Овсяные хлопья — 50 г,
warning,ingredient_missing_from_steps,ingredient_not_named_in_steps,1,r001_ovsyanka_na_noch_s_yagodami,Овсянка на ночь с ягодами,5,peanut_butter,`peanut_butter` is in ingredients but not found in instructions by known aliases,Ореховая паста — 8 г (≈1/2 ст. л.),
warning,ingredient_missing_from_steps,ingredient_not_named_in_steps,2,r002_tost_s_avokado,Тост с авокадо,2,lemon_juice,`lemon_juice` is in ingredients but not found in instructions by known aliases,Лимонный сок — 10–15 г (из 1/2 лимона),
warning,ingredient_missing_from_steps,ingredient_not_named_in_steps,2,r002_tost_s_avokado,Тост с авокадо,4,whole_grain_bread,`whole_grain_bread` is in ingredients but not found in instructions by known aliases,Хлеб на закваске — 2 ломтика / ≈80–100 г,
warning,ingredient_missing_from_steps,ingredient_not_named_in_steps,3,r003_shakshuka,Шакшука,3,chili_pepper,`chili_pepper` is in ingredients but not found in instructions by known aliases,"Красный перец чили — 0,5 шт. / ≈5 г",
warning,ingredient_missing_from_steps,ingredient_not_named_in_steps,4,r004_bananovo_ovsyanye_pankeyki,Бананово-овсяные панкейки,2,egg,`egg` is in ingredients but not found in instructions by known aliases,Яйца — 1 шт.,
warning,ingredient_missing_from_steps,ingredient_not_named_in_steps,4,r004_bananovo_ovsyanye_pankeyki,Бананово-овсяные панкейки,4,oats,`oats` is in ingredients but not found in instructions by known aliases,Овсяные хлопья — 50 г,
warning,ingredient_missing_from_steps,ingredient_not_named_in_steps,4,r004_bananovo_ovsyanye_pankeyki,Бананово-овсяные панкейки,9,berries,`berries` is in ingredients but not found in instructions by known aliases,Фрукты или ягоды — 40–60 г,
warning,ingredient_missing_from_steps,ingredient_not_named_in_steps,5,r005_chia_puding,Чиа-пудинг,1,chia_seeds,`chia_seeds` is in ingredients but not found in instructions by known aliases,Семена чиа — 24 г (≈2 ст. л.),
warning,ingredient_missing_from_steps,ingredient_not_named_in_steps,5,r005_chia_puding,Чиа-пудинг,3,maple_syrup,`maple_syrup` is in ingredients but not found in instructions by known aliases,Кленовый сироп — 10–12 г (≈2 ч. л.),
warning,ingredient_missing_from_steps,ingredient_not_named_in_steps,6,r006_burrito_na_zavtrak,Буррито на завтрак,1,hot_sauce,`hot_sauce` is in ingredients but not found in instructions by known aliases,Паста чипотле или острый соус с копченой паприкой — 5 г (1 ч. л.),
warning,ingredient_missing_from_steps,ingredient_not_named_in_steps,7,r007_yaichnye_maffiny_s_ovoschami,Яичные маффины с овощами,4,green_onion,`green_onion` is in ingredients but not found in instructions by known aliases,"Зелёный лук — 0,5 пера / ≈5 г",
warning,ingredient_missing_from_steps,ingredient_not_named_in_steps,7,r007_yaichnye_maffiny_s_ovoschami,Яичные маффины с овощами,6,milk,`milk` is in ingredients but not found in instructions by known aliases,"Цельное молоко — 3,75 г (0,25 ст. л.)",
warning,ingredient_missing_from_steps,ingredient_not_named_in_steps,7,r007_yaichnye_maffiny_s_ovoschami,Яичные маффины с овощами,9,green_onion,`green_onion` is in ingredients but not found in instructions by known aliases,"Зеленый лук — 1,25 г",
warning,ingredient_missing_from_steps,ingredient_not_named_in_steps,8,r008_yagodnyy_smuzi_boul,Ягодный смузи-боул,4,maple_syrup,`maple_syrup` is in ingredients but not found in instructions by known aliases,Кленовый сироп — 5–6 г (1 ч. л.),
warning,ingredient_missing_from_steps,ingredient_not_named_in_steps,8,r008_yagodnyy_smuzi_boul,Ягодный смузи-боул,5,whey_protein,`whey_protein` is in ingredients but not found in instructions by known aliases,Ванильный протеин — 5 г (≈1/2 ст. л.),
warning,ingredient_missing_from_steps,ingredient_not_named_in_steps,8,r008_yagodnyy_smuzi_boul,Ягодный смузи-боул,9,almond_butter,`almond_butter` is in ingredients but not found in instructions by known aliases,Миндальная паста — 15–16 г (1 ст. л.),
warning,ingredient_missing_from_steps,ingredient_not_named_in_steps,9,r009_klassicheskaya_ovsyanaya_kasha,Классическая овсяная каша,1,oats,`oats` is in ingredients but not found in instructions by known aliases,Овсяные хлопья — 25 г,
warning,ingredient_missing_from_steps,ingredient_not_named_in_steps,9,r009_klassicheskaya_ovsyanaya_kasha,Классическая овсяная каша,5,honey,`honey` is in ingredients but not found in instructions by known aliases,"Мёд — 2,5–5 г",
warning,ingredient_missing_from_steps,ingredient_not_named_in_steps,13,r013_birher_s_kinoa_persikom_i_imbirem,"Бирхер с киноа, персиком и имбирем",3,ginger,`ginger` is in ingredients but not found in instructions by known aliases,"свежий имбирь — 3,33 г, мелко натереть",
warning,ingredient_missing_from_steps,ingredient_not_named_in_steps,13,r013_birher_s_kinoa_persikom_i_imbirem,"Бирхер с киноа, персиком и имбирем",5,milk,`milk` is in ingredients but not found in instructions by known aliases,"молоко — 62,5 мл",
warning,ingredient_missing_from_steps,ingredient_not_named_in_steps,15,r015_morkovnaya_ovsyanaya_kasha_v_stile_morkovnogo_piroga,Морковная овсяная каша в стиле морковного пирога,6,milk,`milk` is in ingredients but not found in instructions by known aliases,молоко — 300 мл,
warning,ingredient_missing_from_steps,ingredient_not_named_in_steps,15,r015_morkovnaya_ovsyanaya_kasha_v_stile_morkovnogo_piroga,Морковная овсяная каша в стиле морковного пирога,8,honey,`honey` is in ingredients but not found in instructions by known aliases,"мед — 6,67 г",
warning,ingredient_missing_from_steps,ingredient_not_named_in_steps,16,r016_ovsyanaya_chia_boul_s_malinovym_yagodnyy_sousom,Овсяная чиа-боул с малиновым ягодный соусом,6,almond_butter,`almond_butter` is in ingredients but not found in instructions by known aliases,миндальная паста — 16 г (примерно 1 ст. л.),
warning,ingredient_missing_from_steps,ingredient_not_named_in_steps,17,r017_tykvennaya_pryanaya_ovsyanka,Тыквенная пряная овсянка,2,milk,`milk` is in ingredients but not found in instructions by known aliases,молоко — 100 мл,
warning,ingredient_missing_from_steps,ingredient_not_named_in_steps,17,r017_tykvennaya_pryanaya_ovsyanka,Тыквенная пряная овсянка,4,cranberries_dried,`cranberries_dried` is in ingredients but not found in instructions by known aliases,сушеная клюква — 10 г,
warning,ingredient_missing_from_steps,ingredient_not_named_in_steps,19,r019_tostirovannyy_myusli_s_mindalem_kokosom_i_konoplyanymi,"Тостированный мюсли с миндалем, кокосом и конопляными семенами",3,coconut_flakes,`coconut_flakes` is in ingredients but not found in instructions by known aliases,"несладкая кокосовая стружка или хлопья — 3,75 г",
warning,ingredient_missing_from_steps,ingredient_not_named_in_steps,19,r019_tostirovannyy_myusli_s_mindalem_kokosom_i_konoplyanymi,"Тостированный мюсли с миндалем, кокосом и конопляными семенами",9,cranberries_dried,`cranberries_dried` is in ingredients but not found in instructions by known aliases,"сушеная клюква — 3,75 г, порубить",
warning,ingredient_missing_from_steps,ingredient_not_named_in_steps,19,r019_tostirovannyy_myusli_s_mindalem_kokosom_i_konoplyanymi,"Тостированный мюсли с миндалем, кокосом и конопляными семенами",11,milk,`milk` is in ingredients but not found in instructions by known aliases,"молоко или йогурт — около 0,12 л/кг",
warning,ingredient_missing_from_steps,ingredient_not_named_in_steps,20,r020_domashnyaya_granola_s_gretskimi_orehami_i_klyukvoy,Домашняя гранола с грецкими орехами и клюквой,8,almond_butter,`almond_butter` is in ingredients but not found in instructions by known aliases,"кремовая миндальная паста — 6,4 г (примерно 1,5 ч. л.)",
warning,ingredient_missing_from_steps,ingredient_not_named_in_steps,23,r023_zapechennaya_frittata_so_shpinatom_pertsem_i_tomatami,"Запеченная фриттата со шпинатом, перцем и томатами",6,roasted_red_pepper,`roasted_red_pepper` is in ingredients but not found in instructions by known aliases,"запеченный красный перец — 0,5 шт., нарезать полосками",
warning,ingredient_missing_from_steps,ingredient_not_named_in_steps,24,r024_frittata_s_brokkoli_zelenym_lukom_i_fetoy,"Фриттата с брокколи, зеленым луком и фетой",2,almond_milk,`almond_milk` is in ingredients but not found in instructions by known aliases,"несладкое миндальное молоко или обычное молоко — 17,1 мл",
warning,ingredient_missing_from_steps,ingredient_not_named_in_steps,24,r024_frittata_s_brokkoli_zelenym_lukom_i_fetoy,"Фриттата с брокколи, зеленым луком и фетой",10,feta,`feta` is in ingredients but not found in instructions by known aliases,"фета — 10 г, раскрошить",
warning,ingredient_missing_from_steps,ingredient_not_named_in_steps,25,r025_ovoschnaya_frittata_s_kozim_syrom_i_zelenyy_lukom,Овощная фриттата с козьим сыром и зеленый луком,2,milk,`milk` is in ingredients but not found in instructions by known aliases,"жирные сливки или цельное молоко — 5,62 мл",
warning,ingredient_missing_from_steps,ingredient_not_named_in_steps,25,r025_ovoschnaya_frittata_s_kozim_syrom_i_zelenyy_lukom,Овощная фриттата с козьим сыром и зеленый луком,9,goat_cheese,`goat_cheese` is in ingredients but not found in instructions by known aliases,"козий сыр — 14,4 г, раскрошить",
warning,ingredient_missing_from_steps,ingredient_not_named_in_steps,25,r025_ovoschnaya_frittata_s_kozim_syrom_i_zelenyy_lukom,Овощная фриттата с козьим сыром и зеленый луком,10,green_onion,`green_onion` is in ingredients but not found in instructions by known aliases,"зеленый лук — 1,25 г, нарезать",
warning,ingredient_missing_from_steps,ingredient_not_named_in_steps,28,r028_zapechennye_yaytsa_so_shpinatom_kanadskim_bekonom_i_ch,"Запеченные яйца со шпинатом, канадским беконом и чеддером",7,egg,`egg` is in ingredients but not found in instructions by known aliases,яйца — 1 шт.,
warning,ingredient_missing_from_steps,ingredient_not_named_in_steps,28,r028_zapechennye_yaytsa_so_shpinatom_kanadskim_bekonom_i_ch,"Запеченные яйца со шпинатом, канадским беконом и чеддером",8,cream,`cream` is in ingredients but not found in instructions by known aliases,жирные сливки — 15 мл,
warning,ingredient_missing_from_steps,ingredient_not_named_in_steps,31,r031_amerikanskie_pankeyki,Американские панкейки,1,wheat_flour,`wheat_flour` is in ingredients but not found in instructions by known aliases,пшеничная мука — 50 г,
warning,ingredient_missing_from_steps,ingredient_not_named_in_steps,31,r031_amerikanskie_pankeyki,Американские панкейки,9,maple_syrup,`maple_syrup` is in ingredients but not found in instructions by known aliases,кленовый сироп — 15 мл,
warning,ingredient_missing_from_steps,ingredient_not_named_in_steps,32,r032_ovsyanye_pankeyki_v_blendere,Овсяные панкейки в блендере,11,berries,`berries` is in ingredients but not found in instructions by known aliases,свежие ягоды или нарезанные фрукты — 60 г,
warning,ingredient_missing_from_steps,ingredient_not_named_in_steps,33,r033_mini_pankeyki_s_koritsey_v_stile_sopapilya,Мини-панкейки с корицей в стиле сопапилья,1,wheat_flour,`wheat_flour` is in ingredients but not found in instructions by known aliases,"пшеничная мука — 12,5 г",
warning,ingredient_missing_from_steps,ingredient_not_named_in_steps,34,r034_pankeyki_na_protivne_s_chetyrmya_toppingami,Панкейки на противне с четырьмя топпингами,1,wheat_flour,`wheat_flour` is in ingredients but not found in instructions by known aliases,"белая цельнозерновая мука — 13,3 г",
warning,ingredient_missing_from_steps,ingredient_not_named_in_steps,34,r034_pankeyki_na_protivne_s_chetyrmya_toppingami,Панкейки на противне с четырьмя топпингами,2,wheat_flour,`wheat_flour` is in ingredients but not found in instructions by known aliases,"пшеничная мука — 13,8 г",
warning,ingredient_missing_from_steps,ingredient_not_named_in_steps,35,r035_klassicheskie_vafli,Классические вафли,1,wheat_flour,`wheat_flour` is in ingredients but not found in instructions by known aliases,пшеничная мука — 50 г,
warning,ingredient_missing_from_steps,ingredient_not_named_in_steps,36,r036_prostye_tselnozernovye_pankeyki_s_chernikoy,Простые цельнозерновые панкейки с черникой,1,wheat_flour,`wheat_flour` is in ingredients but not found in instructions by known aliases,цельнозерновая пшеничная мука — 50 г,
warning,ingredient_missing_from_steps,ingredient_not_named_in_steps,36,r036_prostye_tselnozernovye_pankeyki_s_chernikoy,Простые цельнозерновые панкейки с черникой,8,honey,`honey` is in ingredients but not found in instructions by known aliases,мед — 5 г,
warning,ingredient_missing_from_steps,ingredient_not_named_in_steps,37,r037_bazovye_krepy,Базовые крепы,2,milk,`milk` is in ingredients but not found in instructions by known aliases,молоко — 30 мл,
warning,ingredient_missing_from_steps,ingredient_not_named_in_steps,37,r037_bazovye_krepy,Базовые крепы,5,wheat_flour,`wheat_flour` is in ingredients but not found in instructions by known aliases,"пшеничная мука — 31,2 г",
warning,ingredient_missing_from_steps,ingredient_not_named_in_steps,38,r038_gollandskiy_blin_iz_duhovki,Голландский блин из духовки,3,wheat_flour,`wheat_flour` is in ingredients but not found in instructions by known aliases,"пшеничная мука просеянная — 32,5 г",
warning,ingredient_missing_from_steps,ingredient_not_named_in_steps,39,r039_zapechennaya_ovsyanka_s_chernikoy_limonom_i_kardamonom,"Запеченная овсянка с черникой, лимоном и кардамоном",12,blueberries,`blueberries` is in ingredients but not found in instructions by known aliases,черника свежая или замороженная — 30 г,
warning,ingredient_missing_from_steps,ingredient_not_named_in_steps,41,r041_beygl_klab_s_lososem_yaytsom_i_krem_syrom,"Бейгл-клаб с лососем, яйцом и крем-сыром",2,cream_cheese,`cream_cheese` is in ingredients but not found in instructions by known aliases,"крем-сыр — 25 г (примерно 1-1,5 ст. л.)",
warning,ingredient_missing_from_steps,ingredient_not_named_in_steps,41,r041_beygl_klab_s_lososem_yaytsom_i_krem_syrom,"Бейгл-клаб с лососем, яйцом и крем-сыром",5,lemon_juice,`lemon_juice` is in ingredients but not found in instructions by known aliases,"лимон — 0,25 шт. (примерно 10 мл сока)",
warning,ingredient_missing_from_steps,ingredient_not_named_in_steps,43,r043_tost_s_yaytsom_indeykoy_i_ovoschami,"Тост с яйцом, индейкой или курицей и овощами",1,whole_grain_bread,`whole_grain_bread` is in ingredients but not found in instructions by known aliases,цельнозерновой хлеб — 2 ломтика / ≈80 г,
warning,ingredient_missing_from_steps,ingredient_not_named_in_steps,43,r043_tost_s_yaytsom_indeykoy_i_ovoschami,"Тост с яйцом, индейкой или курицей и овощами",3,turkey_or_chicken_breast,`turkey_or_chicken_breast` is in ingredients but not found in instructions by known aliases,готовая индейка или куриная грудка — 80 г,
warning,ingredient_missing_from_steps,ingredient_not_named_in_steps,45,r045_rolly_s_kopchenym_lososem_slivochnym_syrom_i_tsukini,"Роллы с копченым лососем, сливочным сыром и цукини",6,salmon,`salmon` is in ingredients but not found in instructions by known aliases,"копченый лосось — 21,2 г, нарезать полосками",
warning,ingredient_missing_from_steps,ingredient_not_named_in_steps,47,r047_angliyskiy_maffin_s_yaytsom_syrom_i_sosisochnoy_kotlet,"Английский маффин с яйцом, сыром и сосисочной котлетой",6,sausage,`sausage` is in ingredients but not found in instructions by known aliases,готовая отварная сосиска для завтрака — 1 шт. (примерно 50 г),
warning,ingredient_missing_from_steps,ingredient_not_named_in_steps,48,r048_burrito_s_chorizo_yaytsom_fasolyu_i_poblano,"Буррито с чоризо, яйцом, фасолью и поблано",6,sausage,`sausage` is in ingredients but not found in instructions by known aliases,"Куриная колбаска или постный фарш — 112,5 г",
warning,ingredient_missing_from_steps,ingredient_not_named_in_steps,48,r048_burrito_s_chorizo_yaytsom_fasolyu_i_poblano,"Буррито с чоризо, яйцом, фасолью и поблано",8,flour_tortilla,`flour_tortilla` is in ingredients but not found in instructions by known aliases,Большие пшеничные тортильи — 1 шт. / ≈70 г,
warning,ingredient_missing_from_steps,ingredient_not_named_in_steps,48,r048_burrito_s_chorizo_yaytsom_fasolyu_i_poblano,"Буррито с чоризо, яйцом, фасолью и поблано",9,red_beans,`red_beans` is in ingredients but not found in instructions by known aliases,"Пережаренная фасоль — 27,5 г",
warning,ingredient_missing_from_steps,ingredient_not_named_in_steps,50,r050_britanskiy_tost_s_domashney_fasolyu_v_tomatnom_souse,Британский тост с домашней фасолью в томатном соусе,8,tomato_paste,`tomato_paste` is in ingredients but not found in instructions by known aliases,томатная паста — 15 г (примерно 1 ст. л.),
warning,ingredient_missing_from_steps,ingredient_not_named_in_steps,50,r050_britanskiy_tost_s_domashney_fasolyu_v_tomatnom_souse,Британский тост с домашней фасолью в томатном соусе,12,red_beans,`red_beans` is in ingredients but not found in instructions by known aliases,"белая фасоль консервированная — 0,5 банки по 425 г, слить и промыть",
warning,ingredient_missing_from_steps,ingredient_not_named_in_steps,51,r051_tropicheskiy_smuzi_boul_s_mango_i_ananasom,Тропический смузи-боул с манго и ананасом,9,mint,`mint` is in ingredients but not found in instructions by known aliases,"Мята — 1,5–2 листика",
warning,ingredient_missing_from_steps,ingredient_not_named_in_steps,54,r054_vanilno_mindalnaya_chia_ovsyanaya_chasha_s_chernikoy,Ванильно-миндальная чиа-овсяная чаша с черникой,8,honey,`honey` is in ingredients but not found in instructions by known aliases,"Мед — 0,5 ст. л. (10 г)",
warning,ingredient_missing_from_steps,ingredient_not_named_in_steps,55,r055_malinovo_persikovyy_mango_boul_s_grecheskim_yogurtom,Малиново-персиковый манго-боул с греческим йогуртом,8,coconut_flakes,`coconut_flakes` is in ingredients but not found in instructions by known aliases,Кокосовая стружка несладкая — 1 ст. л. (5 г),
warning,ingredient_missing_from_steps,ingredient_not_named_in_steps,56,r056_puding_s_chia_v_stile_masala_chay_bananom_i_fistashkam,"Пудинг с чиа в стиле масала-чай, бананом и фисташками",9,pistachios,`pistachios` is in ingredients but not found in instructions by known aliases,"Фисташки жареные несоленые — 1 ст. л. (8 г), рубленые",
warning,ingredient_missing_from_steps,ingredient_not_named_in_steps,58,r058_tropicheskaya_yogurtovaya_chasha_s_greypfrutom_i_manda,Тропическая йогуртовая чаша с грейпфрутом и мандаринами,1,orange,`orange` is in ingredients but not found in instructions by known aliases,Сок апельсиновый сок 100% без сахара — 60 мл,
warning,ingredient_missing_from_steps,ingredient_not_named_in_steps,60,r060_chia_chasha_s_arahisovoy_pastoy_i_yagodnym_yagodnyy_so,Чиа-чаша с арахисовой пастой и ягодным ягодный соусом,2,orange,`orange` is in ingredients but not found in instructions by known aliases,"Апельсиновый сок — 0,33 ст. л. (5 мл)",
warning,ingredient_missing_from_steps,ingredient_not_named_in_steps,61,r061_tselnozernovye_maffiny_s_bananom_yablokom_i_chernikoy,"Цельнозерновые маффины с бананом, яблоком и черникой",4,apple_sauce,`apple_sauce` is in ingredients but not found in instructions by known aliases,"яблочное пюре — 8,33 г",
warning,ingredient_missing_from_steps,ingredient_not_named_in_steps,61,r061_tselnozernovye_maffiny_s_bananom_yablokom_i_chernikoy,"Цельнозерновые маффины с бананом, яблоком и черникой",6,honey,`honey` is in ingredients but not found in instructions by known aliases,"жидкий мед — 7,08 г",
warning,ingredient_missing_from_steps,ingredient_not_named_in_steps,61,r061_tselnozernovye_maffiny_s_bananom_yablokom_i_chernikoy,"Цельнозерновые маффины с бананом, яблоком и черникой",8,wheat_flour,`wheat_flour` is in ingredients but not found in instructions by known aliases,"цельнозерновая мука — 16,7 г",
warning,ingredient_missing_from_steps,ingredient_not_named_in_steps,62,r062_veganskie_myusli_maffiny_s_yablokom_i_pekanom,Веганские мюсли-маффины с яблоком и пеканом,3,wheat_flour,`wheat_flour` is in ingredients but not found in instructions by known aliases,"пшеничная мука — 13,3 г",
warning,ingredient_missing_from_steps,ingredient_not_named_in_steps,63,r063_speltovye_maffiny_s_ezhevikoy_bananom_i_finikami,"Спельтовые маффины с ежевикой, бананом и финиками",1,wheat_flour,`wheat_flour` is in ingredients but not found in instructions by known aliases,"цельнозерновая спельтовая мука — 29,2 г",
warning,ingredient_missing_from_steps,ingredient_not_named_in_steps,64,r064_zapechennaya_bananovaya_ovsyanka_s_arahisovoy_pastoy,Запеченная банановая овсянка с арахисовой пастой,1,wheat_flour,`wheat_flour` is in ingredients but not found in instructions by known aliases,овсяная мука — 60 г,
warning,ingredient_missing_from_steps,ingredient_not_named_in_steps,64,r064_zapechennaya_bananovaya_ovsyanka_s_arahisovoy_pastoy,Запеченная банановая овсянка с арахисовой пастой,2,whey_protein,`whey_protein` is in ingredients but not found in instructions by known aliases,ванильный сывороточный протеин — 15 г,
warning,ingredient_missing_from_steps,ingredient_not_named_in_steps,65,r065_vegetarianskaya_zapekanka_s_sosiskami_gribami_i_pertse,"Вегетарианская запеканка с сосисками, грибами и перцем",5,bell_pepper,`bell_pepper` is in ingredients but not found in instructions by known aliases,"красный сладкий перец — 0,25 шт. / около 37,5 г",
warning,ingredient_missing_from_steps,ingredient_not_named_in_steps,65,r065_vegetarianskaya_zapekanka_s_sosiskami_gribami_i_pertse,"Вегетарианская запеканка с сосисками, грибами и перцем",7,milk,`milk` is in ingredients but not found in instructions by known aliases,"цельное молоко — 31,2 мл",
warning,ingredient_missing_from_steps,ingredient_not_named_in_steps,65,r065_vegetarianskaya_zapekanka_s_sosiskami_gribami_i_pertse,"Вегетарианская запеканка с сосисками, грибами и перцем",9,green_onion,`green_onion` is in ingredients but not found in instructions by known aliases,"зеленый лук — 1,25 г",
warning,ingredient_missing_from_steps,ingredient_not_named_in_steps,66,r066_zapechennaya_ovsyanka_s_malinoy_kokosom_i_gretskimi_or,"Запеченная овсянка с малиной, кокосом и грецкими орехами",3,coconut_flakes,`coconut_flakes` is in ingredients but not found in instructions by known aliases,кокосовая стружка — 6 г,
warning,ingredient_missing_from_steps,ingredient_not_named_in_steps,68,r068_ovoschnaya_zapekanka_s_batatom_sparzhey_i_fetoy,"Овощная запеканка с бататом, спаржей и фетой",6,almond_milk,`almond_milk` is in ingredients but not found in instructions by known aliases,"миндальное молоко — 10,9 мл",
warning,ingredient_missing_from_steps,ingredient_not_named_in_steps,68,r068_ovoschnaya_zapekanka_s_batatom_sparzhey_i_fetoy,"Овощная запеканка с бататом, спаржей и фетой",10,feta,`feta` is in ingredients but not found in instructions by known aliases,"фета — 10,5 г (примерно 2 ст. л. крошки)",
warning,ingredient_missing_from_steps,ingredient_not_named_in_steps,69,r069_tselnozernovoy_bananovyy_hleb_s_medom,Цельнозерновой банановый хлеб с медом,11,wheat_flour,`wheat_flour` is in ingredients but not found in instructions by known aliases,цельнозерновая пшеничная мука — 22 г,
warning,ingredient_missing_from_steps,ingredient_not_named_in_steps,70,r070_norvezhskie_bulochki_s_zavarnym_kremom_i_kokosom,Норвежские булочки с заварным кремом и кокосом,3,wheat_flour,`wheat_flour` is in ingredients but not found in instructions by known aliases,"пшеничная мука — 39,6 г",
warning,ingredient_missing_from_steps,ingredient_not_named_in_steps,70,r070_norvezhskie_bulochki_s_zavarnym_kremom_i_kokosom,Норвежские булочки с заварным кремом и кокосом,8,egg,`egg` is in ingredients but not found in instructions by known aliases,"яйцо — 0,083 шт. / около 4,17 г",
warning,ingredient_missing_from_steps,ingredient_not_named_in_steps,70,r070_norvezhskie_bulochki_s_zavarnym_kremom_i_kokosom,Норвежские булочки с заварным кремом и кокосом,13,egg_yolk,`egg_yolk` is in ingredients but not found in instructions by known aliases,"яичные желтки — 0,17 шт. / около 2,92 г",
warning,ingredient_missing_from_steps,ingredient_not_named_in_steps,70,r070_norvezhskie_bulochki_s_zavarnym_kremom_i_kokosom,Норвежские булочки с заварным кремом и кокосом,14,cornstarch,`cornstarch` is in ingredients but not found in instructions by known aliases,"кукурузный крахмал — 1,33 г",
warning,ingredient_missing_from_steps,ingredient_not_named_in_steps,71,r071_kurinyy_kondzhi_s_imbirem_i_zelenym_lukom,Куриный конджи с имбирем и зеленым луком,6,ginger,`ginger` is in ingredients but not found in instructions by known aliases,"свежий имбирь — 0,33–0,5 ст. л., натереть",
warning,ingredient_missing_from_steps,ingredient_not_named_in_steps,72,r072_klassicheskiy_kedzheri_s_kopchenoy_pikshey_i_yaytsami,Классический кеджери с копченой пикшей и яйцами,10,smoked_white_fish,`smoked_white_fish` is in ingredients but not found in instructions by known aliases,"копченая пикша, треска или другая белая рыба горячего копчения без красителя — 50 г",
warning,ingredient_missing_from_steps,ingredient_not_named_in_steps,73,r073_yaytsa_s_fasolyu_tomatami_i_tortiley,"Яйца с фасолью, томатами и тортильей",4,lime_juice,`lime_juice` is in ingredients but not found in instructions by known aliases,"сок лайма — 0,62 ст. л.",
warning,ingredient_missing_from_steps,ingredient_not_named_in_steps,73,r073_yaytsa_s_fasolyu_tomatami_i_tortiley,"Яйца с фасолью, томатами и тортильей",8,red_beans,`red_beans` is in ingredients but not found in instructions by known aliases,"красная фасоль консервированная — 0,25 банка / около 106 г, промыть и обсушить",
warning,ingredient_missing_from_steps,ingredient_not_named_in_steps,76,r076_bystryy_nasi_goreng_s_ovoschami_i_zharenym_yaytsom,Быстрый наси горенг с овощами и жареным яйцом,2,onion,`onion` is in ingredients but not found in instructions by known aliases,"маленькая луковица — 1 шт., тонко нарезать",
warning,ingredient_missing_from_steps,ingredient_not_named_in_steps,76,r076_bystryy_nasi_goreng_s_ovoschami_i_zharenym_yaytsom,Быстрый наси горенг с овощами и жареным яйцом,5,napa_cabbage,`napa_cabbage` is in ingredients but not found in instructions by known aliases,"китайская или савойская капуста — 1/2 маленького кочана, нашинковать",
warning,ingredient_missing_from_steps,ingredient_not_named_in_steps,77,r077_kokosovyy_ris_s_yaytsom_ogurtsom_i_arahisom,"Кокосовый рис с яйцом, огурцом и арахисом",2,milk,`milk` is in ingredients but not found in instructions by known aliases,кокосовое молоко — 60 мл,
warning,ingredient_missing_from_steps,ingredient_not_named_in_steps,79,r079_egipetskiy_ful_medames_s_tahini_i_limonom,Египетский фул медамес с тахини и лимоном,3,onion,`onion` is in ingredients but not found in instructions by known aliases,"маленькая луковица — 0,5 шт., мелко нарезать",
warning,ingredient_missing_from_steps,ingredient_not_named_in_steps,80,r080_ovoschnaya_mannaya_kasha_s_yaytsom_i_keshyu,Овощная манная каша с яйцом и кешью,1,semolina,`semolina` is in ingredients but not found in instructions by known aliases,манная крупа — 45 г,
warning,ingredient_missing_from_steps,ingredient_not_named_in_steps,81,r081_yaytsa_s_krasnoy_fasolyu_i_avokado_na_odnoy_skovorode,Яйца с красной фасолью и авокадо на одной сковороде,2,chili_pepper,`chili_pepper` is in ingredients but not found in instructions by known aliases,"красный чили — 0,5 шт., без семян, тонко нарезать",
warning,ingredient_missing_from_steps,ingredient_not_named_in_steps,81,r081_yaytsa_s_krasnoy_fasolyu_i_avokado_na_odnoy_skovorode,Яйца с красной фасолью и авокадо на одной сковороде,5,red_beans,`red_beans` is in ingredients but not found in instructions by known aliases,"красная фасоль консервированная — 0,5 банка 200 г, вместе с жидкостью",
warning,ingredient_missing_from_steps,ingredient_not_named_in_steps,82,r082_tost_s_brokkoli_yaytsom_i_yogurtovym_sousom,"Тост с брокколи, яйцом и йогуртовым соусом",1,whole_grain_bread,`whole_grain_bread` is in ingredients but not found in instructions by known aliases,цельнозерновой хлеб — 1–2 ломтика / ≈70 г,
warning,ingredient_missing_from_steps,ingredient_not_named_in_steps,82,r082_tost_s_brokkoli_yaytsom_i_yogurtovym_sousom,"Тост с брокколи, яйцом и йогуртовым соусом",5,lemon_juice,`lemon_juice` is in ingredients but not found in instructions by known aliases,лимонный сок — 5 мл,
warning,ingredient_missing_from_steps,ingredient_not_named_in_steps,84,r084_kesadilya_na_zavtrak_s_yaytsami_fasolyu_i_chedderom,"Кесадилья на завтрак с яйцами, фасолью и чеддером",4,red_beans,`red_beans` is in ingredients but not found in instructions by known aliases,"вареная фасоль пинто или красная фасоль — 60 г, промыть и обсушить",
warning,ingredient_missing_from_steps,ingredient_not_named_in_steps,85,r085_boul_s_batatom_shiitake_keylom_i_yaytsom,"Боул с бататом, шиитаке, кейлом и яйцом",5,red_cabbage,`red_cabbage` is in ingredients but not found in instructions by known aliases,"краснокочанная капуста — 35 г, тонко нашинковать",
warning,ingredient_missing_from_steps,ingredient_not_named_in_steps,85,r085_boul_s_batatom_shiitake_keylom_i_yaytsom,"Боул с бататом, шиитаке, кейлом и яйцом",12,microgreens,`microgreens` is in ingredients but not found in instructions by known aliases,проростки брокколи или любые проростки — 10 г,
warning,ingredient_missing_from_steps,ingredient_not_named_in_steps,86,r086_menemen_s_tomatami_zelenym_pertsem_i_myagkimi_yaytsami,"Менемен с томатами, зеленым перцем и мягкими яйцами",3,oregano,`oregano` is in ingredients but not found in instructions by known aliases,"сушеный орегано — 0,12 ч. л.",
warning,ingredient_missing_from_steps,ingredient_not_named_in_steps,87,r087_burrito_s_yaichnymi_belkami_shpinatom_i_kartofelem,"Буррито с яичными белками, шпинатом и картофелем",1,flour_tortilla,`flour_tortilla` is in ingredients but not found in instructions by known aliases,Цельнозерновые тортильи среднего размера — 1 шт. / ≈60 г,
warning,ingredient_missing_from_steps,ingredient_not_named_in_steps,87,r087_burrito_s_yaichnymi_belkami_shpinatom_i_kartofelem,"Буррито с яичными белками, шпинатом и картофелем",2,egg_white,`egg_white` is in ingredients but not found in instructions by known aliases,Жидкие яичные белки — 75 мл / ≈75 г,
warning,ingredient_missing_from_steps,ingredient_not_named_in_steps,88,r088_batat_tost_so_shpinatom_yaytsom_i_ostrym_sousom,"Батат-тост со шпинатом, яйцом и острым соусом",5,green_onion,`green_onion` is in ingredients but not found in instructions by known aliases,"зеленый лук — 1/2 ч. л., нарезать",
warning,ingredient_missing_from_steps,ingredient_not_named_in_steps,88,r088_batat_tost_so_shpinatom_yaytsom_i_ostrym_sousom,"Батат-тост со шпинатом, яйцом и острым соусом",6,hot_sauce,`hot_sauce` is in ingredients but not found in instructions by known aliases,острый соус — 1/2 ч. л.,
warning,ingredient_missing_from_steps,ingredient_not_named_in_steps,91,r091_belkovaya_ovsyanka_na_noch_s_yagodami_arahisovoy_pasto,"Белковая овсянка на ночь с ягодами, арахисовой пастой и греческим йогуртом",1,whey_protein,`whey_protein` is in ingredients but not found in instructions by known aliases,"ванильный протеин — 7,5 г",
warning,ingredient_missing_from_steps,ingredient_not_named_in_steps,92,r092_tofu_pankeyki_s_bananom_malinoy_i_brazilskimi_orehami,"Тофу-панкейки с бананом, малиной и бразильскими орехами",4,maple_syrup,`maple_syrup` is in ingredients but not found in instructions by known aliases,кленовый сироп или мед — 12 мл,
warning,ingredient_missing_from_steps,ingredient_not_named_in_steps,92,r092_tofu_pankeyki_s_bananom_malinoy_i_brazilskimi_orehami,"Тофу-панкейки с бананом, малиной и бразильскими орехами",7,lemon_juice,`lemon_juice` is in ingredients but not found in instructions by known aliases,лимонный сок — 2 мл,
warning,ingredient_missing_from_steps,ingredient_not_named_in_steps,92,r092_tofu_pankeyki_s_bananom_malinoy_i_brazilskimi_orehami,"Тофу-панкейки с бананом, малиной и бразильскими орехами",10,wheat_flour,`wheat_flour` is in ingredients but not found in instructions by known aliases,гречневая мука — 50 г,
warning,ingredient_missing_from_steps,ingredient_not_named_in_steps,92,r092_tofu_pankeyki_s_bananom_malinoy_i_brazilskimi_orehami,"Тофу-панкейки с бананом, малиной и бразильскими орехами",11,brown_sugar,`brown_sugar` is in ingredients but not found in instructions by known aliases,"светлый мусковадо — 9,6 г",
warning,ingredient_missing_from_steps,ingredient_not_named_in_steps,93,r093_nut_s_pertsem_tomatami_i_zharenym_tofu,"Нут с перцем, томатами и жареным тофу",6,tomato_paste,`tomato_paste` is in ingredients but not found in instructions by known aliases,"томатная паста — 7,5 г (примерно 1 ч. л.)",
warning,ingredient_missing_from_steps,ingredient_not_named_in_steps,94,r094_skrembl_s_fetoy_shpinatom_i_tomatami,"Скрэмбл с фетой, шпинатом и томатами",4,feta,`feta` is in ingredients but not found in instructions by known aliases,"фета — 60 г, кубиками",
warning,ingredient_missing_from_steps,ingredient_not_named_in_steps,96,r096_ovoschnye_yaichnye_maffiny_s_fetoy,Овощные яичные маффины с фетой,8,wheat_flour,`wheat_flour` is in ingredients but not found in instructions by known aliases,пшеничная мука — 2 г,
warning,ingredient_missing_from_steps,ingredient_not_named_in_steps,96,r096_ovoschnye_yaichnye_maffiny_s_fetoy,Овощные яичные маффины с фетой,10,feta,`feta` is in ingredients but not found in instructions by known aliases,"фета — 3,75 г, раскрошить",
warning,ingredient_missing_from_steps,ingredient_not_named_in_steps,97,r097_yaichnye_kesadili_so_shpinatom_chedderom_i_halapeno,"Яичные кесадильи со шпинатом, чеддером и халапеньо",7,flour_tortilla,`flour_tortilla` is in ingredients but not found in instructions by known aliases,"пшеничные или цельнозерновые тортильи 15–20 см — 1,33 шт.",
warning,ingredient_missing_from_steps,ingredient_not_named_in_steps,98,r098_veganskie_burrito_s_tofu_skremblom_i_chernoy_fasolyu,Веганские буррито с тофу-скрэмблом и черной фасолью,10,red_beans,`red_beans` is in ingredients but not found in instructions by known aliases,"красная фасоль вареная или консервированная — 22,5 г, промыть и обсушить",
warning,ingredient_missing_from_steps,ingredient_not_named_in_steps,98,r098_veganskie_burrito_s_tofu_skremblom_i_chernoy_fasolyu,Веганские буррито с тофу-скрэмблом и черной фасолью,11,bell_pepper,`bell_pepper` is in ingredients but not found in instructions by known aliases,"запеченный красный сладкий перец — 0,25 шт., тонко нарезать",
warning,ingredient_missing_from_steps,ingredient_not_named_in_steps,98,r098_veganskie_burrito_s_tofu_skremblom_i_chernoy_fasolyu,Веганские буррито с тофу-скрэмблом и черной фасолью,13,green_onion,`green_onion` is in ingredients but not found in instructions by known aliases,"маринованный красный лук или зеленый лук — 12,5 г",
warning,ingredient_missing_from_steps,ingredient_not_named_in_steps,98,r098_veganskie_burrito_s_tofu_skremblom_i_chernoy_fasolyu,Веганские буррито с тофу-скрэмблом и черной фасолью,14,chili_pepper,`chili_pepper` is in ingredients but not found in instructions by known aliases,"серрано или халапеньо — 0,25 шт., тонко нарезать",
warning,ingredient_missing_from_steps,ingredient_not_named_in_steps,99,r099_burrito_dlya_zamorozki_s_batatom_yaytsom_i_chernoy_fas,"Буррито для заморозки с бататом, яйцом и черной фасолью",15,red_beans,`red_beans` is in ingredients but not found in instructions by known aliases,"красная фасоль консервированная — 50 г, промыть и обсушить",
warning,ingredient_missing_from_steps,ingredient_not_named_in_steps,99,r099_burrito_dlya_zamorozki_s_batatom_yaytsom_i_chernoy_fas,"Буррито для заморозки с бататом, яйцом и черной фасолью",16,flour_tortilla,`flour_tortilla` is in ingredients but not found in instructions by known aliases,цельнозерновые или пшеничные тортильи 20 см — 1 шт.,
warning,ingredient_missing_from_steps,ingredient_not_named_in_steps,101,r101_kuritsa_kachchatore_s_orzo,Курица каччаторе с орзо,2,chicken_thigh,`chicken_thigh` is in ingredients but not found in instructions by known aliases,"куриные бедра на кости с кожей — 1–1,5 шт.",
warning,ingredient_missing_from_steps,ingredient_not_named_in_steps,103,r103_limonnaya_kuritsa_s_kartofelem_i_keylom,Лимонная курица с картофелем и кейлом,2,chicken_thigh,`chicken_thigh` is in ingredients but not found in instructions by known aliases,"куриные бедра без кости и кожи — 112,5 г",
warning,ingredient_missing_from_steps,ingredient_not_named_in_steps,104,r104_kremovaya_pasta_s_kuritsey_bryusselskoy_kapustoy_i_gri,"Кремовая паста с курицей, брюссельской капустой и грибами",2,chicken_thigh,`chicken_thigh` is in ingredients but not found in instructions by known aliases,"куриные бедра без кости и кожи — 90 г, нарезать небольшими кусочками",
warning,ingredient_missing_from_steps,ingredient_not_named_in_steps,104,r104_kremovaya_pasta_s_kuritsey_bryusselskoy_kapustoy_i_gri,"Кремовая паста с курицей, брюссельской капустой и грибами",4,brussels_sprouts,`brussels_sprouts` is in ingredients but not found in instructions by known aliases,"брюссельская капуста — 0,4 чашки, примерно 34 г, тонко нарезать",
warning,ingredient_missing_from_steps,ingredient_not_named_in_steps,104,r104_kremovaya_pasta_s_kuritsey_bryusselskoy_kapustoy_i_gri,"Кремовая паста с курицей, брюссельской капустой и грибами",12,green_onion,`green_onion` is in ingredients but not found in instructions by known aliases,"свежий зеленый лук — 0,4 ст. л., порубить",
warning,ingredient_missing_from_steps,ingredient_not_named_in_steps,105,r105_zapekanka_s_kuritsey_risom_i_brokkoli,"Запеканка с курицей, рисом и брокколи",10,chicken_broth,`chicken_broth` is in ingredients but not found in instructions by known aliases,куриный бульон с низким содержанием соли — 120 мл,
warning,ingredient_missing_from_steps,ingredient_not_named_in_steps,105,r105_zapekanka_s_kuritsey_risom_i_brokkoli,"Запеканка с курицей, рисом и брокколи",12,gouda,`gouda` is in ingredients but not found in instructions by known aliases,"сыр гауда с зеленью — 27,5 г, измельчить крупно",
warning,ingredient_missing_from_steps,ingredient_not_named_in_steps,106,r106_myasnoy_hleb_iz_indeyki_s_ketchup_glazuryu,Мясной хлеб из индейки с кетчуп-глазурью,2,milk,`milk` is in ingredients but not found in instructions by known aliases,молоко — 20 мл,
warning,ingredient_missing_from_steps,ingredient_not_named_in_steps,107,r107_kurinoe_bedro_s_kapustoy_i_yablokom,Куриное бедро с капустой и яблоком,1,chicken_thigh_skinless,`chicken_thigh_skinless` is in ingredients but not found in instructions by known aliases,куриное бедро без кожи — 1 шт. / ≈160 г,
warning,ingredient_missing_from_steps,ingredient_not_named_in_steps,107,r107_kurinoe_bedro_s_kapustoy_i_yablokom,Куриное бедро с капустой и яблоком,6,lemon_juice,`lemon_juice` is in ingredients but not found in instructions by known aliases,лимонный сок — 10 мл,
warning,ingredient_missing_from_steps,ingredient_not_named_in_steps,108,r108_kuritsa_s_kolbaskami_i_bryusselskoy_kapustoy_na_odnoy_,Курица с колбасками и брюссельской капустой на одной сковороде,12,chicken_thigh,`chicken_thigh` is in ingredients but not found in instructions by known aliases,"куриные бедра на кости с кожей — 1 шт., примерно 170 г",
warning,ingredient_missing_from_steps,ingredient_not_named_in_steps,108,r108_kuritsa_s_kolbaskami_i_bryusselskoy_kapustoy_na_odnoy_,Курица с колбасками и брюссельской капустой на одной сковороде,13,italian_sausage,`italian_sausage` is in ingredients but not found in instructions by known aliases,"итальянские колбаски — 1 крупные, примерно 170 г, нарезать кусками по 5 см",
warning,ingredient_missing_from_steps,ingredient_not_named_in_steps,109,r109_kurinyy_sup_s_beloy_fasolyu_i_keylom,Куриный суп с белой фасолью и кейлом,5,red_beans,`red_beans` is in ingredients but not found in instructions by known aliases,"консервированная белая фасоль — 0,17 банка 70,8 г, слегка слить жидкость",
warning,ingredient_missing_from_steps,ingredient_not_named_in_steps,111,r111_govyadina_tushennaya_s_ovoschami,"Говядина, тушенная с овощами",6,vegetable_broth,`vegetable_broth` is in ingredients but not found in instructions by known aliases,говяжий или овощной бульон — 220 мл,
warning,ingredient_missing_from_steps,ingredient_not_named_in_steps,111,r111_govyadina_tushennaya_s_ovoschami,"Говядина, тушенная с овощами",7,tomato_paste,`tomato_paste` is in ingredients but not found in instructions by known aliases,томатная паста — 10 г (примерно 2 ч. л.),
warning,ingredient_missing_from_steps,ingredient_not_named_in_steps,112,r112_govyadina_s_gribami_v_bulone,Говядина с грибами в бульоне,4,wheat_flour,`wheat_flour` is in ingredients but not found in instructions by known aliases,"пшеничная мука — 0,43 ст. л.",
warning,ingredient_missing_from_steps,ingredient_not_named_in_steps,113,r113_amerikanskoe_ragu_iz_govyadiny_s_kartofelem,Американское рагу из говядины с картофелем,2,tomato_paste,`tomato_paste` is in ingredients but not found in instructions by known aliases,"томатная паста — 12,5 г (примерно 2 ч. л.)",
warning,ingredient_missing_from_steps,ingredient_not_named_in_steps,113,r113_amerikanskoe_ragu_iz_govyadiny_s_kartofelem,Американское рагу из говядины с картофелем,8,beef_chuck,`beef_chuck` is in ingredients but not found in instructions by known aliases,"говяжья лопатка без кости — 0,21 кг, тремя толстыми стейками",
warning,ingredient_missing_from_steps,ingredient_not_named_in_steps,113,r113_amerikanskoe_ragu_iz_govyadiny_s_kartofelem,Американское рагу из говядины с картофелем,17,wine,`wine` is in ingredients but not found in instructions by known aliases,"сухой херес, вермут или красное бульон — 39,2 мл",
warning,ingredient_missing_from_steps,ingredient_not_named_in_steps,113,r113_amerikanskoe_ragu_iz_govyadiny_s_kartofelem,Американское рагу из говядины с картофелем,18,wheat_flour,`wheat_flour` is in ingredients but not found in instructions by known aliases,"пшеничная мука — 3,33 г",
warning,ingredient_missing_from_steps,ingredient_not_named_in_steps,114,r114_pulkogi_iz_govyadiny,Пулькоги из говядины,9,ginger,`ginger` is in ingredients but not found in instructions by known aliases,"свежий имбирь — 0,042 ч. л., измельчить",
warning,ingredient_missing_from_steps,ingredient_not_named_in_steps,114,r114_pulkogi_iz_govyadiny,Пулькоги из говядины,11,beef_sirloin,`beef_sirloin` is in ingredients but not found in instructions by known aliases,"говяжий сирлоин — 113,5 г, очень тонко нарезать",
warning,ingredient_missing_from_steps,ingredient_not_named_in_steps,115,r115_govyazhi_frikadelki_v_souse_iz_krasnoy_fasoli_souse_s_,Говяжьи фрикадельки в соусе из черных бобов с яичной лапшой,8,egg_noodles,`egg_noodles` is in ingredients but not found in instructions by known aliases,средняя яичная лапша — 45 г,
warning,ingredient_missing_from_steps,ingredient_not_named_in_steps,115,r115_govyazhi_frikadelki_v_souse_iz_krasnoy_fasoli_souse_s_,Говяжьи фрикадельки в соусе из черных бобов с яичной лапшой,9,stir_fry_vegetables,`stir_fry_vegetables` is in ingredients but not found in instructions by known aliases,овощная смесь для стир-фрая — 100 г,
warning,ingredient_missing_from_steps,ingredient_not_named_in_steps,115,r115_govyazhi_frikadelki_v_souse_iz_krasnoy_fasoli_souse_s_,Говяжьи фрикадельки в соусе из черных бобов с яичной лапшой,12,mint,`mint` is in ingredients but not found in instructions by known aliases,"мята — 0,12 пучка, листья отделить",
warning,ingredient_missing_from_steps,ingredient_not_named_in_steps,116,r116_marokkanskie_frikadelki_iz_baraniny_s_kuskusom,Марокканские фрикадельки из баранины с кускусом,9,mint,`mint` is in ingredients but not found in instructions by known aliases,"мята — 5 г, листья нарубить",
warning,ingredient_missing_from_steps,ingredient_not_named_in_steps,116,r116_marokkanskie_frikadelki_iz_baraniny_s_kuskusom,Марокканские фрикадельки из баранины с кускусом,14,tomato_paste,`tomato_paste` is in ingredients but not found in instructions by known aliases,"томатная паста с паприкой и щепоткой острого перца — 7,5 мл",
warning,ingredient_missing_from_steps,ingredient_not_named_in_steps,117,r117_meze_frikadelki_iz_govyadiny_s_pitoy,Мезе-фрикадельки из говядины с питой,5,oregano,`oregano` is in ingredients but not found in instructions by known aliases,"сушеный орегано — 0,5 ч. л.",
warning,ingredient_missing_from_steps,ingredient_not_named_in_steps,117,r117_meze_frikadelki_iz_govyadiny_s_pitoy,Мезе-фрикадельки из говядины с питой,9,wheat_flour,`wheat_flour` is in ingredients but not found in instructions by known aliases,"пшеничная мука — 0,5 ст. л.",
warning,ingredient_missing_from_steps,ingredient_not_named_in_steps,118,r118_kuritsa_s_kartofelem_i_grecheskim_yogurtom,Курица с картофелем и греческим йогуртом,4,cucumber,`cucumber` is in ingredients but not found in instructions by known aliases,огурец — 80 г,
warning,ingredient_missing_from_steps,ingredient_not_named_in_steps,118,r118_kuritsa_s_kartofelem_i_grecheskim_yogurtom,Курица с картофелем и греческим йогуртом,6,lemon_juice,`lemon_juice` is in ingredients but not found in instructions by known aliases,лимонный сок — 10 мл,
warning,ingredient_missing_from_steps,ingredient_not_named_in_steps,119,r119_burgery_iz_baraniny_s_tsatsiki,Бургеры из баранины с цацики,10,onion,`onion` is in ingredients but not found in instructions by known aliases,"красный лук — 0,12 шт., тонко нарезать",
warning,ingredient_missing_from_steps,ingredient_not_named_in_steps,119,r119_burgery_iz_baraniny_s_tsatsiki,Бургеры из баранины с цацики,13,mint,`mint` is in ingredients but not found in instructions by known aliases,"мята — 0,5 ст. л. рубленой + несколько листьев",
warning,ingredient_missing_from_steps,ingredient_not_named_in_steps,120,r120_govyazhiy_burger_s_ostrymi_batatnymi_dolkami,Говяжий бургер с острыми бататными дольками,8,burger_bun,`burger_bun` is in ingredients but not found in instructions by known aliases,"цельнозерновые булочки — 1 шт., разрезать пополам",
warning,ingredient_missing_from_steps,ingredient_not_named_in_steps,121,r121_svinaya_vyrezka_s_travami_tykvoy_i_pasternakom,"Свиная вырезка с травами, тыквой и пастернаком",5,lemon_juice,`lemon_juice` is in ingredients but not found in instructions by known aliases,"лимонная цедра — с 0,25 лимона",
warning,ingredient_missing_from_steps,ingredient_not_named_in_steps,121,r121_svinaya_vyrezka_s_travami_tykvoy_i_pasternakom,"Свиная вырезка с травами, тыквой и пастернаком",6,oregano,`oregano` is in ingredients but not found in instructions by known aliases,"сухие итальянские травы или приправа для свинины — 0,5 ч. л.",
warning,ingredient_missing_from_steps,ingredient_not_named_in_steps,121,r121_svinaya_vyrezka_s_travami_tykvoy_i_pasternakom,"Свиная вырезка с травами, тыквой и пастернаком",7,pork_tenderloin,`pork_tenderloin` is in ingredients but not found in instructions by known aliases,свиная вырезка — 125 г,
warning,ingredient_missing_from_steps,ingredient_not_named_in_steps,122,r122_svinye_otbivnye_s_pasternakom_krasnym_lukom_i_shalfeem,"Свиные отбивные с пастернаком, красным луком и шалфеем",6,honey,`honey` is in ingredients but not found in instructions by known aliases,"жидкий мед — 0,38 ст. л.",
warning,ingredient_missing_from_steps,ingredient_not_named_in_steps,123,r123_svinina_s_laymom_farro_i_shpinatom,"Свинина с лаймом, фарро и шпинатом",2,almond_butter,`almond_butter` is in ingredients but not found in instructions by known aliases,"арахисовая или миндальная паста — 0,25 ст. л.",
warning,ingredient_missing_from_steps,ingredient_not_named_in_steps,124,r124_svinye_otbivnye_s_morkovyu_zelenym_goroshkom_i_zhemchu,"Свиные отбивные с морковью, зеленым горошком и жемчужным луком",6,wheat_flour,`wheat_flour` is in ingredients but not found in instructions by known aliases,"пшеничная мука — 0,5 ч. л.",
warning,ingredient_missing_from_steps,ingredient_not_named_in_steps,125,r125_lo_meyn_so_svininoy_kapustoy_i_morkovyu,"Ло-мейн со свининой, капустой и морковью",1,egg_noodles,`egg_noodles` is in ingredients but not found in instructions by known aliases,"свежая лапша ло-мейн — 112,5 г",
warning,ingredient_missing_from_steps,ingredient_not_named_in_steps,125,r125_lo_meyn_so_svininoy_kapustoy_i_morkovyu,"Ло-мейн со свининой, капустой и морковью",3,pork_loin,`pork_loin` is in ingredients but not found in instructions by known aliases,"свиная корейка или бескостные ребрышки — 112,5 г, нарезать тонкими полосками",
warning,ingredient_missing_from_steps,ingredient_not_named_in_steps,125,r125_lo_meyn_so_svininoy_kapustoy_i_morkovyu,"Ло-мейн со свининой, капустой и морковью",11,wine,`wine` is in ingredients but not found in instructions by known aliases,"сухой херес или шаосинское бульон — 0,5 ст. л.",
warning,ingredient_missing_from_steps,ingredient_not_named_in_steps,125,r125_lo_meyn_so_svininoy_kapustoy_i_morkovyu,"Ло-мейн со свининой, капустой и морковью",15,ginger,`ginger` is in ingredients but not found in instructions by known aliases,"свежий имбирь — 3 г, измельчить",
warning,ingredient_missing_from_steps,ingredient_not_named_in_steps,125,r125_lo_meyn_so_svininoy_kapustoy_i_morkovyu,"Ло-мейн со свининой, капустой и морковью",17,green_onion,`green_onion` is in ingredients but not found in instructions by known aliases,"зеленый лук — 1 стебля, белые части нарезать кусочками, зеленые тонко нашинковать",
warning,ingredient_missing_from_steps,ingredient_not_named_in_steps,125,r125_lo_meyn_so_svininoy_kapustoy_i_morkovyu,"Ло-мейн со свининой, капустой и морковью",18,red_cabbage,`red_cabbage` is in ingredients but not found in instructions by known aliases,"краснокочанная капуста — 37,5 г, тонко нашинковать",
warning,ingredient_missing_from_steps,ingredient_not_named_in_steps,126,r126_glazirovannaya_svinaya_vyrezka_s_kabachkami_pertsem_i_,"Глазированная свиная вырезка с кабачками, перцем и грибами",1,pork_tenderloin,`pork_tenderloin` is in ingredients but not found in instructions by known aliases,свиная вырезка — 140 г,
warning,ingredient_missing_from_steps,ingredient_not_named_in_steps,127,r127_krambl_s_vetchinoy_lukom_poreem_i_korneplodami,"Крамбл с ветчиной, луком-пореем и корнеплодами",7,wheat_flour,`wheat_flour` is in ingredients but not found in instructions by known aliases,пшеничная мука — 50 г,
warning,ingredient_missing_from_steps,ingredient_not_named_in_steps,127,r127_krambl_s_vetchinoy_lukom_poreem_i_korneplodami,"Крамбл с ветчиной, луком-пореем и корнеплодами",8,vegetable_broth,`vegetable_broth` is in ingredients but not found in instructions by known aliases,горячий куриный или овощной бульон — 125 мл,
warning,ingredient_missing_from_steps,ingredient_not_named_in_steps,128,r128_kopchenoe_ragu_s_vetchinoy_chechevitsey_i_korneplodami,"Копченое рагу с ветчиной, чечевицей и корнеплодами",12,whole_grain_bread,`whole_grain_bread` is in ingredients but not found in instructions by known aliases,хрустящий хлеб — 1 ломтик,
warning,ingredient_missing_from_steps,ingredient_not_named_in_steps,129,r129_zapekanka_s_vetchinoy_brokkoli_risom_i_bekonom,"Запеканка с ветчиной, брокколи, рисом и беконом",3,wheat_flour,`wheat_flour` is in ingredients but not found in instructions by known aliases,"пшеничная мука — 0,33 ст. л.",
warning,ingredient_missing_from_steps,ingredient_not_named_in_steps,129,r129_zapekanka_s_vetchinoy_brokkoli_risom_i_bekonom,"Запеканка с ветчиной, брокколи, рисом и беконом",11,crackers,`crackers` is in ingredients but not found in instructions by known aliases,"соленые крекеры — 0,083 стакан, раскрошить",
warning,ingredient_missing_from_steps,ingredient_not_named_in_steps,130,r130_ovoschnoy_zharenyy_ris_s_bekonom_brokkoli_i_kress_sala,"Овощной жареный рис с беконом, брокколи и кресс-салатом",6,ginger,`ginger` is in ingredients but not found in instructions by known aliases,"свежий имбирь — кусочек 1,25 см, измельчить",
warning,ingredient_missing_from_steps,ingredient_not_named_in_steps,131,r131_losos_v_tayskom_zelenom_karri_s_kartofelem_i_shpinatom,Лосось в тайском зеленом карри с картофелем и шпинатом,6,thai_curry_paste,`thai_curry_paste` is in ingredients but not found in instructions by known aliases,тайская зеленая паста карри — 1 ст. л.,
warning,ingredient_missing_from_steps,ingredient_not_named_in_steps,131,r131_losos_v_tayskom_zelenom_karri_s_kartofelem_i_shpinatom,Лосось в тайском зеленом карри с картофелем и шпинатом,13,salmon,`salmon` is in ingredients but not found in instructions by known aliases,филе лосося без кожи — 1 шт.,
warning,ingredient_missing_from_steps,ingredient_not_named_in_steps,131,r131_losos_v_tayskom_zelenom_karri_s_kartofelem_i_shpinatom,Лосось в тайском зеленом карри с картофелем и шпинатом,15,green_onion,`green_onion` is in ingredients but not found in instructions by known aliases,"зеленый лук — 0,75 пера, тонко нарезать",
warning,ingredient_missing_from_steps,ingredient_not_named_in_steps,136,r136_treska_s_tomatami_pertsami_maslinami_i_beloy_fasolyu,"Треска с томатами, перцами, маслинами и белой фасолью",4,olives,`olives` is in ingredients but not found in instructions by known aliases,"черные маслины без косточек — 0,25 горсть",
warning,ingredient_missing_from_steps,ingredient_not_named_in_steps,136,r136_treska_s_tomatami_pertsami_maslinami_i_beloy_fasolyu,"Треска с томатами, перцами, маслинами и белой фасолью",6,red_beans,`red_beans` is in ingredients but not found in instructions by known aliases,"консервированная белая фасоль — 100 г, слить жидкость",
warning,ingredient_missing_from_steps,ingredient_not_named_in_steps,137,r137_ryba_s_batatnymi_dolkami_myatnym_goroshkom_i_yogurtovy,"Рыба с бататными дольками, мятным горошком и йогуртовым тартаром",12,milk,`milk` is in ingredients but not found in instructions by known aliases,"молоко — 12,5 мл",
warning,ingredient_missing_from_steps,ingredient_not_named_in_steps,137,r137_ryba_s_batatnymi_dolkami_myatnym_goroshkom_i_yogurtovy,"Рыба с бататными дольками, мятным горошком и йогуртовым тартаром",13,mint,`mint` is in ingredients but not found in instructions by known aliases,"мята — 0,25 ст. л. мелко нарезанной",
warning,ingredient_missing_from_steps,ingredient_not_named_in_steps,138,r138_treska_v_pergamente_s_miso_apelsinom_bok_choem_i_griba,"Треска в пергаменте с мисо, апельсином, бок-чоем и грибами",2,bok_choy,`bok_choy` is in ingredients but not found in instructions by known aliases,бок-чой — 5 листьев,
warning,ingredient_missing_from_steps,ingredient_not_named_in_steps,139,r139_belaya_ryba_pikkata_s_limonno_kapersovym_maslyanym_sou,Белая рыба пикката с лимонно-каперсовым масляным соусом,1,wheat_flour,`wheat_flour` is in ingredients but not found in instructions by known aliases,"пшеничная мука — 0,12 стакана плюс 0,062 ч. л.",
warning,ingredient_missing_from_steps,ingredient_not_named_in_steps,139,r139_belaya_ryba_pikkata_s_limonno_kapersovym_maslyanym_sou,Белая рыба пикката с лимонно-каперсовым масляным соусом,2,white_fish,`white_fish` is in ingredients but not found in instructions by known aliases,тонкое филе белой рыбы без кожи — 1 шт. по 170 г,
warning,ingredient_missing_from_steps,ingredient_not_named_in_steps,140,r140_zapechennaya_treska_s_limonom_belym_bulonm_i_hrustyasc,"Запеченная треска с лимоном, белым вином и хрустящей крошкой",4,lemon_juice,`lemon_juice` is in ingredients but not found in instructions by known aliases,"лимонный сок — из 0,12 лимона",
warning,ingredient_missing_from_steps,ingredient_not_named_in_steps,140,r140_zapechennaya_treska_s_limonom_belym_bulonm_i_hrustyasc,"Запеченная треска с лимоном, белым вином и хрустящей крошкой",5,vegetable_broth,`vegetable_broth` is in ingredients but not found in instructions by known aliases,"овощной бульон — 0,062 стакана",
warning,ingredient_missing_from_steps,ingredient_not_named_in_steps,140,r140_zapechennaya_treska_s_limonom_belym_bulonm_i_hrustyasc,"Запеченная треска с лимоном, белым вином и хрустящей крошкой",7,green_onion,`green_onion` is in ingredients but not found in instructions by known aliases,"зеленый лук — 0,25 ст. л., порубить",
warning,ingredient_missing_from_steps,ingredient_not_named_in_steps,141,r141_spagetti_s_korolevskimi_krevetkami_harissoy_i_brokkoli,"Спагетти с королевскими креветками, томатно-перечным соусом и брокколи",7,tomato_paste,`tomato_paste` is in ingredients but not found in instructions by known aliases,"томатная паста с паприкой и щепоткой острого перца — 12,5 г",
warning,ingredient_missing_from_steps,ingredient_not_named_in_steps,141,r141_spagetti_s_korolevskimi_krevetkami_harissoy_i_brokkoli,"Спагетти с королевскими креветками, томатно-перечным соусом и брокколи",8,lemon_juice,`lemon_juice` is in ingredients but not found in instructions by known aliases,"лимон — 0,5 шт., снять мелкую цедру",
warning,ingredient_missing_from_steps,ingredient_not_named_in_steps,142,r142_tselnozernovaya_pasta_s_tomatnym_sousom_i_morskim_miks,Цельнозерновая паста с томатным соусом и морским миксом,8,tomato_paste,`tomato_paste` is in ingredients but not found in instructions by known aliases,"томатная паста — 22,5 г (примерно 1-1,5 ст. л.)",
warning,ingredient_missing_from_steps,ingredient_not_named_in_steps,147,r147_limonnoe_rizotto_s_grebeshkami_i_zelenyu,Лимонное ризотто с гребешками и зеленью,7,scallops,`scallops` is in ingredients but not found in instructions by known aliases,"морские гребешки — 4 шт. или около 112,5 г, обсушить",
warning,ingredient_missing_from_steps,ingredient_not_named_in_steps,148,r148_orzo_s_midiyami_cherri_i_chesnochnym_maslom_v_odnoy_sk,"Орзо с мидиями, черри и чесночным маслом в одной сковороде",6,tomato_paste,`tomato_paste` is in ingredients but not found in instructions by known aliases,томатная паста — 15 г (примерно 1 ст. л.),
warning,ingredient_missing_from_steps,ingredient_not_named_in_steps,149,r149_pasta_s_shafranom_midiyami_grebeshkami_i_krevetkami,"Паста с шафраном, мидиями, гребешками и креветками",6,scallops,`scallops` is in ingredients but not found in instructions by known aliases,"морские гребешки — 50 г, крупные разрезать пополам",
warning,ingredient_missing_from_steps,ingredient_not_named_in_steps,151,r151_dal_iz_krasnoy_chechevitsy_so_shpinatom_i_batatom,Дал из красной чечевицы со шпинатом и бататом,4,ginger,`ginger` is in ingredients but not found in instructions by known aliases,"свежий имбирь — кусок около 0,75 см, очистить и мелко нарезать",
warning,ingredient_missing_from_steps,ingredient_not_named_in_steps,151,r151_dal_iz_krasnoy_chechevitsy_so_shpinatom_i_batatom,Дал из красной чечевицы со шпинатом и бататом,14,green_onion,`green_onion` is in ingredients but not found in instructions by known aliases,"зеленый лук — 1 перо, нарезать по диагонали",
warning,ingredient_missing_from_steps,ingredient_not_named_in_steps,152,r152_kunzhutnyy_hrustyaschiy_tofu_s_risom_i_edamame,Кунжутный хрустящий тофу с рисом и зеленым горошком,7,ginger,`ginger` is in ingredients but not found in instructions by known aliases,"свежий имбирь — 0,25 ч. л., натереть",
warning,ingredient_missing_from_steps,ingredient_not_named_in_steps,152,r152_kunzhutnyy_hrustyaschiy_tofu_s_risom_i_edamame,Кунжутный хрустящий тофу с рисом и зеленым горошком,14,green_peas,`green_peas` is in ingredients but not found in instructions by known aliases,"стручковый горошек — 0,5 стакан, приготовить на пару и нарезать",
warning,ingredient_missing_from_steps,ingredient_not_named_in_steps,152,r152_kunzhutnyy_hrustyaschiy_tofu_s_risom_i_edamame,Кунжутный хрустящий тофу с рисом и зеленым горошком,15,green_peas,`green_peas` is in ingredients but not found in instructions by known aliases,"зеленый горошек — 20 г, приготовленный на пару",
warning,ingredient_missing_from_steps,ingredient_not_named_in_steps,152,r152_kunzhutnyy_hrustyaschiy_tofu_s_risom_i_edamame,Кунжутный хрустящий тофу с рисом и зеленым горошком,16,green_onion,`green_onion` is in ingredients but not found in instructions by known aliases,"зеленый лук — 0,5 перо, нарезать",
warning,ingredient_missing_from_steps,ingredient_not_named_in_steps,153,r153_karri_s_baklazhanom_tofu_i_kokosovym_molokom,"Карри с баклажаном, тофу и кокосовым молоком",4,ginger,`ginger` is in ingredients but not found in instructions by known aliases,"свежий имбирь — кусок 1,75–2 см, очистить",
warning,ingredient_missing_from_steps,ingredient_not_named_in_steps,154,r154_tofu_v_kislo_sladkom_souse_general_tso_s_brokkoli_i_ri,Тофу в кисло-сладком соусе Генерал Цо с брокколи и рисом,5,sriracha,`sriracha` is in ingredients but not found in instructions by known aliases,"чили-чесночный соус — 0,5 ч. л.",
warning,ingredient_missing_from_steps,ingredient_not_named_in_steps,154,r154_tofu_v_kislo_sladkom_souse_general_tso_s_brokkoli_i_ri,Тофу в кисло-сладком соусе Генерал Цо с брокколи и рисом,8,cornstarch,`cornstarch` is in ingredients but not found in instructions by known aliases,"кукурузный крахмал — 2,5 ст. л. плюс 1 ч. л., разделить",
warning,ingredient_missing_from_steps,ingredient_not_named_in_steps,154,r154_tofu_v_kislo_sladkom_souse_general_tso_s_brokkoli_i_ri,Тофу в кисло-сладком соусе Генерал Цо с брокколи и рисом,12,ginger,`ginger` is in ingredients but not found in instructions by known aliases,"свежий имбирь — 0,5 ст. л., мелко нарезать",
warning,ingredient_missing_from_steps,ingredient_not_named_in_steps,154,r154_tofu_v_kislo_sladkom_souse_general_tso_s_brokkoli_i_ri,Тофу в кисло-сладком соусе Генерал Цо с брокколи и рисом,17,chili_pepper,`chili_pepper` is in ingredients but not found in instructions by known aliases,сушеные красные чили — 2 шт.,
warning,ingredient_missing_from_steps,ingredient_not_named_in_steps,155,r155_shakshuka_s_fetoy_i_zelenyu,Шакшука с фетой и зеленью,13,feta,`feta` is in ingredients but not found in instructions by known aliases,"фета — 0,062 стакана, раскрошить",
warning,ingredient_missing_from_steps,ingredient_not_named_in_steps,156,r156_farshirovannye_pertsy_s_risom_chernoy_fasolyu_i_syrom,"Фаршированные перцы с рисом, черной фасолью и сыром",6,tomato_paste,`tomato_paste` is in ingredients but not found in instructions by known aliases,"томатная паста — 0,5 ст. л.",
warning,ingredient_missing_from_steps,ingredient_not_named_in_steps,156,r156_farshirovannye_pertsy_s_risom_chernoy_fasolyu_i_syrom,"Фаршированные перцы с рисом, черной фасолью и сыром",12,red_beans,`red_beans` is in ingredients but not found in instructions by known aliases,"готовая красная фасоль — 0,38 стакана, промыть и обсушить",
warning,ingredient_missing_from_steps,ingredient_not_named_in_steps,156,r156_farshirovannye_pertsy_s_risom_chernoy_fasolyu_i_syrom,"Фаршированные перцы с рисом, черной фасолью и сыром",13,corn_kernels,`corn_kernels` is in ingredients but not found in instructions by known aliases,"кукурузные зерна — 0,25 стакан",
warning,ingredient_missing_from_steps,ingredient_not_named_in_steps,157,r157_enchiladas_s_batatom_chernoy_fasolyu_i_salsoy_verde,"Энчиладас с бататом, черной фасолью и сальсой верде",3,red_beans,`red_beans` is in ingredients but not found in instructions by known aliases,"красная фасоль — 0,2 банка 85 г, промыть и обсушить",
warning,ingredient_missing_from_steps,ingredient_not_named_in_steps,157,r157_enchiladas_s_batatom_chernoy_fasolyu_i_salsoy_verde,"Энчиладас с бататом, черной фасолью и сальсой верде",6,chili_pepper,`chili_pepper` is in ingredients but not found in instructions by known aliases,"зеленые чили консервированные — 0,4 банки по 115 г, нарезанные",
warning,ingredient_missing_from_steps,ingredient_not_named_in_steps,157,r157_enchiladas_s_batatom_chernoy_fasolyu_i_salsoy_verde,"Энчиладас с бататом, черной фасолью и сальсой верде",9,lime_juice,`lime_juice` is in ingredients but not found in instructions by known aliases,"сок лайма — 0,4 ст. л.",
warning,ingredient_missing_from_steps,ingredient_not_named_in_steps,157,r157_enchiladas_s_batatom_chernoy_fasolyu_i_salsoy_verde,"Энчиладас с бататом, черной фасолью и сальсой верде",19,onion,`onion` is in ingredients but not found in instructions by known aliases,"красный лук — 0,05 стакана, мелко нарезать",
warning,ingredient_missing_from_steps,ingredient_not_named_in_steps,158,r158_domashniy_vegetarianskiy_chili_s_chernoy_i_pinto_fasol,Домашний вегетарианский чили с черной и пинто фасолью,11,oregano,`oregano` is in ingredients but not found in instructions by known aliases,"сушеный орегано — 0,2 ч. л.",
warning,ingredient_missing_from_steps,ingredient_not_named_in_steps,159,r159_syrnye_burgery_iz_beloy_fasoli_s_pechenymi_tomatami,Сырные бургеры из белой фасоли с печеными томатами,1,red_beans,`red_beans` is in ingredients but not found in instructions by known aliases,"консервированная белая фасоль крупная белая фасоль — 0,5 банка 200 г, промыть и обсушить",
warning,ingredient_missing_from_steps,ingredient_not_named_in_steps,159,r159_syrnye_burgery_iz_beloy_fasoli_s_pechenymi_tomatami,Сырные бургеры из белой фасоли с печеными томатами,8,wheat_flour,`wheat_flour` is in ingredients but not found in instructions by known aliases,"пшеничная мука — 0,5 ст. л.",
warning,ingredient_missing_from_steps,ingredient_not_named_in_steps,159,r159_syrnye_burgery_iz_beloy_fasoli_s_pechenymi_tomatami,Сырные бургеры из белой фасоли с печеными томатами,10,whole_grain_bread,`whole_grain_bread` is in ingredients but not found in instructions by known aliases,свежие белые хлебные крошки — 25 г,
warning,ingredient_missing_from_steps,ingredient_not_named_in_steps,160,r160_chernofasolevye_burgery_s_fetoy_keshyu_i_chipotle,"Чернофасолевые бургеры с фетой, кешью и чипотле",6,chili_pepper,`chili_pepper` is in ingredients but not found in instructions by known aliases,"чили чипотле в адобо — 0,14 шт. плюс 0,14 ч. л. соуса, мелко нарезать",
warning,ingredient_missing_from_steps,ingredient_not_named_in_steps,160,r160_chernofasolevye_burgery_s_fetoy_keshyu_i_chipotle,"Чернофасолевые бургеры с фетой, кешью и чипотле",8,feta,`feta` is in ingredients but not found in instructions by known aliases,"фета или котиха — 0,071 стакана, мелко раскрошить",
warning,ingredient_missing_from_steps,ingredient_not_named_in_steps,160,r160_chernofasolevye_burgery_s_fetoy_keshyu_i_chipotle,"Чернофасолевые бургеры с фетой, кешью и чипотле",9,breadcrumbs,`breadcrumbs` is in ingredients but not found in instructions by known aliases,"панировочные сухари панко — 0,11 стакана",
warning,ingredient_missing_from_steps,ingredient_not_named_in_steps,160,r160_chernofasolevye_burgery_s_fetoy_keshyu_i_chipotle,"Чернофасолевые бургеры с фетой, кешью и чипотле",14,processed_cheese,`processed_cheese` is in ingredients but not found in instructions by known aliases,"сыр для плавления — 0,86–1,14 ломтиков",
warning,ingredient_missing_from_steps,ingredient_not_named_in_steps,161,r161_veganskiy_chili_s_batatom_chernoy_i_krasnoy_fasolyu,"Веганский чили с бататом, черной и красной фасолью",11,tomato_paste,`tomato_paste` is in ingredients but not found in instructions by known aliases,"Томатная паста — 0,25 ст. л. (около 5 г)",
warning,ingredient_missing_from_steps,ingredient_not_named_in_steps,161,r161_veganskiy_chili_s_batatom_chernoy_i_krasnoy_fasolyu,"Веганский чили с бататом, черной и красной фасолью",15,red_beans,`red_beans` is in ingredients but not found in instructions by known aliases,"Красная фасоль консервированная — 0,25 банка 100 г (около 60 г без жидкости), промыть и обсушить",
warning,ingredient_missing_from_steps,ingredient_not_named_in_steps,161,r161_veganskiy_chili_s_batatom_chernoy_i_krasnoy_fasolyu,"Веганский чили с бататом, черной и красной фасолью",16,red_beans,`red_beans` is in ingredients but not found in instructions by known aliases,"Красная фасоль консервированная — 0,25 банка 100 г (около 60 г без жидкости), промыть и обсушить",
warning,ingredient_missing_from_steps,ingredient_not_named_in_steps,161,r161_veganskiy_chili_s_batatom_chernoy_i_krasnoy_fasolyu,"Веганский чили с бататом, черной и красной фасолью",19,rice,`rice` is in ingredients but not found in instructions by known aliases,Отварной рис — 150 г готового риса,
warning,ingredient_missing_from_steps,ingredient_not_named_in_steps,162,r162_veganskiy_chili_s_krasnoy_chechevitsey_fasolyu_i_tykvo,"Веганский чили с красной чечевицей, фасолью и тыквой баттернат",2,green_onion,`green_onion` is in ingredients but not found in instructions by known aliases,"Зеленый лук — 16 г, белые и зеленые части нарезать отдельно",
warning,ingredient_missing_from_steps,ingredient_not_named_in_steps,162,r162_veganskiy_chili_s_krasnoy_chechevitsey_fasolyu_i_tykvo,"Веганский чили с красной чечевицей, фасолью и тыквой баттернат",5,tomato_paste,`tomato_paste` is in ingredients but not found in instructions by known aliases,"Томатная паста — 0,05 стакана (около 12 г)",
warning,ingredient_missing_from_steps,ingredient_not_named_in_steps,162,r162_veganskiy_chili_s_krasnoy_chechevitsey_fasolyu_i_tykvo,"Веганский чили с красной чечевицей, фасолью и тыквой баттернат",13,red_beans,`red_beans` is in ingredients but not found in instructions by known aliases,"Красная фасоль консервированная — 0,4 банки по 410 г (около 100 г без жидкости), промыть",
warning,ingredient_missing_from_steps,ingredient_not_named_in_steps,162,r162_veganskiy_chili_s_krasnoy_chechevitsey_fasolyu_i_tykvo,"Веганский чили с красной чечевицей, фасолью и тыквой баттернат",14,butternut_squash,`butternut_squash` is in ingredients but not found in instructions by known aliases,"Замороженная тыква баттернат кубиками — 0,4 стакана (около 56 г)",
warning,ingredient_missing_from_steps,ingredient_not_named_in_steps,163,r163_boul_s_kinoa_nutom_batatom_i_tahini,"Боул с киноа, нутом, бататом и тахини",12,greens,`greens` is in ingredients but not found in instructions by known aliases,"Петрушка или кинза рубленая — 0,062 стакана (2,5–3,75 г)",
warning,ingredient_missing_from_steps,ingredient_not_named_in_steps,164,r164_veganskiy_mapo_tofu_s_gribami_i_sychuanskim_pertsem,Веганский мапо-тофу с грибами и сычуаньским перцем,7,cornstarch,`cornstarch` is in ingredients but not found in instructions by known aliases,"Кукурузный крахмал — 0,25 ч. л. (около 0,75 г)",
warning,ingredient_missing_from_steps,ingredient_not_named_in_steps,164,r164_veganskiy_mapo_tofu_s_gribami_i_sychuanskim_pertsem,Веганский мапо-тофу с грибами и сычуаньским перцем,8,wine,`wine` is in ingredients but not found in instructions by known aliases,"Шаосинское бульон — 0,5 ст. л. (7,5 мл, около 7,5 г)",
warning,ingredient_missing_from_steps,ingredient_not_named_in_steps,164,r164_veganskiy_mapo_tofu_s_gribami_i_sychuanskim_pertsem,Веганский мапо-тофу с грибами и сычуаньским перцем,9,soy_sauce,`soy_sauce` is in ingredients but not found in instructions by known aliases,"Темный соевый соус — 0,25 ст. л. (3,75 мл, около 4,5 г)",
warning,ingredient_missing_from_steps,ingredient_not_named_in_steps,164,r164_veganskiy_mapo_tofu_s_gribami_i_sychuanskim_pertsem,Веганский мапо-тофу с грибами и сычуаньским перцем,13,ginger,`ginger` is in ingredients but not found in instructions by known aliases,"Свежий имбирь — 0,25 ст. л. (около 2,5 г), натереть",
warning,ingredient_missing_from_steps,ingredient_not_named_in_steps,164,r164_veganskiy_mapo_tofu_s_gribami_i_sychuanskim_pertsem,Веганский мапо-тофу с грибами и сычуаньским перцем,19,rice,`rice` is in ingredients but not found in instructions by known aliases,Готовый белый рис — 150 г,
warning,ingredient_missing_from_steps,ingredient_not_named_in_steps,165,r165_kokosovoe_karri_s_nutom_shpinatom_i_risom,"Кокосовое карри с нутом, шпинатом и рисом",10,ginger,`ginger` is in ingredients but not found in instructions by known aliases,"Свежий имбирь — 0,25 ч. л. (около 1,25 г), натереть",
warning,ingredient_missing_from_steps,ingredient_not_named_in_steps,165,r165_kokosovoe_karri_s_nutom_shpinatom_i_risom,"Кокосовое карри с нутом, шпинатом и рисом",16,rice,`rice` is in ingredients but not found in instructions by known aliases,Готовый рис — 150 г,
warning,ingredient_missing_from_steps,ingredient_not_named_in_steps,166,r166_boul_s_hrustyaschim_tofu_korichnevym_risom_i_brokkoli,"Боул с хрустящим тофу, коричневым рисом и брокколи",5,cornstarch,`cornstarch` is in ingredients but not found in instructions by known aliases,"Кукурузный крахмал — 0,25 ст. л. (около 2 г)",
warning,ingredient_missing_from_steps,ingredient_not_named_in_steps,167,r167_tako_s_kinoa_chernoy_fasolyu_i_avokado_sousom,"Тако с киноа, черной фасолью и авокадо-соусом",4,tomato_paste,`tomato_paste` is in ingredients but not found in instructions by known aliases,"Томатная паста — 0,5 ст. л. (около 7,5 г)",
warning,ingredient_missing_from_steps,ingredient_not_named_in_steps,167,r167_tako_s_kinoa_chernoy_fasolyu_i_avokado_sousom,"Тако с киноа, черной фасолью и авокадо-соусом",9,red_beans,`red_beans` is in ingredients but not found in instructions by known aliases,"Красная фасоль консервированная — 0,17 банка 66,7 г (около 40 г без жидкости), промыть",
warning,ingredient_missing_from_steps,ingredient_not_named_in_steps,167,r167_tako_s_kinoa_chernoy_fasolyu_i_avokado_sousom,"Тако с киноа, черной фасолью и авокадо-соусом",14,chili_pepper,`chili_pepper` is in ingredients but not found in instructions by known aliases,"Халапеньо без семян — 0,17 шт. (около 2,5 г), нарезать",
warning,ingredient_missing_from_steps,ingredient_not_named_in_steps,168,r168_zelenoe_karri_s_chechevitsey_i_risom,Зеленое карри с чечевицей и рисом,17,rice,`rice` is in ingredients but not found in instructions by known aliases,Готовый рис — 150 г,
warning,ingredient_missing_from_steps,ingredient_not_named_in_steps,169,r169_veganskie_burgery_iz_chernoy_fasoli_ovsa_i_gribov,"Веганские бургеры из черной фасоли, овса и грибов",1,red_beans,`red_beans` is in ingredients but not found in instructions by known aliases,"Красная фасоль консервированная — 0,17 стакана (около 28,3 г фасоли) + 4–8 мл сохраненной жидкости",
warning,ingredient_missing_from_steps,ingredient_not_named_in_steps,169,r169_veganskie_burgery_iz_chernoy_fasoli_ovsa_i_gribov,"Веганские бургеры из черной фасоли, овса и грибов",7,onion,`onion` is in ingredients but not found in instructions by known aliases,"Белая луковица — 0,067 шт. (около 10,7 г), нарезать",
warning,ingredient_missing_from_steps,ingredient_not_named_in_steps,170,r170_veganskaya_dzhambalayya_s_risom_i_beloy_fasolyu,Веганская джамбалайя с рисом и белой фасолью,12,red_beans,`red_beans` is in ingredients but not found in instructions by known aliases,"Белая масляная фасоль консервированная — 0,5 банка 200 г (около 120 г без жидкости), промыть",
warning,ingredient_missing_from_steps,ingredient_not_named_in_steps,171,r171_spagetti_boloneze_s_govyadinoy_i_svininoy,Спагетти болоньезе с говядиной и свининой,9,oregano,`oregano` is in ingredients but not found in instructions by known aliases,"сушеный орегано — 0,25 ч. л.",
warning,ingredient_missing_from_steps,ingredient_not_named_in_steps,173,r173_ovoschnaya_lazanya_s_tsukini_shpinatom_i_tvorozhnoy_na,"Овощная лазанья с цукини, шпинатом и творожной начинкой",14,pasta_generic,`pasta_generic` is in ingredients but not found in instructions by known aliases,"листы лазаньи без предварительной варки — 1,12 шт.",
warning,ingredient_missing_from_steps,ingredient_not_named_in_steps,174,r174_zapechennye_ziti_s_italyanskoy_kolbasoy_i_motsarelloy,Запеченные зити с итальянской колбасой и моцареллой,8,italian_sausage,`italian_sausage` is in ingredients but not found in instructions by known aliases,"сладкая или острая итальянская колбаса — 64,3 г, снять оболочку и раскрошить",
warning,ingredient_missing_from_steps,ingredient_not_named_in_steps,175,r175_veganskiy_gribnoy_stroganov_s_lapshoy,Веганский грибной строганов с лапшой,12,pasta_generic,`pasta_generic` is in ingredients but not found in instructions by known aliases,"сухая лапша фарфалле или тальятелле — 56,7 г",
warning,ingredient_missing_from_steps,ingredient_not_named_in_steps,175,r175_veganskiy_gribnoy_stroganov_s_lapshoy,Веганский грибной строганов с лапшой,13,green_onion,`green_onion` is in ingredients but not found in instructions by known aliases,"зеленый лук — 0,33 ст. л., порубить",
warning,ingredient_missing_from_steps,ingredient_not_named_in_steps,179,r179_myasnaya_lazanya_s_rikottoy_i_tomatami,Мясная лазанья с рикоттой и томатами,1,italian_sausage,`italian_sausage` is in ingredients but not found in instructions by known aliases,"сладкая итальянская колбаса — 37,5 г",
warning,ingredient_missing_from_steps,ingredient_not_named_in_steps,179,r179_myasnaya_lazanya_s_rikottoy_i_tomatami,Мясная лазанья с рикоттой и томатами,13,italian_seasoning,`italian_seasoning` is in ingredients but not found in instructions by known aliases,"итальянская приправа — 0,083 ч. л.",
warning,ingredient_missing_from_steps,ingredient_not_named_in_steps,180,r180_pasta_v_odnoy_kastryule_s_italyanskoy_kolbasoy_i_keylo,Паста в одной кастрюле с итальянской колбасой и кейлом,1,pasta_generic,`pasta_generic` is in ingredients but not found in instructions by known aliases,цельнозерновые ротини или пенне — 45 г,
warning,ingredient_missing_from_steps,ingredient_not_named_in_steps,180,r180_pasta_v_odnoy_kastryule_s_italyanskoy_kolbasoy_i_keylo,Паста в одной кастрюле с итальянской колбасой и кейлом,2,italian_sausage,`italian_sausage` is in ingredients but not found in instructions by known aliases,"итальянская колбаса — 45 г, снять оболочку и раскрошить",
warning,ingredient_missing_from_steps,ingredient_not_named_in_steps,180,r180_pasta_v_odnoy_kastryule_s_italyanskoy_kolbasoy_i_keylo,Паста в одной кастрюле с итальянской колбасой и кейлом,8,italian_seasoning,`italian_seasoning` is in ingredients but not found in instructions by known aliases,"итальянская приправа — 0,3 ч. л.",
warning,ingredient_missing_from_steps,ingredient_not_named_in_steps,183,r183_kurinyy_biryani_s_izyumom_i_mindalem,Куриный бирьяни с изюмом и миндалем,9,thai_curry_paste,`thai_curry_paste` is in ingredients but not found in instructions by known aliases,паста балти карри или мягкая индийская карри-паста — 15 г,
warning,ingredient_missing_from_steps,ingredient_not_named_in_steps,184,r184_tayskiy_zharenyy_ris_s_ananasom_i_keshyu,Тайский жареный рис с ананасом и кешью,10,sriracha,`sriracha` is in ingredients but not found in instructions by known aliases,"чили-чесночный соус или шрирача — 0,33–0,67 ч. л.",
warning,ingredient_missing_from_steps,ingredient_not_named_in_steps,186,r186_boul_s_batatom_fasolyu_i_risom,"Боул с бататом, фасолью и рисом",6,red_beans,`red_beans` is in ingredients but not found in instructions by known aliases,"красная фасоль — 0,5 банки по 425 г, слегка слить",
warning,ingredient_missing_from_steps,ingredient_not_named_in_steps,186,r186_boul_s_batatom_fasolyu_i_risom,"Боул с бататом, фасолью и рисом",14,hot_sauce,`hot_sauce` is in ingredients but not found in instructions by known aliases,"острый соус — 1,25–3,75 мл / ≈1,25–3,75 г",
warning,ingredient_missing_from_steps,ingredient_not_named_in_steps,188,r188_kuritsa_s_risom_i_yaytsom,Курица с рисом и яйцом,2,rice,`rice` is in ingredients but not found in instructions by known aliases,готовый рис — 150 г,
warning,ingredient_missing_from_steps,ingredient_not_named_in_steps,188,r188_kuritsa_s_risom_i_yaytsom,Курица с рисом и яйцом,4,onion,`onion` is in ingredients but not found in instructions by known aliases,лук — 40 г,
warning,ingredient_missing_from_steps,ingredient_not_named_in_steps,189,r189_rizotto_s_batternat_tykvoy_i_rozmarinom,Ризотто с баттернат-тыквой и розмарином,2,onion,`onion` is in ingredients but not found in instructions by known aliases,"желтая луковица — 0,25 средняя, нарезать",
warning,ingredient_missing_from_steps,ingredient_not_named_in_steps,190,r190_zapechennoe_gribnoe_rizotto_s_parmezanom,Запеченное грибное ризотто с пармезаном,9,cream,`cream` is in ingredients but not found in instructions by known aliases,"жирные сливки — 0,12 стакана плюс 0,5 ст. л.",
warning,ingredient_missing_from_steps,ingredient_not_named_in_steps,191,r191_svinye_kolbaski_s_batatom_kukuruzoy_i_mango_na_protivn,"Свиные колбаски с бататом, кукурузой и манго на противне",2,corn_cob,`corn_cob` is in ingredients but not found in instructions by known aliases,"кукурузные початки — 0,4 шт., разрезать на 4–6 кусков",
warning,ingredient_missing_from_steps,ingredient_not_named_in_steps,191,r191_svinye_kolbaski_s_batatom_kukuruzoy_i_mango_na_protivn,"Свиные колбаски с бататом, кукурузой и манго на противне",9,oregano,`oregano` is in ingredients but not found in instructions by known aliases,"сушеный орегано — 0,4 ч. л.",
warning,ingredient_missing_from_steps,ingredient_not_named_in_steps,192,r192_karri_kuritsa_s_molodym_kartofelem_na_protivne,Карри-курица с молодым картофелем на противне,10,onion,`onion` is in ingredients but not found in instructions by known aliases,"красный лук — 0,25 шт., мелко нарезать",
warning,ingredient_missing_from_steps,ingredient_not_named_in_steps,193,r193_tayskaya_skumbriya_s_batatom_i_pertsami_na_protivne,Тайская скумбрия с бататом и перцами на противне,4,ginger,`ginger` is in ingredients but not found in instructions by known aliases,Свежий имбирь — 5 г,
warning,ingredient_missing_from_steps,ingredient_not_named_in_steps,193,r193_tayskaya_skumbriya_s_batatom_i_pertsami_na_protivne,Тайская скумбрия с бататом и перцами на противне,14,green_onion,`green_onion` is in ingredients but not found in instructions by known aliases,Зеленый лук — 1 перо / ≈5 г,
warning,ingredient_missing_from_steps,ingredient_not_named_in_steps,194,r194_kolbaski_s_molodym_kartofelem_artishokami_i_pesto_na_p,"Колбаски с молодым картофелем, артишоками и песто на противне",6,sausage,`sausage` is in ingredients but not found in instructions by known aliases,"свиные колбаски — 1 шт., нарезать кусками",
warning,ingredient_missing_from_steps,ingredient_not_named_in_steps,194,r194_kolbaski_s_molodym_kartofelem_artishokami_i_pesto_na_p,"Колбаски с молодым картофелем, артишоками и песто на противне",10,red_beans,`red_beans` is in ingredients but not found in instructions by known aliases,"консервированная белая фасоль или флажоле — 200 г, промыть и обсушить",
warning,ingredient_missing_from_steps,ingredient_not_named_in_steps,194,r194_kolbaski_s_molodym_kartofelem_artishokami_i_pesto_na_p,"Колбаски с молодым картофелем, артишоками и песто на противне",13,whole_grain_bread,`whole_grain_bread` is in ingredients but not found in instructions by known aliases,хрустящий хлеб — 1 ломтик,
warning,ingredient_missing_from_steps,ingredient_not_named_in_steps,195,r195_kurinye_bedra_s_krasnoy_kapustoy_i_batatom_na_protivne,Куриные бедра с красной капустой и бататом на противне,7,chicken_thigh,`chicken_thigh` is in ingredients but not found in instructions by known aliases,куриные бедра на кости с кожей — 1 шт. по 170 г,
warning,ingredient_missing_from_steps,ingredient_not_named_in_steps,195,r195_kurinye_bedra_s_krasnoy_kapustoy_i_batatom_na_protivne,Куриные бедра с красной капустой и бататом на противне,8,red_cabbage,`red_cabbage` is in ingredients but not found in instructions by known aliases,"красная капуста — 0,25 небольшой кочан около 225 г, внешние листья удалить",
warning,ingredient_missing_from_steps,ingredient_not_named_in_steps,196,r196_kartofel_so_shpinatnoy_nachinkoy_v_stile_spanakopity,Картофель со шпинатной начинкой в стиле спанакопиты,6,oregano,`oregano` is in ingredients but not found in instructions by known aliases,"свежий орегано — 0,12 ст. л., порубить",
warning,ingredient_missing_from_steps,ingredient_not_named_in_steps,198,r198_batat_s_fasolyu_risom_i_avokado,"Батат с фасолью, рисом и авокадо",4,bell_pepper,`bell_pepper` is in ingredients but not found in instructions by known aliases,сладкий перец — 80 г,
warning,ingredient_missing_from_steps,ingredient_not_named_in_steps,198,r198_batat_s_fasolyu_risom_i_avokado,"Батат с фасолью, рисом и авокадо",7,lime_juice,`lime_juice` is in ingredients but not found in instructions by known aliases,сок лайма или лимона — 10 мл,
warning,ingredient_missing_from_steps,ingredient_not_named_in_steps,200,r200_batatnyy_hesh_s_bekonom_yablokami_i_yaytsami,"Бататный хэш с беконом, яблоками и яйцами",6,apple,`apple` is in ingredients but not found in instructions by known aliases,"крепкие яблоки — 0,5 крупных, удалить сердцевину и нарезать кубиками",
warning,ingredient_missing_from_steps,ingredient_not_named_in_steps,201,r201_boul_s_kuritsey_tykvoy_i_bryusselskoy_kapustoy,"Боул с курицей, тыквой и брюссельской капустой",2,butternut_squash,`butternut_squash` is in ingredients but not found in instructions by known aliases,Мускатная тыква — 180 г,
warning,ingredient_missing_from_steps,ingredient_not_named_in_steps,201,r201_boul_s_kuritsey_tykvoy_i_bryusselskoy_kapustoy,"Боул с курицей, тыквой и брюссельской капустой",3,brussels_sprouts,`brussels_sprouts` is in ingredients but not found in instructions by known aliases,Брюссельская капуста — 120 г,
warning,ingredient_missing_from_steps,ingredient_not_named_in_steps,201,r201_boul_s_kuritsey_tykvoy_i_bryusselskoy_kapustoy,"Боул с курицей, тыквой и брюссельской капустой",6,lemon_juice,`lemon_juice` is in ingredients but not found in instructions by known aliases,Лимонный сок — 10 мл,
warning,ingredient_missing_from_steps,ingredient_not_named_in_steps,201,r201_boul_s_kuritsey_tykvoy_i_bryusselskoy_kapustoy,"Боул с курицей, тыквой и брюссельской капустой",8,pumpkin_seeds,`pumpkin_seeds` is in ingredients but not found in instructions by known aliases,Тыквенные семечки — 10 г (примерно 1 ст. л.),
warning,ingredient_missing_from_steps,ingredient_not_named_in_steps,202,r202_lanch_bouly_s_bulgurom_kinoa_avokado_i_svekloy,"Ланч-боулы с булгуром, киноа, авокадо и свеклой",16,mint,`mint` is in ingredients but not found in instructions by known aliases,"Мята нарезанная — 1,5 г",
warning,ingredient_missing_from_steps,ingredient_not_named_in_steps,202,r202_lanch_bouly_s_bulgurom_kinoa_avokado_i_svekloy,"Ланч-боулы с булгуром, киноа, авокадо и свеклой",21,orange,`orange` is in ingredients but not found in instructions by known aliases,"Апельсин, очищенный и разделенный на сегменты — 40 г",
warning,ingredient_missing_from_steps,ingredient_not_named_in_steps,203,r203_zernovoy_boul_s_indeykoy_chipotle_i_avokado,Зерновой боул с индейкой чипотле и авокадо,3,lime_juice,`lime_juice` is in ingredients but not found in instructions by known aliases,"Лайм, цедра, сок половины и дольки второй половины — 9 мл",
warning,ingredient_missing_from_steps,ingredient_not_named_in_steps,204,r204_boul_s_lososem_brokkoli_i_bulgurom,"Боул с лососем, брокколи и булгуром",6,lemon_juice,`lemon_juice` is in ingredients but not found in instructions by known aliases,Лимонный сок — 10 мл,
warning,ingredient_missing_from_steps,ingredient_not_named_in_steps,205,r205_poke_boul_s_krevetkami_risom_i_mango,"Поке-боул с креветками, рисом и манго",6,soy_sauce,`soy_sauce` is in ingredients but not found in instructions by known aliases,Соевый соус — 10 мл,
warning,ingredient_missing_from_steps,ingredient_not_named_in_steps,205,r205_poke_boul_s_krevetkami_risom_i_mango,"Поке-боул с креветками, рисом и манго",7,lime_juice,`lime_juice` is in ingredients but not found in instructions by known aliases,Лаймовый сок — 10 мл,
warning,ingredient_missing_from_steps,ingredient_not_named_in_steps,206,r206_boul_iz_perlovki_s_yaytsom_bekonom_i_tomatnym_sousom,"Боул из перловки с яйцом, беконом и томатным соусом",1,pearl_barley,`pearl_barley` is in ingredients but not found in instructions by known aliases,Перловая крупа — 55 г,
warning,ingredient_missing_from_steps,ingredient_not_named_in_steps,207,r207_grecheskiy_boul_s_kuritsey_kuskusom_i_dzadziki,"Греческий боул с курицей, кускусом и дзадзики",4,oregano,`oregano` is in ingredients but not found in instructions by known aliases,"Сушеный орегано — 0,5 г",
warning,ingredient_missing_from_steps,ingredient_not_named_in_steps,207,r207_grecheskiy_boul_s_kuritsey_kuskusom_i_dzadziki,"Греческий боул с курицей, кускусом и дзадзики",13,couscous,`couscous` is in ingredients but not found in instructions by known aliases,Сухой кускус — 45 г,
warning,ingredient_missing_from_steps,ingredient_not_named_in_steps,207,r207_grecheskiy_boul_s_kuritsey_kuskusom_i_dzadziki,"Греческий боул с курицей, кускусом и дзадзики",19,mint,`mint` is in ingredients but not found in instructions by known aliases,"Свежая мята нарезанная — 0,5 г",
warning,ingredient_missing_from_steps,ingredient_not_named_in_steps,207,r207_grecheskiy_boul_s_kuritsey_kuskusom_i_dzadziki,"Греческий боул с курицей, кускусом и дзадзики",27,feta,`feta` is in ingredients but not found in instructions by known aliases,Фета — 30 г (примерно 3 ст. л. крошки),
warning,ingredient_missing_from_steps,ingredient_not_named_in_steps,208,r208_sredizemnomorskiy_boul_s_kuritsey_kinoa_i_sousom_iz_pe,"Средиземноморский боул с курицей, киноа и соусом из печеного перца",15,feta,`feta` is in ingredients but not found in instructions by known aliases,Фета — 10 г (примерно 2 ст. л. крошки),
warning,ingredient_missing_from_steps,ingredient_not_named_in_steps,210,r210_boul_s_kinoa_zapechennymi_ovoschami_i_pesto_iz_keyla,"Боул с киноа, запеченными овощами и песто из кейла",14,cauliflower,`cauliflower` is in ingredients but not found in instructions by known aliases,"Цветная капуста, соцветия — 75 г",
warning,ingredient_missing_from_steps,ingredient_not_named_in_steps,210,r210_boul_s_kinoa_zapechennymi_ovoschami_i_pesto_iz_keyla,"Боул с киноа, запеченными овощами и песто из кейла",15,broccoli,`broccoli` is in ingredients but not found in instructions by known aliases,Брокколини или брокколи — 30 г,
warning,ingredient_missing_from_steps,ingredient_not_named_in_steps,210,r210_boul_s_kinoa_zapechennymi_ovoschami_i_pesto_iz_keyla,"Боул с киноа, запеченными овощами и песто из кейла",16,brussels_sprouts,`brussels_sprouts` is in ingredients but not found in instructions by known aliases,"Брюссельская капуста, разрезанная пополам — 55 г",
warning,ingredient_missing_from_steps,ingredient_not_named_in_steps,211,r211_govyadina_s_fasolyu_i_risom_na_skovorode,Говядина с фасолью и рисом на сковороде,2,red_beans,`red_beans` is in ingredients but not found in instructions by known aliases,Красная фасоль консервированная — 120 г,
warning,ingredient_missing_from_steps,ingredient_not_named_in_steps,212,r212_kurinyy_sup_s_domashnim_bulonom_i_shirokoy_lapshoy,Куриный суп с домашним бульоном и широкой лапшой,1,carrot,`carrot` is in ingredients but not found in instructions by known aliases,морковь — 50 г,
warning,ingredient_missing_from_steps,ingredient_not_named_in_steps,212,r212_kurinyy_sup_s_domashnim_bulonom_i_shirokoy_lapshoy,Куриный суп с домашним бульоном и широкой лапшой,3,onion,`onion` is in ingredients but not found in instructions by known aliases,желтый лук — 12 г,
warning,ingredient_missing_from_steps,ingredient_not_named_in_steps,212,r212_kurinyy_sup_s_domashnim_bulonom_i_shirokoy_lapshoy,Куриный суп с домашним бульоном и широкой лапшой,4,chicken_drumstick,`chicken_drumstick` is in ingredients but not found in instructions by known aliases,куриные окорочка на кости — 170 г,
warning,ingredient_missing_from_steps,ingredient_not_named_in_steps,212,r212_kurinyy_sup_s_domashnim_bulonom_i_shirokoy_lapshoy,Куриный суп с домашним бульоном и широкой лапшой,13,egg_noodles,`egg_noodles` is in ingredients but not found in instructions by known aliases,широкая яичная лапша — 14 г,
warning,ingredient_missing_from_steps,ingredient_not_named_in_steps,213,r213_ovoschnoy_minestrone_s_beloy_fasolyu_i_pastoy,Овощной минестроне с белой фасолью и пастой,9,red_beans,`red_beans` is in ingredients but not found in instructions by known aliases,готовая белая фасоль или красная фасоль — 16 г,
warning,ingredient_missing_from_steps,ingredient_not_named_in_steps,213,r213_ovoschnoy_minestrone_s_beloy_fasolyu_i_pastoy,Овощной минестроне с белой фасолью и пастой,10,red_beans,`red_beans` is in ingredients but not found in instructions by known aliases,зеленая фасоль — 35 г,
warning,ingredient_missing_from_steps,ingredient_not_named_in_steps,213,r213_ovoschnoy_minestrone_s_beloy_fasolyu_i_pastoy,Овощной минестроне с белой фасолью и пастой,13,oregano,`oregano` is in ingredients but not found in instructions by known aliases,сушеный орегано — 1 мл,
warning,ingredient_missing_from_steps,ingredient_not_named_in_steps,215,r215_zolotoy_karri_sup_iz_krasnoy_chechevitsy_s_kokosovym_m,Золотой карри-суп из красной чечевицы с кокосовым молоком,4,ginger,`ginger` is in ingredients but not found in instructions by known aliases,свежий имбирь — 4 мл,
warning,ingredient_missing_from_steps,ingredient_not_named_in_steps,215,r215_zolotoy_karri_sup_iz_krasnoy_chechevitsy_s_kokosovym_m,Золотой карри-суп из красной чечевицы с кокосовым молоком,5,chili_pepper,`chili_pepper` is in ingredients but not found in instructions by known aliases,перец серрано — 40 г,
warning,ingredient_missing_from_steps,ingredient_not_named_in_steps,215,r215_zolotoy_karri_sup_iz_krasnoy_chechevitsy_s_kokosovym_m,Золотой карри-суп из красной чечевицы с кокосовым молоком,11,tamari,`tamari` is in ingredients but not found in instructions by known aliases,"кокосовые аминокислоты, соевый соус или тамари — 8 мл",
warning,ingredient_missing_from_steps,ingredient_not_named_in_steps,215,r215_zolotoy_karri_sup_iz_krasnoy_chechevitsy_s_kokosovym_m,Золотой карри-суп из красной чечевицы с кокосовым молоком,13,lemon_juice,`lemon_juice` is in ingredients but not found in instructions by known aliases,сок лимона или лайма — 4 мл,
warning,ingredient_missing_from_steps,ingredient_not_named_in_steps,215,r215_zolotoy_karri_sup_iz_krasnoy_chechevitsy_s_kokosovym_m,Золотой карри-суп из красной чечевицы с кокосовым молоком,15,cream,`cream` is in ingredients but not found in instructions by known aliases,кокосовые сливки — 15 мл,
warning,ingredient_missing_from_steps,ingredient_not_named_in_steps,216,r216_marokkanskaya_harira_s_govyadinoy_nutom_i_chechevitsey,"Марокканская харира с говядиной, нутом и чечевицей",6,ginger,`ginger` is in ingredients but not found in instructions by known aliases,"молотый имбирь — 0,5 мл",
warning,ingredient_missing_from_steps,ingredient_not_named_in_steps,216,r216_marokkanskaya_harira_s_govyadinoy_nutom_i_chechevitsey,"Марокканская харира с говядиной, нутом и чечевицей",9,tomato_paste,`tomato_paste` is in ingredients but not found in instructions by known aliases,томатная паста — 3 мл,
warning,ingredient_missing_from_steps,ingredient_not_named_in_steps,216,r216_marokkanskaya_harira_s_govyadinoy_nutom_i_chechevitsey,"Марокканская харира с говядиной, нутом и чечевицей",15,cornstarch,`cornstarch` is in ingredients but not found in instructions by known aliases,кукурузный крахмал или мука — 9 мл,
warning,ingredient_missing_from_steps,ingredient_not_named_in_steps,217,r217_tayskiy_zelenyy_karri_sup_s_udonom_i_krevetkami,Тайский зеленый карри-суп с удоном и креветками,2,thai_curry_paste,`thai_curry_paste` is in ingredients but not found in instructions by known aliases,тайская зеленая карри-паста — 1 полная ст. л.,
warning,ingredient_missing_from_steps,ingredient_not_named_in_steps,217,r217_tayskiy_zelenyy_karri_sup_s_udonom_i_krevetkami,Тайский зеленый карри-суп с удоном и креветками,7,egg_noodles,`egg_noodles` is in ingredients but not found in instructions by known aliases,лапша удон для быстрого приготовления — 120 г,
warning,ingredient_missing_from_steps,ingredient_not_named_in_steps,217,r217_tayskiy_zelenyy_karri_sup_s_udonom_i_krevetkami,Тайский зеленый карри-суп с удоном и креветками,10,chili_pepper,`chili_pepper` is in ingredients but not found in instructions by known aliases,"красный чили — 0,5 шт.",
warning,ingredient_missing_from_steps,ingredient_not_named_in_steps,217,r217_tayskiy_zelenyy_karri_sup_s_udonom_i_krevetkami,Тайский зеленый карри-суп с удоном и креветками,11,green_onion,`green_onion` is in ingredients but not found in instructions by known aliases,зеленый лук — 1 перо,
warning,ingredient_missing_from_steps,ingredient_not_named_in_steps,218,r218_kurinoe_ragu_v_staute_s_bekonom_morkovyu_i_gribami,"Куриное рагу в стауте с беконом, морковью и грибами",1,wheat_flour,`wheat_flour` is in ingredients but not found in instructions by known aliases,пшеничная мука — 8 г,
warning,ingredient_missing_from_steps,ingredient_not_named_in_steps,218,r218_kurinoe_ragu_v_staute_s_bekonom_morkovyu_i_gribami,"Куриное рагу в стауте с беконом, морковью и грибами",4,chicken_thigh,`chicken_thigh` is in ingredients but not found in instructions by known aliases,куриные бедра без кожи и костей — 140 г,
warning,ingredient_missing_from_steps,ingredient_not_named_in_steps,219,r219_kuritsa_s_kletskami_v_legkom_ragu,Курица с клецками в легком рагу,8,wheat_flour,`wheat_flour` is in ingredients but not found in instructions by known aliases,пшеничная мука — 8 мл,
warning,ingredient_missing_from_steps,ingredient_not_named_in_steps,219,r219_kuritsa_s_kletskami_v_legkom_ragu,Курица с клецками в легком рагу,12,creme_fraiche,`creme_fraiche` is in ingredients but not found in instructions by known aliases,крем-фреш — 30 мл,
warning,ingredient_missing_from_steps,ingredient_not_named_in_steps,219,r219_kuritsa_s_kletskami_v_legkom_ragu,Курица с клецками в легком рагу,13,milk,`milk` is in ingredients but not found in instructions by known aliases,молоко — 30 мл,
warning,ingredient_missing_from_steps,ingredient_not_named_in_steps,219,r219_kuritsa_s_kletskami_v_legkom_ragu,Курица с клецками в легком рагу,15,egg,`egg` is in ingredients but not found in instructions by known aliases,яйца — 1 шт. / 50 г,
warning,ingredient_missing_from_steps,ingredient_not_named_in_steps,219,r219_kuritsa_s_kletskami_v_legkom_ragu,Курица с клецками в легком рагу,16,wheat_flour,`wheat_flour` is in ingredients but not found in instructions by known aliases,пшеничная мука — 60 г,
warning,ingredient_missing_from_steps,ingredient_not_named_in_steps,220,r220_svinina_s_zelenym_chili_kartofelem_i_homini,"Свинина с зеленым чили, картофелем и хомини",1,pork_loin,`pork_loin` is in ingredients but not found in instructions by known aliases,свиная лопатка или филе для жаркого без кости — 150 г,
warning,ingredient_missing_from_steps,ingredient_not_named_in_steps,220,r220_svinina_s_zelenym_chili_kartofelem_i_homini,"Свинина с зеленым чили, картофелем и хомини",3,onion,`onion` is in ingredients but not found in instructions by known aliases,лук — 17 г,
warning,ingredient_missing_from_steps,ingredient_not_named_in_steps,220,r220_svinina_s_zelenym_chili_kartofelem_i_homini,"Свинина с зеленым чили, картофелем и хомини",8,cornstarch,`cornstarch` is in ingredients but not found in instructions by known aliases,быстрорастворимая тапиока или кукурузный крахмал — 5 мл,
warning,ingredient_missing_from_steps,ingredient_not_named_in_steps,220,r220_svinina_s_zelenym_chili_kartofelem_i_homini,"Свинина с зеленым чили, картофелем и хомини",13,oregano,`oregano` is in ingredients but not found in instructions by known aliases,"сушеный орегано — 0,5 мл",
warning,ingredient_missing_from_steps,ingredient_not_named_in_steps,222,r222_kurinaya_zapekanka_s_brokkoli_pastoy_i_mindalnoy_syrno,"Куриная запеканка с брокколи, пастой и миндальной сырной корочкой",4,chicken_breast,`chicken_breast` is in ingredients but not found in instructions by known aliases,куриная грудка без кожи — 90 г,
warning,ingredient_missing_from_steps,ingredient_not_named_in_steps,222,r222_kurinaya_zapekanka_s_brokkoli_pastoy_i_mindalnoy_syrno,"Куриная запеканка с брокколи, пастой и миндальной сырной корочкой",7,greens,`greens` is in ingredients but not found in instructions by known aliases,мягкий сыр с чесноком и зеленью — 20 г,
warning,ingredient_missing_from_steps,ingredient_not_named_in_steps,223,r223_kurinaya_zapekanka_kordon_blyu_s_brokkoli_i_fuzilli,Куриная запеканка кордон блю с брокколи и фузилли,6,pasta_generic,`pasta_generic` is in ingredients but not found in instructions by known aliases,фузилли из цельной пшеницы — 40 г,
warning,ingredient_missing_from_steps,ingredient_not_named_in_steps,223,r223_kurinaya_zapekanka_kordon_blyu_s_brokkoli_i_fuzilli,Куриная запеканка кордон блю с брокколи и фузилли,9,cottage_cheese,`cottage_cheese` is in ingredients but not found in instructions by known aliases,сухие твороговочные сухари — 7 г,
warning,ingredient_missing_from_steps,ingredient_not_named_in_steps,223,r223_kurinaya_zapekanka_kordon_blyu_s_brokkoli_i_fuzilli,Куриная запеканка кордон блю с брокколи и фузилли,11,wheat_flour,`wheat_flour` is in ingredients but not found in instructions by known aliases,мука — 8 мл,
warning,ingredient_missing_from_steps,ingredient_not_named_in_steps,224,r224_zapekanka_s_govyazhim_farshem_tsvetnoy_kapustoy_i_ched,"Запеканка с говяжьим фаршем, цветной капустой и чеддером",10,italian_seasoning,`italian_seasoning` is in ingredients but not found in instructions by known aliases,"итальянская приправа — 0,5 мл",
warning,ingredient_missing_from_steps,ingredient_not_named_in_steps,225,r225_zapekanka_s_tuntsom_yaichnoy_lapshoy_goroshkom_i_hrust,"Запеканка с тунцом, яичной лапшой, горошком и хрустящей крошкой",1,egg_noodles,`egg_noodles` is in ingredients but not found in instructions by known aliases,яичная лапша — 55 г,
warning,ingredient_missing_from_steps,ingredient_not_named_in_steps,225,r225_zapekanka_s_tuntsom_yaichnoy_lapshoy_goroshkom_i_hrust,"Запеканка с тунцом, яичной лапшой, горошком и хрустящей крошкой",8,wheat_flour,`wheat_flour` is in ingredients but not found in instructions by known aliases,мука — 11 мл,
warning,ingredient_missing_from_steps,ingredient_not_named_in_steps,226,r226_grecheskaya_musaka_s_baklazhanami_i_beshamelem,Греческая мусака с баклажанами и бешамелем,6,lamb_ground,`lamb_ground` is in ingredients but not found in instructions by known aliases,говяжий или бараний фарш — 90 г,
warning,ingredient_missing_from_steps,ingredient_not_named_in_steps,226,r226_grecheskaya_musaka_s_baklazhanami_i_beshamelem,Греческая мусака с баклажанами и бешамелем,7,tomato_paste,`tomato_paste` is in ingredients but not found in instructions by known aliases,"томатная паста — 4,5 мл",
warning,ingredient_missing_from_steps,ingredient_not_named_in_steps,226,r226_grecheskaya_musaka_s_baklazhanami_i_beshamelem,Греческая мусака с баклажанами и бешамелем,15,wheat_flour,`wheat_flour` is in ingredients but not found in instructions by known aliases,мука — 8 г,
warning,ingredient_missing_from_steps,ingredient_not_named_in_steps,226,r226_grecheskaya_musaka_s_baklazhanami_i_beshamelem,Греческая мусака с баклажанами и бешамелем,18,parmesan,`parmesan` is in ingredients but not found in instructions by known aliases,сыр кефалотири или пармезан — 10 г (примерно 2 ст. л. тертого),
warning,ingredient_missing_from_steps,ingredient_not_named_in_steps,227,r227_zapechennye_rakushki_s_rikottoy_shpinatom_i_marinaroy,"Запеченные ракушки с рикоттой, шпинатом и маринарой",1,pasta_generic,`pasta_generic` is in ingredients but not found in instructions by known aliases,крупные макаронные ракушки — 5 шт.,
warning,ingredient_missing_from_steps,ingredient_not_named_in_steps,227,r227_zapechennye_rakushki_s_rikottoy_shpinatom_i_marinaroy,"Запеченные ракушки с рикоттой, шпинатом и маринарой",3,cabbage,`cabbage` is in ingredients but not found in instructions by known aliases,капуста кейл или шпинат — 40 г,
warning,ingredient_missing_from_steps,ingredient_not_named_in_steps,227,r227_zapechennye_rakushki_s_rikottoy_shpinatom_i_marinaroy,"Запеченные ракушки с рикоттой, шпинатом и маринарой",5,lemon_juice,`lemon_juice` is in ingredients but not found in instructions by known aliases,лимонная цедра — 1 мл,
warning,ingredient_missing_from_steps,ingredient_not_named_in_steps,228,r228_enchiladas_so_shpinatom_artishokami_i_chernoy_fasolyu,"Энчиладас со шпинатом, артишоками и черной фасолью",10,chili_pepper,`chili_pepper` is in ingredients but not found in instructions by known aliases,перец халапеньо — 25 г,
warning,ingredient_missing_from_steps,ingredient_not_named_in_steps,229,r229_pastushiy_pirog_s_govyadinoy_i_kartofelnym_pyure,Пастуший пирог с говядиной и картофельным пюре,1,beef_ground,`beef_ground` is in ingredients but not found in instructions by known aliases,Говяжий фарш 5-10% — 130 г,
warning,ingredient_missing_from_steps,ingredient_not_named_in_steps,229,r229_pastushiy_pirog_s_govyadinoy_i_kartofelnym_pyure,Пастуший пирог с говядиной и картофельным пюре,4,green_peas,`green_peas` is in ingredients but not found in instructions by known aliases,Зеленый горошек — 50 г,
warning,ingredient_missing_from_steps,ingredient_not_named_in_steps,229,r229_pastushiy_pirog_s_govyadinoy_i_kartofelnym_pyure,Пастуший пирог с говядиной и картофельным пюре,5,milk,`milk` is in ingredients but not found in instructions by known aliases,Молоко — 40 мл,
warning,ingredient_missing_from_steps,ingredient_not_named_in_steps,230,r230_tetratstsini_iz_indeyki_s_gribami_goroshkom_i_parmezan,"Тетраццини из индейки с грибами, горошком и пармезаном",7,wheat_flour,`wheat_flour` is in ingredients but not found in instructions by known aliases,мука — 8 г,
warning,ingredient_missing_from_steps,ingredient_not_named_in_steps,230,r230_tetratstsini_iz_indeyki_s_gribami_goroshkom_i_parmezan,"Тетраццини из индейки с грибами, горошком и пармезаном",16,cottage_cheese,`cottage_cheese` is in ingredients but not found in instructions by known aliases,твороговочные сухари — 15 г,
warning,ingredient_missing_from_steps,ingredient_not_named_in_steps,231,r231_kurinyy_salat_shaurma_s_yogurtovoy_zapravkoy,Куриный салат шаурма с тахини-йогуртовой заправкой,3,lemon_juice,`lemon_juice` is in ingredients but not found in instructions by known aliases,лимонный сок — 35 г,
warning,ingredient_missing_from_steps,ingredient_not_named_in_steps,231,r231_kurinyy_salat_shaurma_s_yogurtovoy_zapravkoy,Куриный салат шаурма с тахини-йогуртовой заправкой,9,oregano,`oregano` is in ingredients but not found in instructions by known aliases,сушеный орегано — 1 мл,
warning,ingredient_missing_from_steps,ingredient_not_named_in_steps,231,r231_kurinyy_salat_shaurma_s_yogurtovoy_zapravkoy,Куриный салат шаурма с тахини-йогуртовой заправкой,20,pita,`pita` is in ingredients but not found in instructions by known aliases,питы или лепешки — 1 шт.,
warning,ingredient_missing_from_steps,ingredient_not_named_in_steps,231,r231_kurinyy_salat_shaurma_s_yogurtovoy_zapravkoy,Куриный салат шаурма с тахини-йогуртовой заправкой,21,chili_pepper,`chili_pepper` is in ingredients but not found in instructions by known aliases,маринованный чили — 1 шт.,
warning,ingredient_missing_from_steps,ingredient_not_named_in_steps,232,r232_pitatelnyy_salat_s_kuritsey_shpinatom_fetoy_i_semechka,"Питательный салат с курицей, шпинатом, фетой и семечками",4,oregano,`oregano` is in ingredients but not found in instructions by known aliases,"сушеный орегано — 0,5 мл",
warning,ingredient_missing_from_steps,ingredient_not_named_in_steps,232,r232_pitatelnyy_salat_s_kuritsey_shpinatom_fetoy_i_semechka,"Питательный салат с курицей, шпинатом, фетой и семечками",15,feta,`feta` is in ingredients but not found in instructions by known aliases,фета — 9 г (примерно 2 ст. л. крошки),
warning,ingredient_missing_from_steps,ingredient_not_named_in_steps,232,r232_pitatelnyy_salat_s_kuritsey_shpinatom_fetoy_i_semechka,"Питательный салат с курицей, шпинатом, фетой и семечками",16,sunflower_seeds,`sunflower_seeds` is in ingredients but not found in instructions by known aliases,жареные несоленые семечки подсолнечника — 8 мл,
warning,ingredient_missing_from_steps,ingredient_not_named_in_steps,233,r233_tako_salat_s_kuritsey_keylom_fasolyu_i_avokado_ranch,"Тако-салат с курицей, кейлом, фасолью и авокадо-ранч",7,chicken_breast,`chicken_breast` is in ingredients but not found in instructions by known aliases,готовая куриная грудка — 70 г,
warning,ingredient_missing_from_steps,ingredient_not_named_in_steps,234,r234_tuntsovyy_nisuaz_s_pechenym_kartofelem_i_yaytsami,Тунцовый нисуаз с печеным картофелем и яйцами,11,tuna,`tuna` is in ingredients but not found in instructions by known aliases,консервированный желтоперый тунец в воде — 90 г,
warning,ingredient_missing_from_steps,ingredient_not_named_in_steps,237,r237_salat_s_tuntsom_fasolyu_yablokom_i_fetoy,"Салат с тунцом, фасолью, яблоком и фетой",2,red_beans,`red_beans` is in ingredients but not found in instructions by known aliases,Белая фасоль консервированная — 120 г,
warning,ingredient_missing_from_steps,ingredient_not_named_in_steps,237,r237_salat_s_tuntsom_fasolyu_yablokom_i_fetoy,"Салат с тунцом, фасолью, яблоком и фетой",5,feta,`feta` is in ingredients but not found in instructions by known aliases,Фета — 35 г,
warning,ingredient_missing_from_steps,ingredient_not_named_in_steps,237,r237_salat_s_tuntsom_fasolyu_yablokom_i_fetoy,"Салат с тунцом, фасолью, яблоком и фетой",7,lemon_juice,`lemon_juice` is in ingredients but not found in instructions by known aliases,Лимонный сок — 10 мл,
warning,ingredient_missing_from_steps,ingredient_not_named_in_steps,240,r240_tunets_so_shpinatom_olivkami_fetoy_i_yogurtovoy_zaprav,"Тунец со шпинатом, оливками, фетой и йогуртовой заправкой",3,tomato,`tomato` is in ingredients but not found in instructions by known aliases,Помидоры черри — 120 г,
warning,ingredient_missing_from_steps,ingredient_not_named_in_steps,240,r240_tunets_so_shpinatom_olivkami_fetoy_i_yogurtovoy_zaprav,"Тунец со шпинатом, оливками, фетой и йогуртовой заправкой",5,feta,`feta` is in ingredients but not found in instructions by known aliases,Фета — 40 г,
warning,ingredient_missing_from_steps,ingredient_not_named_in_steps,241,r241_kurinye_fahitas_s_pertsem_i_salsoy,Куриные фахитас с перцем и сальсой,11,hot_sauce,`hot_sauce` is in ingredients but not found in instructions by known aliases,соус острый перечный соус — 4–5 капель,
warning,ingredient_missing_from_steps,ingredient_not_named_in_steps,241,r241_kurinye_fahitas_s_pertsem_i_salsoy,Куриные фахитас с перцем и сальсой,14,flour_tortilla,`flour_tortilla` is in ingredients but not found in instructions by known aliases,пшеничные тортильи — 120 г,
warning,ingredient_missing_from_steps,ingredient_not_named_in_steps,242,r242_tako_s_beloy_ryboy_krasnoy_kapustoy_i_avokado,"Тако с белой рыбой, красной капустой и авокадо",6,white_fish,`white_fish` is in ingredients but not found in instructions by known aliases,филе белой рыбы без кожи и костей — 120 г,
warning,ingredient_missing_from_steps,ingredient_not_named_in_steps,242,r242_tako_s_beloy_ryboy_krasnoy_kapustoy_i_avokado,"Тако с белой рыбой, красной капустой и авокадо",7,red_cabbage,`red_cabbage` is in ingredients but not found in instructions by known aliases,красная капуста — 1/4 кочана,
warning,ingredient_missing_from_steps,ingredient_not_named_in_steps,242,r242_tako_s_beloy_ryboy_krasnoy_kapustoy_i_avokado,"Тако с белой рыбой, красной капустой и авокадо",11,flour_tortilla,`flour_tortilla` is in ingredients but not found in instructions by known aliases,маленькие кукурузные или пшеничные тортильи — 120 г,
warning,ingredient_missing_from_steps,ingredient_not_named_in_steps,243,r243_tayskoe_krasnoe_karri_s_kurinymi_bedrami,Тайское красное карри с куриными бедрами,3,thai_curry_paste,`thai_curry_paste` is in ingredients but not found in instructions by known aliases,тайская красная карри-паста — 22 мл,
warning,ingredient_missing_from_steps,ingredient_not_named_in_steps,243,r243_tayskoe_krasnoe_karri_s_kurinymi_bedrami,Тайское красное карри с куриными бедрами,5,chicken_thigh,`chicken_thigh` is in ingredients but not found in instructions by known aliases,куриные бедра без кожи и костей — 2 шт.,
warning,ingredient_missing_from_steps,ingredient_not_named_in_steps,243,r243_tayskoe_krasnoe_karri_s_kurinymi_bedrami,Тайское красное карри с куриными бедрами,11,ginger,`ginger` is in ingredients but not found in instructions by known aliases,свежий имбирь — кусочек с большой палец,
warning,ingredient_missing_from_steps,ingredient_not_named_in_steps,243,r243_tayskoe_krasnoe_karri_s_kurinymi_bedrami,Тайское красное карри с куриными бедрами,12,rice,`rice` is in ingredients but not found in instructions by known aliases,готовый рис — 150 г,
warning,ingredient_missing_from_steps,ingredient_not_named_in_steps,244,r244_kuritsa_tikka_masala_s_pertsem,Курица тикка масала с перцем,9,tomato_paste,`tomato_paste` is in ingredients but not found in instructions by known aliases,томатная паста — 6 мл,
warning,ingredient_missing_from_steps,ingredient_not_named_in_steps,245,r245_goanskoe_karri_s_krevetkami_kartofelem_i_kokosom,"Гоанское карри с креветками, картофелем и кокосом",3,chili_pepper,`chili_pepper` is in ingredients but not found in instructions by known aliases,"сушеные красные чили — 0,8 шт.",
warning,ingredient_missing_from_steps,ingredient_not_named_in_steps,245,r245_goanskoe_karri_s_krevetkami_kartofelem_i_kokosom,"Гоанское карри с креветками, картофелем и кокосом",4,ginger,`ginger` is in ingredients but not found in instructions by known aliases,свежий имбирь — кусочек с большой палец,
warning,ingredient_missing_from_steps,ingredient_not_named_in_steps,245,r245_goanskoe_karri_s_krevetkami_kartofelem_i_kokosom,"Гоанское карри с креветками, картофелем и кокосом",8,tomato_paste,`tomato_paste` is in ingredients but not found in instructions by known aliases,томатная паста — 5 г (примерно 1 ч. л.),
warning,ingredient_missing_from_steps,ingredient_not_named_in_steps,245,r245_goanskoe_karri_s_krevetkami_kartofelem_i_kokosom,"Гоанское карри с креветками, картофелем и кокосом",13,cauliflower,`cauliflower` is in ingredients but not found in instructions by known aliases,цветная капуста — 50 г,
warning,ingredient_missing_from_steps,ingredient_not_named_in_steps,245,r245_goanskoe_karri_s_krevetkami_kartofelem_i_kokosom,"Гоанское карри с креветками, картофелем и кокосом",16,green_onion,`green_onion` is in ingredients but not found in instructions by known aliases,зеленый лук — 13 г,
warning,ingredient_missing_from_steps,ingredient_not_named_in_steps,246,r246_bystro_obzharennaya_govyadina_s_brokkoli_i_morkovyu,Быстро обжаренная говядина с брокколи и морковью,2,cornstarch,`cornstarch` is in ingredients but not found in instructions by known aliases,кукурузный крахмал — 4 мл,
warning,ingredient_missing_from_steps,ingredient_not_named_in_steps,246,r246_bystro_obzharennaya_govyadina_s_brokkoli_i_morkovyu,Быстро обжаренная говядина с брокколи и морковью,4,ginger,`ginger` is in ingredients but not found in instructions by known aliases,свежий имбирь — 4 мл,
warning,ingredient_missing_from_steps,ingredient_not_named_in_steps,246,r246_bystro_obzharennaya_govyadina_s_brokkoli_i_morkovyu,Быстро обжаренная говядина с брокколи и морковью,7,beef_sirloin,`beef_sirloin` is in ingredients but not found in instructions by known aliases,говяжий верхний сирлойн без кости — 85 г,
warning,ingredient_missing_from_steps,ingredient_not_named_in_steps,247,r247_kuritsa_kung_pao_s_ovoschami_i_arahisom,Курица кунг пао с овощами и арахисом,2,wine,`wine` is in ingredients but not found in instructions by known aliases,китайское рисовое вино или сухой херес — 4 мл,
warning,ingredient_missing_from_steps,ingredient_not_named_in_steps,247,r247_kuritsa_kung_pao_s_ovoschami_i_arahisom,Курица кунг пао с овощами и арахисом,3,cornstarch,`cornstarch` is in ingredients but not found in instructions by known aliases,"кукурузный крахмал — 0,5 мл",
warning,ingredient_missing_from_steps,ingredient_not_named_in_steps,247,r247_kuritsa_kung_pao_s_ovoschami_i_arahisom,Курица кунг пао с овощами и арахисом,10,ginger,`ginger` is in ingredients but not found in instructions by known aliases,свежий имбирь — кусочек 4 см,
warning,ingredient_missing_from_steps,ingredient_not_named_in_steps,247,r247_kuritsa_kung_pao_s_ovoschami_i_arahisom,Курица кунг пао с овощами и арахисом,11,green_onion,`green_onion` is in ingredients but not found in instructions by known aliases,"зеленый лук — 2 пучка, белую часть нарезать кусочками, зеленую тонко нарезать",
warning,ingredient_missing_from_steps,ingredient_not_named_in_steps,247,r247_kuritsa_kung_pao_s_ovoschami_i_arahisom,Курица кунг пао с овощами и арахисом,12,stir_fry_vegetables,`stir_fry_vegetables` is in ingredients but not found in instructions by known aliases,овощная смесь для стир-фрай — 140 г,
warning,ingredient_missing_from_steps,ingredient_not_named_in_steps,248,r248_barani_kebaby_mergez_s_morkovno_yogurtovym_sousom,Бараньи кебабы мергез с морковно-йогуртовым соусом,15,mint,`mint` is in ingredients but not found in instructions by known aliases,"мята — 2,5 г",
warning,ingredient_missing_from_steps,ingredient_not_named_in_steps,249,r249_kurinaya_shaurma_v_lavashe_s_yogurtovym_sousom,Куриная шаурма в лаваше с йогуртовым соусом,4,cucumber,`cucumber` is in ingredients but not found in instructions by known aliases,Огурец — 80 г,
warning,ingredient_missing_from_steps,ingredient_not_named_in_steps,249,r249_kurinaya_shaurma_v_lavashe_s_yogurtovym_sousom,Куриная шаурма в лаваше с йогуртовым соусом,5,tomato,`tomato` is in ingredients but not found in instructions by known aliases,Помидор — 100 г,
warning,ingredient_missing_from_steps,ingredient_not_named_in_steps,249,r249_kurinaya_shaurma_v_lavashe_s_yogurtovym_sousom,Куриная шаурма в лаваше с йогуртовым соусом,6,cabbage,`cabbage` is in ingredients but not found in instructions by known aliases,Белокочанная капуста — 80 г,
warning,ingredient_missing_from_steps,ingredient_not_named_in_steps,249,r249_kurinaya_shaurma_v_lavashe_s_yogurtovym_sousom,Куриная шаурма в лаваше с йогуртовым соусом,7,lemon_juice,`lemon_juice` is in ingredients but not found in instructions by known aliases,Лимонный сок — 10 мл,
warning,ingredient_missing_from_steps,ingredient_not_named_in_steps,250,r250_roll_s_kuritsey_yaytsom_i_myatnym_yogurtom,"Ролл с курицей, яйцом и мятным йогуртом",7,mint,`mint` is in ingredients but not found in instructions by known aliases,Мята свежая — 5 г,
warning,ingredient_missing_from_steps,ingredient_not_named_in_steps,251,r251_sendvich_s_tuntsom_i_yaytsom,Сэндвич с тунцом и яйцом,1,whole_grain_bread,`whole_grain_bread` is in ingredients but not found in instructions by known aliases,Цельнозерновой хлеб — 80 г,
warning,ingredient_missing_from_steps,ingredient_not_named_in_steps,251,r251_sendvich_s_tuntsom_i_yaytsom,Сэндвич с тунцом и яйцом,5,cucumber,`cucumber` is in ingredients but not found in instructions by known aliases,Огурец — 60 г,
warning,ingredient_missing_from_steps,ingredient_not_named_in_steps,251,r251_sendvich_s_tuntsom_i_yaytsom,Сэндвич с тунцом и яйцом,7,lemon_juice,`lemon_juice` is in ingredients but not found in instructions by known aliases,Лимонный сок — 5 мл,
warning,ingredient_missing_from_steps,ingredient_not_named_in_steps,252,r252_lavash_roll_s_kuritsey_i_ovoschami,Лаваш-ролл с курицей и овощами,3,cream_cheese,`cream_cheese` is in ingredients but not found in instructions by known aliases,Творожный сыр — 45 г,
warning,ingredient_missing_from_steps,ingredient_not_named_in_steps,254,r254_edamame_s_yaytsom_i_kunzhutom,Зеленый горошек с яйцом и кунжутом,3,soy_sauce,`soy_sauce` is in ingredients but not found in instructions by known aliases,Соевый соус — 10 мл,
warning,ingredient_missing_from_steps,ingredient_not_named_in_steps,254,r254_edamame_s_yaytsom_i_kunzhutom,Зеленый горошек с яйцом и кунжутом,5,lemon_juice,`lemon_juice` is in ingredients but not found in instructions by known aliases,Лимонный сок — 5 мл,
warning,ingredient_missing_from_steps,ingredient_not_named_in_steps,255,r255_tost_s_indeykoy_syrom_i_tomatom,"Тост с индейкой, сыром и томатом",1,whole_grain_bread,`whole_grain_bread` is in ingredients but not found in instructions by known aliases,Цельнозерновой хлеб — 70 г,
warning,ingredient_missing_from_steps,ingredient_not_named_in_steps,256,r256_hlebtsy_s_lososem_i_tvorozhnym_syrom,Хлебцы с лососем и творожным сыром,1,whole_grain_bread,`whole_grain_bread` is in ingredients but not found in instructions by known aliases,Ржаные хлебцы — 30 г,
warning,ingredient_missing_from_steps,ingredient_not_named_in_steps,256,r256_hlebtsy_s_lososem_i_tvorozhnym_syrom,Хлебцы с лососем и творожным сыром,3,cream_cheese,`cream_cheese` is in ingredients but not found in instructions by known aliases,Творожный сыр — 45 г,
warning,ingredient_missing_from_steps,ingredient_not_named_in_steps,257,r257_grecheskiy_yogurt_s_ovsyankoy_i_arahisovoy_pastoy,Греческий йогурт с овсянкой и арахисовой пастой,2,oats,`oats` is in ingredients but not found in instructions by known aliases,Овсяные хлопья — 30 г,
warning,ingredient_missing_from_steps,ingredient_not_named_in_steps,257,r257_grecheskiy_yogurt_s_ovsyankoy_i_arahisovoy_pastoy,Греческий йогурт с овсянкой и арахисовой пастой,3,peanut_butter,`peanut_butter` is in ingredients but not found in instructions by known aliases,Арахисовая паста — 15 г (примерно 1 ст. л.),
warning,ingredient_missing_from_steps,ingredient_not_named_in_steps,261,r261_bystrye_syrniki_s_yogurtom,Быстрые сырники с йогуртом,3,wheat_flour,`wheat_flour` is in ingredients but not found in instructions by known aliases,Пшеничная мука — 25 г,
warning,ingredient_missing_from_steps,ingredient_not_named_in_steps,261,r261_bystrye_syrniki_s_yogurtom,Быстрые сырники с йогуртом,5,honey,`honey` is in ingredients but not found in instructions by known aliases,Мед — 5 г,
warning,ingredient_missing_from_steps,ingredient_not_named_in_steps,262,r262_pita_s_humusom_i_kuritsey,Пита с хумусом и курицей,1,pita,`pita` is in ingredients but not found in instructions by known aliases,Пита — 60 г,
warning,ingredient_missing_from_steps,ingredient_not_named_in_steps,263,r263_ovsyanyy_boul_s_arahisovoy_pastoy_i_golubikoy,Овсяный боул с арахисовой пастой и голубикой,2,oats,`oats` is in ingredients but not found in instructions by known aliases,Овсяные хлопья — 25 г,
warning,ingredient_missing_from_steps,ingredient_not_named_in_steps,263,r263_ovsyanyy_boul_s_arahisovoy_pastoy_i_golubikoy,Овсяный боул с арахисовой пастой и голубикой,4,peanut_butter,`peanut_butter` is in ingredients but not found in instructions by known aliases,Арахисовая паста — 15 г (примерно 1 ст. л.),
warning,ingredient_missing_from_steps,ingredient_not_named_in_steps,263,r263_ovsyanyy_boul_s_arahisovoy_pastoy_i_golubikoy,Овсяный боул с арахисовой пастой и голубикой,5,chia_seeds,`chia_seeds` is in ingredients but not found in instructions by known aliases,Семена чиа — 5 г,
warning,ingredient_missing_from_steps,ingredient_not_named_in_steps,264,r264_tvorozhnyy_dip_s_semechkami_i_ovoschami,Творожный дип с семечками и овощами,3,pumpkin_seeds,`pumpkin_seeds` is in ingredients but not found in instructions by known aliases,Тыквенные семечки — 10 г (примерно 1 ст. л.),
warning,ingredient_missing_from_steps,ingredient_not_named_in_steps,264,r264_tvorozhnyy_dip_s_semechkami_i_ovoschami,Творожный дип с семечками и овощами,4,coconut_flakes,`coconut_flakes` is in ingredients but not found in instructions by known aliases,Кокосовая стружка — 5 г,
warning,ingredient_missing_from_steps,ingredient_not_named_in_steps,265,r265_pita_s_tuntsom_kukuruzoy_i_yogurtom,"Пита с тунцом, кукурузой и йогуртом",1,pita,`pita` is in ingredients but not found in instructions by known aliases,Пита цельнозерновая — 70 г,
warning,ingredient_missing_from_steps,ingredient_not_named_in_steps,266,r266_boul_s_kuritsey_fasolyu_i_avokado,"Боул с курицей, фасолью и авокадо",2,red_beans,`red_beans` is in ingredients but not found in instructions by known aliases,Красная фасоль консервированная — 110 г,
warning,ingredient_missing_from_steps,ingredient_not_named_in_steps,267,r267_hlebtsy_s_tvorogom_golubikoy_i_arahisovoy_pastoy,"Хлебцы с творогом, голубикой и арахисовой пастой",1,whole_grain_bread,`whole_grain_bread` is in ingredients but not found in instructions by known aliases,Ржаные хлебцы — 30 г,
warning,ingredient_missing_from_steps,ingredient_not_named_in_steps,267,r267_hlebtsy_s_tvorogom_golubikoy_i_arahisovoy_pastoy,"Хлебцы с творогом, голубикой и арахисовой пастой",4,peanut_butter,`peanut_butter` is in ingredients but not found in instructions by known aliases,Арахисовая паста — 15 г (примерно 1 ст. л.),
warning,ingredient_missing_from_steps,ingredient_not_named_in_steps,268,r268_roll_s_indeykoy_tvorozhnym_syrom_i_ogurtsom,"Ролл с индейкой, творожным сыром и огурцом",3,cream_cheese,`cream_cheese` is in ingredients but not found in instructions by known aliases,Творожный сыр — 45 г,
warning,ingredient_missing_from_steps,ingredient_not_named_in_steps,269,r269_myagkie_ovsyano_izyumnye_granola_batonchiki,Мягкие овсяно-изюмные гранола-батончики,2,wheat_flour,`wheat_flour` is in ingredients but not found in instructions by known aliases,цельнозерновая пшеничная мука или миндальная мука — 4 г,
warning,ingredient_missing_from_steps,ingredient_not_named_in_steps,269,r269_myagkie_ovsyano_izyumnye_granola_batonchiki,Мягкие овсяно-изюмные гранола-батончики,6,peanut_butter,`peanut_butter` is in ingredients but not found in instructions by known aliases,арахисовая или другая ореховая паста — 6 г (примерно 1 ч. л.),
warning,ingredient_missing_from_steps,ingredient_not_named_in_steps,269,r269_myagkie_ovsyano_izyumnye_granola_batonchiki,Мягкие овсяно-изюмные гранола-батончики,8,brown_sugar,`brown_sugar` is in ingredients but not found in instructions by known aliases,кокосовый сахар или светлый коричневый сахар — 5 г,
warning,ingredient_missing_from_steps,ingredient_not_named_in_steps,272,r272_humus_iz_ovoschey_gril_s_pittoy_i_krudite,Хумус из овощей гриль с питтой и крудите,11,celery,`celery` is in ingredients but not found in instructions by known aliases,сельдерей — 30 г,
warning,ingredient_missing_from_steps,ingredient_not_named_in_steps,273,r273_zelenyy_humus_s_bazilikom_petrushkoy_i_ovoschnymi_palo,"Зеленый хумус с базиликом, петрушкой и овощными палочками",11,chili_oil,`chili_oil` is in ingredients but not found in instructions by known aliases,"чили-масло или чили-крисп — 0,5 мл",
warning,ingredient_missing_from_steps,ingredient_not_named_in_steps,273,r273_zelenyy_humus_s_bazilikom_petrushkoy_i_ovoschnymi_palo,"Зеленый хумус с базиликом, петрушкой и овощными палочками",12,carrot,`carrot` is in ingredients but not found in instructions by known aliases,морковь для овощных палочек — 80 г,
warning,ingredient_missing_from_steps,ingredient_not_named_in_steps,274,r274_humus_s_pechenym_pertsem_gretskim_orehom_i_ovoschnymi_,"Хумус с печеным перцем, грецким орехом и овощными палочками",3,roasted_red_pepper,`roasted_red_pepper` is in ingredients but not found in instructions by known aliases,печеный красный перец из банки без масла — 50 г,
warning,ingredient_missing_from_steps,ingredient_not_named_in_steps,274,r274_humus_s_pechenym_pertsem_gretskim_orehom_i_ovoschnymi_,"Хумус с печеным перцем, грецким орехом и овощными палочками",10,carrot,`carrot` is in ingredients but not found in instructions by known aliases,морковь — 80 г,
warning,ingredient_missing_from_steps,ingredient_not_named_in_steps,274,r274_humus_s_pechenym_pertsem_gretskim_orehom_i_ovoschnymi_,"Хумус с печеным перцем, грецким орехом и овощными палочками",11,celery,`celery` is in ingredients but not found in instructions by known aliases,сельдерей — 40 г,
warning,ingredient_missing_from_steps,ingredient_not_named_in_steps,275,r275_dip_iz_beloy_fasoli_s_pitta_chipsami,Дип из белой фасоли с питта-чипсами,1,red_beans,`red_beans` is in ingredients but not found in instructions by known aliases,консервированная фасоль каннеллини — 70 г,
warning,ingredient_missing_from_steps,ingredient_not_named_in_steps,275,r275_dip_iz_beloy_fasoli_s_pitta_chipsami,Дип из белой фасоли с питта-чипсами,9,oregano,`oregano` is in ingredients but not found in instructions by known aliases,сушеный орегано — 1 мл,
warning,ingredient_missing_from_steps,ingredient_not_named_in_steps,278,r278_tsatsiki_s_morkovyu_ogurtsom_pertsem_i_pitoy,"Цацики с морковью, огурцом, перцем и питой",4,lemon_juice,`lemon_juice` is in ingredients but not found in instructions by known aliases,Лимонный сок — 10 мл,
warning,ingredient_missing_from_steps,ingredient_not_named_in_steps,278,r278_tsatsiki_s_morkovyu_ogurtsom_pertsem_i_pitoy,"Цацики с морковью, огурцом, перцем и питой",8,pita,`pita` is in ingredients but not found in instructions by known aliases,Пита — 60 г,
warning,ingredient_missing_from_steps,ingredient_not_named_in_steps,279,r279_pryanyy_baklazhannyy_dip_s_morkovnymi_palochkami,Пряный баклажанный дип с морковными палочками,1,tomato_paste,`tomato_paste` is in ingredients but not found in instructions by known aliases,томатная паста с паприкой и щепоткой острого перца — 4 мл,
warning,ingredient_missing_from_steps,ingredient_not_named_in_steps,281,r281_tosty_s_goroshkom_myatoy_i_fetoy,"Тосты с горошком, мятой и фетой",3,mint,`mint` is in ingredients but not found in instructions by known aliases,свежая мята — 6 мл,
warning,ingredient_missing_from_steps,ingredient_not_named_in_steps,281,r281_tosty_s_goroshkom_myatoy_i_fetoy,"Тосты с горошком, мятой и фетой",8,feta,`feta` is in ingredients but not found in instructions by known aliases,фета — 17 г (примерно 2 ст. л. крошки),
warning,ingredient_missing_from_steps,ingredient_not_named_in_steps,282,r282_krostini_s_pyure_iz_goroshka_rukkoloy_i_bobami,"Кростини с пюре из горошка, рукколой и бобами",1,fava_young,`fava_young` is in ingredients but not found in instructions by known aliases,очищенные молодые бобы — 35 г,
warning,ingredient_missing_from_steps,ingredient_not_named_in_steps,282,r282_krostini_s_pyure_iz_goroshka_rukkoloy_i_bobami,"Кростини с пюре из горошка, рукколой и бобами",5,mint,`mint` is in ingredients but not found in instructions by known aliases,свежая мята — листья с небольшого пучка,
warning,ingredient_missing_from_steps,ingredient_not_named_in_steps,283,r283_krostini_s_rikottoy_inzhirom_i_proshutto,"Кростини с рикоттой, инжиром и прошутто",1,whole_grain_bread,`whole_grain_bread` is in ingredients but not found in instructions by known aliases,хлеб на закваске — 1 ломтик,
warning,ingredient_missing_from_steps,ingredient_not_named_in_steps,283,r283_krostini_s_rikottoy_inzhirom_i_proshutto,"Кростини с рикоттой, инжиром и прошутто",6,honey,`honey` is in ingredients but not found in instructions by known aliases,"жидкий мед — 2,5 мл",
warning,ingredient_missing_from_steps,ingredient_not_named_in_steps,284,r284_ogurechnye_tosty_s_rikottoy_i_zelenyu,Огуречные тосты с рикоттой и зеленью,1,mint,`mint` is in ingredients but not found in instructions by known aliases,свежая мята — 8 мл,
warning,ingredient_missing_from_steps,ingredient_not_named_in_steps,284,r284_ogurechnye_tosty_s_rikottoy_i_zelenyu,Огуречные тосты с рикоттой и зеленью,7,cucumber,`cucumber` is in ingredients but not found in instructions by known aliases,английский огурец — 30 г,
warning,ingredient_missing_from_steps,ingredient_not_named_in_steps,285,r285_tost_iz_batata_s_tuntsom_avokado_i_nori,"Тост из батата с тунцом, авокадо и нори",5,tuna,`tuna` is in ingredients but not found in instructions by known aliases,тунец в масле — 15 мл,
warning,ingredient_missing_from_steps,ingredient_not_named_in_steps,288,r288_tost_s_indeykoy_tvorozhnym_syrom_i_inzhirom,"Тост с индейкой, творожным сыром и инжиром",1,whole_grain_bread,`whole_grain_bread` is in ingredients but not found in instructions by known aliases,Цельнозерновой хлеб — 70 г,
warning,ingredient_missing_from_steps,ingredient_not_named_in_steps,288,r288_tost_s_indeykoy_tvorozhnym_syrom_i_inzhirom,"Тост с индейкой, творожным сыром и инжиром",3,cream_cheese,`cream_cheese` is in ingredients but not found in instructions by known aliases,Творожный сыр — 45 г,
warning,ingredient_missing_from_steps,ingredient_not_named_in_steps,289,r289_tost_s_kuritsey_shampinonami_i_syrom,"Тост с курицей, шампиньонами и сыром",1,whole_grain_bread,`whole_grain_bread` is in ingredients but not found in instructions by known aliases,Цельнозерновой хлеб — 70 г,
warning,ingredient_missing_from_steps,ingredient_not_named_in_steps,291,r291_kabachkovye_maffiny_s_fetoy_i_kuminom,Кабачковые маффины с фетой и кумином,1,wheat_flour,`wheat_flour` is in ingredients but not found in instructions by known aliases,пшеничная мука — 22 г,
warning,ingredient_missing_from_steps,ingredient_not_named_in_steps,291,r291_kabachkovye_maffiny_s_fetoy_i_kuminom,Кабачковые маффины с фетой и кумином,7,kefir,`kefir` is in ingredients but not found in instructions by known aliases,кефир — 17 мл,
warning,ingredient_missing_from_steps,ingredient_not_named_in_steps,291,r291_kabachkovye_maffiny_s_fetoy_i_kuminom,Кабачковые маффины с фетой и кумином,10,feta,`feta` is in ingredients but not found in instructions by known aliases,фета — 11 г (примерно 2 ст. л. крошки),
warning,ingredient_missing_from_steps,ingredient_not_named_in_steps,292,r292_omlet_s_tremya_syrami_i_zelenym_lukom,Омлет с тремя сырами и зеленым луком,4,feta,`feta` is in ingredients but not found in instructions by known aliases,Фета — 20 г (примерно 3 ст. л. крошки),
warning,ingredient_missing_from_steps,ingredient_not_named_in_steps,293,r293_tost_s_yaytsom_syrom_i_kukuruzoy,"Тост с яйцом, сыром и кукурузой",1,whole_grain_bread,`whole_grain_bread` is in ingredients but not found in instructions by known aliases,Цельнозерновой хлеб — 70 г,
warning,ingredient_missing_from_steps,ingredient_not_named_in_steps,295,r295_masala_omlet_maffiny_s_kabachkom_goroshkom_i_fetoy,"Масала-омлет маффины с кабачком, горошком и фетой",5,chili_pepper,`chili_pepper` is in ingredients but not found in instructions by known aliases,"красный чили — 0,2 шт.",
warning,ingredient_missing_from_steps,ingredient_not_named_in_steps,295,r295_masala_omlet_maffiny_s_kabachkom_goroshkom_i_fetoy,"Масала-омлет маффины с кабачком, горошком и фетой",11,feta,`feta` is in ingredients but not found in instructions by known aliases,фета — 10 г (примерно 2 ст. л. крошки),
warning,ingredient_missing_from_steps,ingredient_not_named_in_steps,296,r296_mini_maffiny_iz_yaits_morkovi_kabachka_i_fety,"Мини-маффины из яиц, моркови, кабачка и феты",7,feta,`feta` is in ingredients but not found in instructions by known aliases,фета — 4 г (примерно 1 ст. л. крошки),
warning,ingredient_missing_from_steps,ingredient_not_named_in_steps,297,r297_yaichnyy_sendvich_s_vetchinoy_i_chedderom,Яичный сэндвич с ветчиной и чеддером,1,whole_grain_bread,`whole_grain_bread` is in ingredients but not found in instructions by known aliases,Цельнозерновой хлеб — 80 г,
warning,ingredient_missing_from_steps,ingredient_not_named_in_steps,297,r297_yaichnyy_sendvich_s_vetchinoy_i_chedderom,Яичный сэндвич с ветчиной и чеддером,4,cheddar,`cheddar` is in ingredients but not found in instructions by known aliases,Сыр чеддер — 25 г (примерно 1 ломтик),
warning,ingredient_missing_from_steps,ingredient_not_named_in_steps,298,r298_mini_omlety_s_fetoy_krasnym_pertsem_shpinatom_i_olivka,"Мини-омлеты с фетой, красным перцем, шпинатом и оливками",5,oregano,`oregano` is in ingredients but not found in instructions by known aliases,свежий орегано — 1 мл,
warning,ingredient_missing_from_steps,ingredient_not_named_in_steps,298,r298_mini_omlety_s_fetoy_krasnym_pertsem_shpinatom_i_olivka,"Мини-омлеты с фетой, красным перцем, шпинатом и оливками",7,feta,`feta` is in ingredients but not found in instructions by known aliases,фета — 7 г (примерно 1 ст. л. крошки),
warning,ingredient_missing_from_steps,ingredient_not_named_in_steps,299,r299_tost_s_yaytsom_bekonom_i_syrom,"Тост с яйцом, беконом и сыром",1,whole_grain_bread,`whole_grain_bread` is in ingredients but not found in instructions by known aliases,Цельнозерновой хлеб — 70 г,
warning,ingredient_missing_from_steps,ingredient_not_named_in_steps,302,r302_yogurt_s_chernikoy_yablokom_i_semenami,"Йогурт с черникой, яблоком и семенами",4,pumpkin_seeds,`pumpkin_seeds` is in ingredients but not found in instructions by known aliases,Тыквенные семечки — 10 г (примерно 1 ст. л.),
warning,ingredient_missing_from_steps,ingredient_not_named_in_steps,303,r303_ovsyanka_s_tvorogom_bananom_i_chernikoy,"Овсянка с творогом, бананом и черникой",1,oats,`oats` is in ingredients but not found in instructions by known aliases,Овсяные хлопья — 40 г,
warning,ingredient_missing_from_steps,ingredient_not_named_in_steps,303,r303_ovsyanka_s_tvorogom_bananom_i_chernikoy,"Овсянка с творогом, бананом и черникой",2,milk,`milk` is in ingredients but not found in instructions by known aliases,Молоко — 150 мл,
warning,ingredient_missing_from_steps,ingredient_not_named_in_steps,305,r305_ovsyano_yablochnye_maffiny_s_yablochnym_pyure,Овсяно-яблочные маффины с яблочным пюре,7,wheat_flour,`wheat_flour` is in ingredients but not found in instructions by known aliases,цельнозерновая пшеничная мука — 17 г,
warning,ingredient_missing_from_steps,ingredient_not_named_in_steps,305,r305_ovsyano_yablochnye_maffiny_s_yablochnym_pyure,Овсяно-яблочные маффины с яблочным пюре,8,oats,`oats` is in ingredients but not found in instructions by known aliases,овсяные хлопья — 8 г,
warning,ingredient_missing_from_steps,ingredient_not_named_in_steps,307,r307_bananovo_ovsyanye_maffiny_s_korichnevym_maslom,Бананово-овсяные маффины с коричневым маслом,2,wheat_flour,`wheat_flour` is in ingredients but not found in instructions by known aliases,цельнозерновая кондитерская мука — 5 г,
warning,ingredient_missing_from_steps,ingredient_not_named_in_steps,307,r307_bananovo_ovsyanye_maffiny_s_korichnevym_maslom,Бананово-овсяные маффины с коричневым маслом,3,oats,`oats` is in ingredients but not found in instructions by known aliases,овсяные хлопья — 4 г,
warning,ingredient_missing_from_steps,ingredient_not_named_in_steps,308,r308_bezglyutenovye_bananovo_grechnevye_maffiny_s_gretskimi,Безглютеновые бананово-гречневые маффины с грецкими орехами,7,buckwheat,`buckwheat` is in ingredients but not found in instructions by known aliases,гречневая мука — 4 г (примерно 1 ч. л.),
warning,ingredient_missing_from_steps,ingredient_not_named_in_steps,308,r308_bezglyutenovye_bananovo_grechnevye_maffiny_s_gretskimi,Безглютеновые бананово-гречневые маффины с грецкими орехами,9,almonds,`almonds` is in ingredients but not found in instructions by known aliases,миндальная мука — 3 г (примерно 1 ч. л.),
warning,ingredient_missing_from_steps,ingredient_not_named_in_steps,309,r309_bananovye_maffiny_s_klenovym_siropom_i_gretskimi_oreha,Банановые маффины с кленовым сиропом и грецкими орехами,7,wheat_flour,`wheat_flour` is in ingredients but not found in instructions by known aliases,пшеничная мука — 10 г,
warning,ingredient_missing_from_steps,ingredient_not_named_in_steps,309,r309_bananovye_maffiny_s_klenovym_siropom_i_gretskimi_oreha,Банановые маффины с кленовым сиропом и грецкими орехами,8,wheat_flour,`wheat_flour` is in ingredients but not found in instructions by known aliases,цельнозерновая мука — 8 г,
warning,ingredient_missing_from_steps,ingredient_not_named_in_steps,310,r310_ovsyanyy_pankeyk_s_yablokom_na_kefire,Овсяный панкейк с яблоком на кефире,1,oats,`oats` is in ingredients but not found in instructions by known aliases,Овсяные хлопья — 45 г,
warning,ingredient_missing_from_steps,ingredient_not_named_in_steps,311,r311_smuzi_s_arahisovoy_pastoy_bananom_i_ovsom,"Смузи с арахисовой пастой, бананом и овсом",3,peanut_butter,`peanut_butter` is in ingredients but not found in instructions by known aliases,арахисовая паста — 13 г (примерно 1 ст. л.),
warning,ingredient_missing_from_steps,ingredient_not_named_in_steps,312,r312_yagodnyy_proteinovyy_smuzi_s_ovsom,Ягодный протеиновый смузи с овсом,5,whey_protein,`whey_protein` is in ingredients but not found in instructions by known aliases,гороховый протеин или другой протеиновый порошок — 8 мл,
warning,ingredient_missing_from_steps,ingredient_not_named_in_steps,313,r313_yagodno_kefirnyy_smuzi_s_bananom_i_mindalnoy_pastoy,Ягодно-кефирный смузи с бананом и миндальной пастой,4,almond_butter,`almond_butter` is in ingredients but not found in instructions by known aliases,миндальная паста — 10 мл,
warning,ingredient_missing_from_steps,ingredient_not_named_in_steps,316,r316_chernichnyy_smuzi_s_mindalnoy_pastoy_malinoy_i_imbirem,"Черничный смузи с миндальной пастой, малиной и имбирем",1,blueberries,`blueberries` is in ingredients but not found in instructions by known aliases,замороженная черника — 90 г,
warning,ingredient_missing_from_steps,ingredient_not_named_in_steps,316,r316_chernichnyy_smuzi_s_mindalnoy_pastoy_malinoy_i_imbirem,"Черничный смузи с миндальной пастой, малиной и имбирем",3,cauliflower,`cauliflower` is in ingredients but not found in instructions by known aliases,замороженная цветная капуста — 40 г,
warning,ingredient_missing_from_steps,ingredient_not_named_in_steps,316,r316_chernichnyy_smuzi_s_mindalnoy_pastoy_malinoy_i_imbirem,"Черничный смузи с миндальной пастой, малиной и имбирем",9,ginger,`ginger` is in ingredients but not found in instructions by known aliases,"свежий имбирь — кусочек 0,5 см",
warning,ingredient_missing_from_steps,ingredient_not_named_in_steps,317,r317_yogurtovo_finikovyy_sheyk_s_bananom_i_koritsey,йогуртово-финиковый шейк с бананом и корицей,1,almond_milk,`almond_milk` is in ingredients but not found in instructions by known aliases,миндальное молоко или другое молоко — 120 мл,
warning,ingredient_missing_from_steps,ingredient_not_named_in_steps,318,r318_shokoladnyy_proteinovyy_sheyk_s_tvorogom,Шоколадный протеиновый шейк с творогом,5,peanut_butter,`peanut_butter` is in ingredients but not found in instructions by known aliases,Арахисовая паста — 15 г (примерно 1 ст. л.),
warning,ingredient_missing_from_steps,ingredient_not_named_in_steps,322,r322_tvorozhnaya_chasha_s_yagodami_gretskim_orehom_i_hrusty,"Творожная чаша с ягодами, грецким орехом и хрустящими хлопьями",4,cereal_flakes,`cereal_flakes` is in ingredients but not found in instructions by known aliases,хрустящие пшеничные хлопья типа хрустящие цельнозерновые хлопья — 8 г,
warning,ingredient_missing_from_steps,ingredient_not_named_in_steps,323,r323_tvorog_s_malinovym_medom_i_semechkami,Творог с малиновым медом и семечками,2,honey,`honey` is in ingredients but not found in instructions by known aliases,мед — 10 г,
warning,ingredient_missing_from_steps,ingredient_not_named_in_steps,323,r323_tvorog_s_malinovym_medom_i_semechkami,Творог с малиновым медом и семечками,5,sunflower_seeds_salted,`sunflower_seeds_salted` is in ingredients but not found in instructions by known aliases,"жареные соленые семечки подсолнечника — 4,5 г",
warning,ingredient_missing_from_steps,ingredient_not_named_in_steps,325,r325_parfe_iz_grecheskogo_yogurta_s_yagodami_mindalem_i_med,"Парфе из греческого йогурта с ягодами, миндалем и медом",3,blueberries,`blueberries` is in ingredients but not found in instructions by known aliases,черника свежая или замороженная — 35 г,
warning,ingredient_missing_from_steps,ingredient_not_named_in_steps,325,r325_parfe_iz_grecheskogo_yogurta_s_yagodami_mindalem_i_med,"Парфе из греческого йогурта с ягодами, миндалем и медом",4,almonds,`almonds` is in ingredients but not found in instructions by known aliases,миндальные лепестки — 25 г (примерно 1 небольшая горсть),
warning,ingredient_missing_from_steps,ingredient_not_named_in_steps,325,r325_parfe_iz_grecheskogo_yogurta_s_yagodami_mindalem_i_med,"Парфе из греческого йогурта с ягодами, миндалем и медом",5,honey,`honey` is in ingredients but not found in instructions by known aliases,мед — 14 г,
warning,ingredient_missing_from_steps,ingredient_not_named_in_steps,327,r327_klubnichnyy_chizkeyk_na_yogurte,Клубничный чизкейк на йогурте,4,oat_cookie,`oat_cookie` is in ingredients but not found in instructions by known aliases,Печенье овсяное — 20 г,
warning,ingredient_missing_from_steps,ingredient_not_named_in_steps,328,r328_tost_s_rikottoy_persikom_fistashkami_i_medom,"Тост с рикоттой, персиком, фисташками и медом",2,honey,`honey` is in ingredients but not found in instructions by known aliases,мед — 7 г,
warning,ingredient_missing_from_steps,ingredient_not_named_in_steps,330,r330_tvorozhnyy_tiramisu_s_kofe,Творожный тирамису с кофе,3,ladyfingers,`ladyfingers` is in ingredients but not found in instructions by known aliases,Печенье савоярди — 25 г,
warning,ingredient_missing_from_steps,ingredient_not_named_in_steps,330,r330_tvorozhnyy_tiramisu_s_kofe,Творожный тирамису с кофе,4,coffee_brewed,`coffee_brewed` is in ingredients but not found in instructions by known aliases,Кофе готовый — 40 мл,
warning,ingredient_missing_from_steps,ingredient_not_named_in_steps,331,r331_rzhanye_krekery_s_tykvennymi_semechkami,Ржаные крекеры с тыквенными семечками,1,rye_flour,`rye_flour` is in ingredients but not found in instructions by known aliases,ржаная мука — 8 г,
warning,ingredient_missing_from_steps,ingredient_not_named_in_steps,331,r331_rzhanye_krekery_s_tykvennymi_semechkami,Ржаные крекеры с тыквенными семечками,2,wheat_flour,`wheat_flour` is in ingredients but not found in instructions by known aliases,цельнозерновая пшеничная мука — 8 г,
warning,ingredient_missing_from_steps,ingredient_not_named_in_steps,331,r331_rzhanye_krekery_s_tykvennymi_semechkami,Ржаные крекеры с тыквенными семечками,3,wheat_flour,`wheat_flour` is in ingredients but not found in instructions by known aliases,цельнозерновая пшеничная мука для подпыла — 1 мл,
warning,ingredient_missing_from_steps,ingredient_not_named_in_steps,332,r332_ovsyanye_lepeshki_krekery_s_makom_i_kunzhutom,Овсяные лепешки-крекеры с маком и кунжутом,2,oat_groats,`oat_groats` is in ingredients but not found in instructions by known aliases,овсяная крупка овсяная крупка среднего помола — 5 г,
warning,ingredient_missing_from_steps,ingredient_not_named_in_steps,332,r332_ovsyanye_lepeshki_krekery_s_makom_i_kunzhutom,Овсяные лепешки-крекеры с маком и кунжутом,3,wheat_flour,`wheat_flour` is in ingredients but not found in instructions by known aliases,пшеничная мука — 5 г,
warning,ingredient_missing_from_steps,ingredient_not_named_in_steps,332,r332_ovsyanye_lepeshki_krekery_s_makom_i_kunzhutom,Овсяные лепешки-крекеры с маком и кунжутом,4,wheat_flour,`wheat_flour` is in ingredients but not found in instructions by known aliases,пшеничная мука для раскатывания — 1 мл,
warning,ingredient_missing_from_steps,ingredient_not_named_in_steps,333,r333_hlebtsy_s_tvorogom_i_tuntsom,Хлебцы с творогом и тунцом,1,whole_grain_bread,`whole_grain_bread` is in ingredients but not found in instructions by known aliases,Ржаные хлебцы — 35 г,
warning,ingredient_missing_from_steps,ingredient_not_named_in_steps,334,r334_rzhanoy_tost_s_yaytsom_i_syrom,Ржаной тост с яйцом и сыром,1,whole_grain_bread,`whole_grain_bread` is in ingredients but not found in instructions by known aliases,Ржаной хлеб — 70 г,
warning,ingredient_missing_from_steps,ingredient_not_named_in_steps,338,r338_zapechennye_kukuruznye_chipsy_s_oregano_i_chili,Запеченные кукурузные чипсы с орегано и чили,4,oregano,`oregano` is in ingredients but not found in instructions by known aliases,"сушеный орегано — 0,5 мл",
warning,ingredient_missing_from_steps,ingredient_not_named_in_steps,339,r339_hrustyaschiy_nut_s_kunzhutno_lukovoy_pripravoy,Хрустящий нут с кунжутно-луковой приправой,3,sesame_seeds,`sesame_seeds` is in ingredients but not found in instructions by known aliases,приправа кунжутно-луковая приправа — 5 мл,
warning,ingredient_missing_from_steps,ingredient_not_named_in_steps,340,r340_parmezanovye_chipsy_s_travami,Пармезановые чипсы с травами,2,wheat_flour,`wheat_flour` is in ingredients but not found in instructions by known aliases,пшеничная мука — 1 мл,
warning,ingredient_missing_from_steps,ingredient_not_named_in_steps,340,r340_parmezanovye_chipsy_s_travami,Пармезановые чипсы с травами,3,greens,`greens` is in ingredients but not found in instructions by known aliases,мелко рубленые травы или специи — 1 мл,
warning,ingredient_missing_from_steps,ingredient_not_named_in_steps,342,r342_zapechennye_grushi_s_klenovym_siropom_i_pryanostyami,Запеченные груши с кленовым сиропом и пряностями,4,maple_syrup,`maple_syrup` is in ingredients but not found in instructions by known aliases,кленовый сироп — 8 мл,
warning,ingredient_missing_from_steps,ingredient_not_named_in_steps,342,r342_zapechennye_grushi_s_klenovym_siropom_i_pryanostyami,Запеченные груши с кленовым сиропом и пряностями,7,ginger,`ginger` is in ingredients but not found in instructions by known aliases,"молотый имбирь — 0,5 мл",
warning,ingredient_missing_from_steps,ingredient_not_named_in_steps,342,r342_zapechennye_grushi_s_klenovym_siropom_i_pryanostyami,Запеченные груши с кленовым сиропом и пряностями,9,lemon_juice,`lemon_juice` is in ingredients but not found in instructions by known aliases,лимонный сок — 8 мл,
warning,ingredient_missing_from_steps,ingredient_not_named_in_steps,343,r343_yablochnye_dolki_s_tvorozhno_arahisovym_dipom,Яблочные дольки с творожно-арахисовым дипом,4,peanut_butter,`peanut_butter` is in ingredients but not found in instructions by known aliases,Арахисовая паста — 15 г (примерно 1 ст. л.),
warning,ingredient_missing_from_steps,ingredient_not_named_in_steps,344,r344_tost_s_yablokom_indeykoy_i_syrom,"Тост с яблоком, индейкой и сыром",1,whole_grain_bread,`whole_grain_bread` is in ingredients but not found in instructions by known aliases,Цельнозерновой хлеб — 70 г,
warning,ingredient_missing_from_steps,ingredient_not_named_in_steps,344,r344_tost_s_yablokom_indeykoy_i_syrom,"Тост с яблоком, индейкой и сыром",3,apple,`apple` is in ingredients but not found in instructions by known aliases,Яблоко — 80 г,
warning,ingredient_missing_from_steps,ingredient_not_named_in_steps,345,r345_grecheskiy_yogurt_s_klubnikoy_i_temnym_shokoladom,Греческий йогурт с клубникой и темным шоколадом,3,dark_chocolate,`dark_chocolate` is in ingredients but not found in instructions by known aliases,Темный шоколад — 15 г,
warning,ingredient_missing_from_steps,ingredient_not_named_in_steps,346,r346_mango_yogurtovyy_boul_s_tvorogom,Манго-йогуртовый боул с творогом,5,coconut_flakes,`coconut_flakes` is in ingredients but not found in instructions by known aliases,Кокосовая стружка — 5 г,
warning,ingredient_missing_from_steps,ingredient_not_named_in_steps,348,r348_banan_s_arahisovoy_pastoy_yogurtom_i_temnym_shokoladom,"Банан с арахисовой пастой, йогуртом и темным шоколадом",3,peanut_butter,`peanut_butter` is in ingredients but not found in instructions by known aliases,Арахисовая паста — 15 г (примерно 1 ст. л.),
warning,ingredient_missing_from_steps,ingredient_not_named_in_steps,350,r350_sendvich_s_kuritsey_mango_i_yogurtovym_sousom,"Сэндвич с курицей, манго и йогуртовым соусом",1,whole_grain_bread,`whole_grain_bread` is in ingredients but not found in instructions by known aliases,Цельнозерновой хлеб — 80 г,
warning,ingredient_missing_from_steps,ingredient_not_named_in_steps,351,r351_ostrye_rolly_s_kuritsey_avokado_i_pechenym_pertsem,"Острые роллы с курицей, авокадо и печеным перцем",2,lime_juice,`lime_juice` is in ingredients but not found in instructions by known aliases,сок лайма — 8 мл,
warning,ingredient_missing_from_steps,ingredient_not_named_in_steps,351,r351_ostrye_rolly_s_kuritsey_avokado_i_pechenym_pertsem,"Острые роллы с курицей, авокадо и печеным перцем",6,flour_tortilla,`flour_tortilla` is in ingredients but not found in instructions by known aliases,тортильи с семенами или цельнозерновые тортильи — 60 г,
warning,ingredient_missing_from_steps,ingredient_not_named_in_steps,351,r351_ostrye_rolly_s_kuritsey_avokado_i_pechenym_pertsem,"Острые роллы с курицей, авокадо и печеным перцем",8,roasted_red_pepper,`roasted_red_pepper` is in ingredients but not found in instructions by known aliases,печеный красный перец из банки — 75 г,
warning,ingredient_missing_from_steps,ingredient_not_named_in_steps,352,r352_roll_s_krevetkami_avokado_laymom_i_tabasko,"Ролл с креветками, авокадо, лаймом и табаско",3,hot_sauce,`hot_sauce` is in ingredients but not found in instructions by known aliases,соус табаско — несколько капель,
warning,ingredient_missing_from_steps,ingredient_not_named_in_steps,352,r352_roll_s_krevetkami_avokado_laymom_i_tabasko,"Ролл с креветками, авокадо, лаймом и табаско",9,lettuce,`lettuce` is in ingredients but not found in instructions by known aliases,смешанные салатные листья — 1 горсть,
warning,ingredient_missing_from_steps,ingredient_not_named_in_steps,353,r353_rolly_spiralki_s_indeykoy_bazilikovym_krem_syrom_i_shp,"Роллы-спиральки с индейкой, базиликовым крем-сыром и шпинатом",7,flour_tortilla,`flour_tortilla` is in ingredients but not found in instructions by known aliases,пшеничные тортильи 25 см — 60 г,
warning,ingredient_missing_from_steps,ingredient_not_named_in_steps,353,r353_rolly_spiralki_s_indeykoy_bazilikovym_krem_syrom_i_shp,"Роллы-спиральки с индейкой, базиликовым крем-сыром и шпинатом",9,roasted_red_pepper,`roasted_red_pepper` is in ingredients but not found in instructions by known aliases,печеный красный перец из банки — 18 г,
warning,ingredient_missing_from_steps,ingredient_not_named_in_steps,353,r353_rolly_spiralki_s_indeykoy_bazilikovym_krem_syrom_i_shp,"Роллы-спиральки с индейкой, базиликовым крем-сыром и шпинатом",10,carrot,`carrot` is in ingredients but not found in instructions by known aliases,морковь — 35 г,
warning,ingredient_missing_from_steps,ingredient_not_named_in_steps,354,r354_mini_pity_s_pryanoy_kurinoy_nachinkoy_izyumom_i_yogurt,"Мини-питы с пряной куриной начинкой, изюмом и йогуртом",12,pita,`pita` is in ingredients but not found in instructions by known aliases,мини-питы с карманом 10 см — 1 шт.,
warning,ingredient_missing_from_steps,ingredient_not_named_in_steps,355,r355_roll_s_indeykoy_romenom_i_klyukvennym_sousom,"Ролл с индейкой, ромэном и клюквенным соусом",1,cream_cheese,`cream_cheese` is in ingredients but not found in instructions by known aliases,взбитый нежирный сливочный сыр — 8 мл,
warning,ingredient_missing_from_steps,ingredient_not_named_in_steps,355,r355_roll_s_indeykoy_romenom_i_klyukvennym_sousom,"Ролл с индейкой, ромэном и клюквенным соусом",4,turkey_or_chicken_breast,`turkey_or_chicken_breast` is in ingredients but not found in instructions by known aliases,готовая грудка индейки или курицы — 85 г,
warning,ingredient_missing_from_steps,ingredient_not_named_in_steps,356,r356_pita_s_humusom_morkovyu_kartofelem_i_fetoy,"Пита с хумусом, морковью, картофелем и фетой",1,pita,`pita` is in ingredients but not found in instructions by known aliases,Пита — 60 г,
warning,ingredient_missing_from_steps,ingredient_not_named_in_steps,356,r356_pita_s_humusom_morkovyu_kartofelem_i_fetoy,"Пита с хумусом, морковью, картофелем и фетой",5,feta,`feta` is in ingredients but not found in instructions by known aliases,Фета — 40 г,
warning,ingredient_missing_from_steps,ingredient_not_named_in_steps,357,r357_listya_romena_s_mango_tsukini_edamame_i_imbirno_soevym,"Листья ромэна с манго, цукини, зеленым горошком и имбирно-соевым дипом",5,green_onion,`green_onion` is in ingredients but not found in instructions by known aliases,зеленый лук — 18 г,
warning,ingredient_missing_from_steps,ingredient_not_named_in_steps,357,r357_listya_romena_s_mango_tsukini_edamame_i_imbirno_soevym,"Листья ромэна с манго, цукини, зеленым горошком и имбирно-соевым дипом",6,bell_pepper,`bell_pepper` is in ingredients but not found in instructions by known aliases,красный сладкий перец — 75 г,
warning,ingredient_missing_from_steps,ingredient_not_named_in_steps,357,r357_listya_romena_s_mango_tsukini_edamame_i_imbirno_soevym,"Листья ромэна с манго, цукини, зеленым горошком и имбирно-соевым дипом",7,mint,`mint` is in ingredients but not found in instructions by known aliases,"свежая мята — 2,5 г",
warning,ingredient_missing_from_steps,ingredient_not_named_in_steps,357,r357_listya_romena_s_mango_tsukini_edamame_i_imbirno_soevym,"Листья ромэна с манго, цукини, зеленым горошком и имбирно-соевым дипом",8,green_peas,`green_peas` is in ingredients but not found in instructions by known aliases,зеленый горошек — 70 г,
warning,ingredient_missing_from_steps,ingredient_not_named_in_steps,358,r358_hrustyaschiy_tofu_v_salatnyh_listyah_s_arahisovym_sous,Хрустящий тофу в салатных листьях с арахисовым соусом,6,cornstarch,`cornstarch` is in ingredients but not found in instructions by known aliases,кукурузный крахмал — 8 мл,
warning,ingredient_missing_from_steps,ingredient_not_named_in_steps,358,r358_hrustyaschiy_tofu_v_salatnyh_listyah_s_arahisovym_sous,Хрустящий тофу в салатных листьях с арахисовым соусом,13,grilled_vegetables,`grilled_vegetables` is in ingredients but not found in instructions by known aliases,"тонко нарезанные овощи (морковь, редис, зеленый лук или ростки) — 14 г",
warning,ingredient_missing_from_steps,ingredient_not_named_in_steps,359,r359_tsvetnye_salatnye_chashechki_s_humusom_lapshoy_soba_i_,"Цветные салатные чашечки с хумусом, лапшой соба и быстрыми маринованными овощами",3,grilled_vegetables,`grilled_vegetables` is in ingredients but not found in instructions by known aliases,"хрустящие овощи (красная капуста, морковь и редис) — 35 г",
warning,ingredient_missing_from_steps,ingredient_not_named_in_steps,359,r359_tsvetnye_salatnye_chashechki_s_humusom_lapshoy_soba_i_,"Цветные салатные чашечки с хумусом, лапшой соба и быстрыми маринованными овощами",9,soy_sauce,`soy_sauce` is in ingredients but not found in instructions by known aliases,"тамари или соевый соус — 2,5 мл",
warning,ingredient_missing_from_steps,ingredient_not_named_in_steps,360,r360_ruletiki_iz_tortili_so_slivochno_pryanym_kremom_i_ovos,Рулетики из тортильи со сливочно-пряным кремом и овощами,2,ranch_seasoning,`ranch_seasoning` is in ingredients but not found in instructions by known aliases,сухая смесь для заправки ранч-соус — 2 г,
warning,ingredient_missing_from_steps,ingredient_not_named_in_steps,360,r360_ruletiki_iz_tortili_so_slivochno_pryanym_kremom_i_ovos,Рулетики из тортильи со сливочно-пряным кремом и овощами,4,flour_tortilla,`flour_tortilla` is in ingredients but not found in instructions by known aliases,пшеничные тортильи 30 см — 16 г,
warning,ingredient_missing_from_steps,ingredient_not_named_in_steps,360,r360_ruletiki_iz_tortili_so_slivochno_pryanym_kremom_i_ovos,Рулетики из тортильи со сливочно-пряным кремом и овощами,6,bell_pepper,`bell_pepper` is in ingredients but not found in instructions by known aliases,"красный сладкий перец — 4,5 г",
warning,ingredient_missing_from_steps,ingredient_not_named_in_steps,360,r360_ruletiki_iz_tortili_so_slivochno_pryanym_kremom_i_ovos,Рулетики из тортильи со сливочно-пряным кремом и овощами,7,celery,`celery` is in ingredients but not found in instructions by known aliases,"сельдерей — 4,5 г",
warning,ingredient_missing_from_steps,ingredient_not_named_in_steps,362,r362_tvorog_s_mindalem_izyumom_i_vozdushnoy_pshenitsey,"Творог с миндалем, изюмом и воздушной пшеницей",4,cereal_flakes,`cereal_flakes` is in ingredients but not found in instructions by known aliases,Воздушная пшеница — 15 г,
warning,ingredient_missing_from_steps,ingredient_not_named_in_steps,363,r363_hrustyaschiy_nut_s_yogurtovym_sousom,Хрустящий нут с йогуртовым соусом,6,lemon_juice,`lemon_juice` is in ingredients but not found in instructions by known aliases,Лимонный сок — 5 мл,
warning,ingredient_missing_from_steps,ingredient_not_named_in_steps,364,r364_ogurechnye_tosty_s_tuntsom_i_yogurtom,Огуречные тосты с тунцом и йогуртом,1,whole_grain_bread,`whole_grain_bread` is in ingredients but not found in instructions by known aliases,Цельнозерновой хлеб — 70 г,
warning,ingredient_missing_from_steps,ingredient_not_named_in_steps,365,r365_pryanaya_zlakovaya_smes_s_sychuanskim_pertsem_i_hrusty,Пряная злаковая смесь с сычуаньским перцем и хрустящим маслом чили,8,fennel_seed,`fennel_seed` is in ingredients but not found in instructions by known aliases,"семена фенхеля — 0,5 г",
warning,ingredient_missing_from_steps,ingredient_not_named_in_steps,365,r365_pryanaya_zlakovaya_smes_s_sychuanskim_pertsem_i_hrusty,Пряная злаковая смесь с сычуаньским перцем и хрустящим маслом чили,11,brown_sugar,`brown_sugar` is in ingredients but not found in instructions by known aliases,темный коричневый сахар — 2 г,
warning,ingredient_missing_from_steps,ingredient_not_named_in_steps,365,r365_pryanaya_zlakovaya_smes_s_sychuanskim_pertsem_i_hrusty,Пряная злаковая смесь с сычуаньским перцем и хрустящим маслом чили,14,chili_oil,`chili_oil` is in ingredients but not found in instructions by known aliases,"хрустящее масло чили — 3,5 г",
warning,ingredient_missing_from_steps,ingredient_not_named_in_steps,366,r366_tykvennye_semechki_s_chesnokom_parmezanom_i_travami,"Тыквенные семечки с чесноком, пармезаном и травами",9,parsley,`parsley` is in ingredients but not found in instructions by known aliases,петрушка или базилик — 8 мл,
warning,ingredient_missing_from_steps,ingredient_not_named_in_steps,368,r368_pryanye_zapechennye_gretskie_orehi_s_klenovym_siropom,Пряные запеченные грецкие орехи с кленовым сиропом,6,ginger,`ginger` is in ingredients but not found in instructions by known aliases,молотый имбирь — 1 мл,
warning,ingredient_missing_from_steps,ingredient_not_named_in_steps,369,r369_klassicheskaya_pryanaya_zlakovaya_smes_s_prettselyami_,Классическая пряная злаковая смесь с претцелями и орехами,4,mixed_nuts,`mixed_nuts` is in ingredients but not found in instructions by known aliases,смешанные орехи — 6 г (примерно 1 ст. л.),
warning,ingredient_missing_from_steps,ingredient_not_named_in_steps,371,r371_grecheskiy_yogurt_s_bananom_klubnikoy_i_shokoladom,"Греческий йогурт с бананом, клубникой и шоколадом",4,dark_chocolate,`dark_chocolate` is in ingredients but not found in instructions by known aliases,Темный шоколад — 15 г,
warning,ingredient_missing_from_steps,ingredient_not_named_in_steps,375,r375_yogurt_s_yagodnym_sousom_i_gretskim_orehom,Йогурт с ягодным соусом и грецким орехом,5,honey,`honey` is in ingredients but not found in instructions by known aliases,Мед — 5 г,
warning,ingredient_missing_from_steps,ingredient_not_named_in_steps,376,r376_malinovo_fistashkovyy_grecheskiy_yogurt,Малиново-фисташковый греческий йогурт,5,lemon_juice,`lemon_juice` is in ingredients but not found in instructions by known aliases,Лимонная цедра — 1 г,
warning,ingredient_missing_from_steps,ingredient_not_named_in_steps,382,r382_farshirovannye_yaytsa_s_avokado_zelenym_lukom_i_bekono,"Фаршированные яйца с авокадо, зеленым луком и беконом",5,green_onion,`green_onion` is in ingredients but not found in instructions by known aliases,Зеленый лук — 10 г,
warning,ingredient_missing_from_steps,ingredient_not_named_in_steps,382,r382_farshirovannye_yaytsa_s_avokado_zelenym_lukom_i_bekono,"Фаршированные яйца с авокадо, зеленым луком и беконом",6,lemon_juice,`lemon_juice` is in ingredients but not found in instructions by known aliases,Лимонный сок — 5 мл,
warning,ingredient_missing_from_steps,ingredient_not_named_in_steps,386,r386_italyanskie_salatnye_listya_s_kurinoy_grudkoy_i_parmez,Итальянские салатные листья с куриной грудкой и пармезаном,6,tomato,`tomato` is in ingredients but not found in instructions by known aliases,Помидоры черри — 100 г,
warning,ingredient_missing_from_steps,ingredient_not_named_in_steps,387,r387_tvorozhnaya_banochka_s_pertsem_hrustyaschim_nutom_i_ku,"Творожная баночка с перцем, хрустящим нутом и кунжутно-луковой приправой",2,sesame_seeds,`sesame_seeds` is in ingredients but not found in instructions by known aliases,"приправа кунжутно-луковая приправа без соли — 0,5 г (примерно 1 ч. л.)",
warning,ingredient_missing_from_steps,ingredient_not_named_in_steps,387,r387_tvorozhnaya_banochka_s_pertsem_hrustyaschim_nutom_i_ku,"Творожная баночка с перцем, хрустящим нутом и кунжутно-луковой приправой",5,chickpeas,`chickpeas` is in ingredients but not found in instructions by known aliases,хрустящий нут — 55 г,
warning,ingredient_missing_from_steps,ingredient_not_named_in_steps,388,r388_mini_pertsy_s_tvorozhnoy_nachinkoy_parmezanom_i_limono,"Мини-перцы с творожной начинкой, пармезаном и лимоном",4,greek_yogurt,`greek_yogurt` is in ingredients but not found in instructions by known aliases,Греческий йогурт — 40 г,
warning,ingredient_missing_from_steps,ingredient_not_named_in_steps,388,r388_mini_pertsy_s_tvorozhnoy_nachinkoy_parmezanom_i_limono,"Мини-перцы с творожной начинкой, пармезаном и лимоном",5,lemon_juice,`lemon_juice` is in ingredients but not found in instructions by known aliases,Лимонный сок — 5 мл,
warning,ingredient_missing_from_steps,ingredient_not_named_in_steps,388,r388_mini_pertsy_s_tvorozhnoy_nachinkoy_parmezanom_i_limono,"Мини-перцы с творожной начинкой, пармезаном и лимоном",6,parsley,`parsley` is in ingredients but not found in instructions by known aliases,Петрушка — 5 г,
warning,ingredient_missing_from_steps,ingredient_not_named_in_steps,389,r389_lipkie_apelsinovye_kusochki_tofu_s_imbirem_i_kunzhutom,Липкие апельсиновые кусочки тофу с имбирем и кунжутом,15,green_onion,`green_onion` is in ingredients but not found in instructions by known aliases,зеленый лук — 10 г,
warning,ingredient_missing_from_steps,ingredient_not_named_in_steps,390,r390_hrustyaschie_zapechennye_naggetsy_iz_tofu_v_orehovoy_p,Хрустящие запеченные наггетсы из тофу в ореховой панировке,3,breadcrumbs,`breadcrumbs` is in ingredients but not found in instructions by known aliases,Панировочные сухари — 20 г,
warning,ingredient_missing_from_steps,ingredient_not_named_in_steps,391,r391_grecheskiy_salat_s_kuritsey_ogurtsom_tomatami_olivkami,"Греческий салат с курицей, огурцом, томатами, оливками и фетой",3,tomato,`tomato` is in ingredients but not found in instructions by known aliases,Помидоры черри — 120 г,
warning,ingredient_missing_from_steps,ingredient_not_named_in_steps,391,r391_grecheskiy_salat_s_kuritsey_ogurtsom_tomatami_olivkami,"Греческий салат с курицей, огурцом, томатами, оливками и фетой",5,feta,`feta` is in ingredients but not found in instructions by known aliases,Фета — 45 г,
warning,ingredient_missing_from_steps,ingredient_not_named_in_steps,391,r391_grecheskiy_salat_s_kuritsey_ogurtsom_tomatami_olivkami,"Греческий салат с курицей, огурцом, томатами, оливками и фетой",7,lemon_juice,`lemon_juice` is in ingredients but not found in instructions by known aliases,Лимонный сок — 10 мл,
warning,ingredient_missing_from_steps,ingredient_not_named_in_steps,391,r391_grecheskiy_salat_s_kuritsey_ogurtsom_tomatami_olivkami,"Греческий салат с курицей, огурцом, томатами, оливками и фетой",8,oregano,`oregano` is in ingredients but not found in instructions by known aliases,Орегано сушеный — 1 г,
warning,ingredient_missing_from_steps,ingredient_not_named_in_steps,392,r392_balzamicheskiy_salat_s_ogurtsom_cherri_fetoy_i_olivkam,"Бальзамический салат с курицей, огурцом, черри, фетой и оливками",3,tomato,`tomato` is in ingredients but not found in instructions by known aliases,Помидоры черри — 120 г,
warning,ingredient_missing_from_steps,ingredient_not_named_in_steps,392,r392_balzamicheskiy_salat_s_ogurtsom_cherri_fetoy_i_olivkam,"Бальзамический салат с курицей, огурцом, черри, фетой и оливками",4,feta,`feta` is in ingredients but not found in instructions by known aliases,Фета — 45 г,
warning,ingredient_missing_from_steps,ingredient_not_named_in_steps,393,r393_arbuzno_ogurechnyy_salat_s_fetoy_myatoy_i_balzamikom,"Арбузно-огуречный салат с фетой, мятой и бальзамиком",3,mint,`mint` is in ingredients but not found in instructions by known aliases,"свежая мята — 0,5 г",
warning,ingredient_missing_from_steps,ingredient_not_named_in_steps,393,r393_arbuzno_ogurechnyy_salat_s_fetoy_myatoy_i_balzamikom,"Арбузно-огуречный салат с фетой, мятой и бальзамиком",5,feta,`feta` is in ingredients but not found in instructions by known aliases,фета — 17 г (примерно 2 ст. л. крошки),
warning,ingredient_missing_from_steps,ingredient_not_named_in_steps,393,r393_arbuzno_ogurechnyy_salat_s_fetoy_myatoy_i_balzamikom,"Арбузно-огуречный салат с фетой, мятой и бальзамиком",6,balsamic_glaze,`balsamic_glaze` is in ingredients but not found in instructions by known aliases,"бальзамическая глазурь — 2,5 мл",
warning,ingredient_missing_from_steps,ingredient_not_named_in_steps,394,r394_mini_salat_s_tomatami_ogurtsom_bazilikom_i_fetoy,"Мини-салат с томатами, огурцом, базиликом и фетой",3,feta,`feta` is in ingredients but not found in instructions by known aliases,Фета — 50 г,
warning,ingredient_missing_from_steps,ingredient_not_named_in_steps,394,r394_mini_salat_s_tomatami_ogurtsom_bazilikom_i_fetoy,"Мини-салат с томатами, огурцом, базиликом и фетой",7,lemon_juice,`lemon_juice` is in ingredients but not found in instructions by known aliases,Лимонный сок — 5 мл,
warning,ingredient_missing_from_steps,ingredient_not_named_in_steps,395,r395_sredizemnomorskiy_fasolevyy_salat_s_nutom_krasnoy_faso,"Средиземноморский фасолевый салат с нутом, красной фасолью и огурцом",1,red_beans,`red_beans` is in ingredients but not found in instructions by known aliases,красная фасоль консервированная — 140 г,
warning,ingredient_missing_from_steps,ingredient_not_named_in_steps,396,r396_chashechki_iz_salata_s_chernoy_fasolyu_avokado_halapen,"Чашечки из салата с черной фасолью, авокадо, халапеньо и фетой",4,feta,`feta` is in ingredients but not found in instructions by known aliases,Фета — 45 г,
warning,ingredient_missing_from_steps,ingredient_not_named_in_steps,399,r399_ryba_v_salatnyh_listyah_s_morkovyu_i_yogurtovym_sousom,Рыба в салатных листьях с морковью и йогуртовым соусом,1,white_fish,`white_fish` is in ingredients but not found in instructions by known aliases,Филе белой рыбы — 160 г,
warning,ingredient_missing_from_steps,ingredient_not_named_in_steps,399,r399_ryba_v_salatnyh_listyah_s_morkovyu_i_yogurtovym_sousom,Рыба в салатных листьях с морковью и йогуртовым соусом,6,lemon_juice,`lemon_juice` is in ingredients but not found in instructions by known aliases,Лимонный сок — 10 мл,
warning,ingredient_missing_from_steps,ingredient_not_named_in_steps,400,r400_salatnye_chashechki_s_krevetkami_i_krabovymi_palochkam,Салатные чашечки с креветками и крабовыми палочками,7,lemon_juice,`lemon_juice` is in ingredients but not found in instructions by known aliases,Лимонный сок — 10 мл,
warning,ingredient_missing_from_steps,ingredient_not_named_in_steps,401,r401_farshirovannye_pertsy_s_risom_i_ovoschami_v_duhovke,Фаршированные перцы с рисом и овощами в духовке,5,red_beans,`red_beans` is in ingredients but not found in instructions by known aliases,фасоль стручковая зеленая — 10 г,
warning,ingredient_missing_from_steps,ingredient_not_named_in_steps,401,r401_farshirovannye_pertsy_s_risom_i_ovoschami_v_duhovke,Фаршированные перцы с рисом и овощами в духовке,7,gouda,`gouda` is in ingredients but not found in instructions by known aliases,сыр гауда — 5 г (примерно небольшой кусочек),
warning,ingredient_missing_from_steps,ingredient_not_named_in_steps,403,r403_omlet_s_tvorogom_i_zelenyu,Омлет с творогом и зеленью,1,egg,`egg` is in ingredients but not found in instructions by known aliases,яйца — 2 шт,
warning,ingredient_missing_from_steps,ingredient_not_named_in_steps,403,r403_omlet_s_tvorogom_i_zelenyu,Омлет с творогом и зеленью,3,tomato,`tomato` is in ingredients but not found in instructions by known aliases,помидоры черри — 4 шт,
warning,ingredient_missing_from_steps,ingredient_not_named_in_steps,405,r405_belkovyy_salat_s_tuntsom_yaytsom_i_svezhimi_ovoschami,"Белковый салат с тунцом, яйцом и свежими овощами",3,tomato,`tomato` is in ingredients but not found in instructions by known aliases,помидоры черри — 80 г,
warning,ingredient_missing_from_steps,ingredient_not_named_in_steps,405,r405_belkovyy_salat_s_tuntsom_yaytsom_i_svezhimi_ovoschami,"Белковый салат с тунцом, яйцом и свежими овощами",7,lemon_juice,`lemon_juice` is in ingredients but not found in instructions by known aliases,лимонный сок — 1 ч. л.,
warning,ingredient_missing_from_steps,ingredient_not_named_in_steps,406,r406_buterbrod_s_syrom_i_vetchinoy,Бутерброд с сыром и ветчиной,1,whole_grain_bread,`whole_grain_bread` is in ingredients but not found in instructions by known aliases,цельнозерновой хлеб (1-2 ломтика) — 40 г,
warning,ingredient_missing_from_steps,ingredient_not_named_in_steps,407,r407_buterbrod_s_tuntsom_i_pomidorom,Бутерброд с тунцом и помидором,1,whole_grain_bread,`whole_grain_bread` is in ingredients but not found in instructions by known aliases,цельнозерновой хлеб (1-2 ломтика) — 40 г,
warning,ingredient_missing_from_steps,ingredient_not_named_in_steps,407,r407_buterbrod_s_tuntsom_i_pomidorom,Бутерброд с тунцом и помидором,4,cream_cheese,`cream_cheese` is in ingredients but not found in instructions by known aliases,"творожный крем-сыр нежирный — 25 г (примерно 1-1,5 ст. л.)",
warning,ingredient_missing_from_steps,ingredient_not_named_in_steps,410,r410_salat_iz_konservirovannoy_krasnoy_fasoli,Салат из консервированной красной фасоли,1,red_beans,`red_beans` is in ingredients but not found in instructions by known aliases,красная фасоль консервированная (промыть) — 110 г,
warning,ingredient_missing_from_steps,ingredient_not_named_in_steps,410,r410_salat_iz_konservirovannoy_krasnoy_fasoli,Салат из консервированной красной фасоли,7,lime_juice,`lime_juice` is in ingredients but not found in instructions by known aliases,сок лайма или лимона — 10 мл,
warning,ingredient_missing_from_steps,ingredient_not_named_in_steps,410,r410_salat_iz_konservirovannoy_krasnoy_fasoli,Салат из консервированной красной фасоли,8,mustard,`mustard` is in ingredients but not found in instructions by known aliases,горчица — 1/4 ч. л.,
warning,ingredient_missing_from_steps,ingredient_not_named_in_steps,410,r410_salat_iz_konservirovannoy_krasnoy_fasoli,Салат из консервированной красной фасоли,9,garlic,`garlic` is in ingredients but not found in instructions by known aliases,чеснок (измельчить) — 1 зубчик,
warning,ingredient_missing_from_steps,ingredient_not_named_in_steps,413,r413_omlet_s_zelenym_goroshkom_i_svekloy,Омлет с зеленым горошком и свеклой,4,milk,`milk` is in ingredients but not found in instructions by known aliases,молоко — 30 мл,
warning,ingredient_missing_from_steps,ingredient_not_named_in_steps,414,r414_ovsyanoblin_s_tvorozhnym_syrom_konservirovannym_tuntso,"Овсяноблин с творожным сыром, консервированным тунцом, авокадо и огурцом",4,cream_cheese,`cream_cheese` is in ingredients but not found in instructions by known aliases,"творожный сыр — 25 г (примерно 1-1,5 ст. л.)",
warning,ingredient_missing_from_steps,ingredient_not_named_in_steps,416,r416_tselnozernovoy_hleb_s_pechenyu_treski,Цельнозерновой хлеб с печенью трески,2,cod_liver_canned_drained,`cod_liver_canned_drained` is in ingredients but not found in instructions by known aliases,печень трески консервированная (без лишнего масла) — 55 г,
warning,ingredient_missing_from_steps,ingredient_not_named_in_steps,416,r416_tselnozernovoy_hleb_s_pechenyu_treski,Цельнозерновой хлеб с печенью трески,5,lemon_juice,`lemon_juice` is in ingredients but not found in instructions by known aliases,лимонный сок — 5 мл,
warning,ingredient_missing_from_steps,ingredient_not_named_in_steps,418,r418_slivochnyy_tykvenno_shokoladnyy_muss,Сливочный тыквенно-шоколадный мусс,4,gelatin,`gelatin` is in ingredients but not found in instructions by known aliases,желатин — 2 г,
warning,ingredient_missing_from_steps,ingredient_not_named_in_steps,419,r419_salat_s_tuntsom_yaytsom_fasolyu_i_ovoschami,"Салат с тунцом, яйцом, фасолью и овощами",3,red_beans,`red_beans` is in ingredients but not found in instructions by known aliases,фасоль консервированная (промыть) — 70 г,
warning,ingredient_missing_from_steps,ingredient_not_named_in_steps,420,r420_lenivyy_hachapuri_po_adzharski,Ленивый хачапури по-аджарски,2,gouda,`gouda` is in ingredients but not found in instructions by known aliases,сыр гауда (натереть) — 30 г (примерно 4 ст. л. тертого),
warning,ingredient_missing_from_steps,ingredient_not_named_in_steps,420,r420_lenivyy_hachapuri_po_adzharski,Ленивый хачапури по-аджарски,4,wheat_flour,`wheat_flour` is in ingredients but not found in instructions by known aliases,рисовая цельнозерновая мука (1-2 ст. л.) — 15 г,
warning,ingredient_missing_from_steps,ingredient_not_named_in_steps,424,r424_salat_iz_pecheni_treski_s_yaytsom,Салат из печени трески с яйцом,1,cod_liver_canned_drained,`cod_liver_canned_drained` is in ingredients but not found in instructions by known aliases,печень трески — 1/2 банка,
warning,ingredient_missing_from_steps,ingredient_not_named_in_steps,425,r425_salat_iz_pecheni_treski_s_ogurtsom_i_kartofelem,Салат из печени трески с огурцом и картофелем,1,cod_liver_canned_drained,`cod_liver_canned_drained` is in ingredients but not found in instructions by known aliases,печень трески — 1/2 банка,
warning,ingredient_missing_from_steps,ingredient_not_named_in_steps,425,r425_salat_iz_pecheni_treski_s_ogurtsom_i_kartofelem,Салат из печени трески с огурцом и картофелем,6,lemon_juice,`lemon_juice` is in ingredients but not found in instructions by known aliases,лимонный сок — 1/2 ч. л.,
warning,ingredient_missing_from_steps,ingredient_not_named_in_steps,426,r426_salat_iz_pecheni_treski_s_lukom,Салат из печени трески с луком,5,mayonnaise,`mayonnaise` is in ingredients but not found in instructions by known aliases,майонез — 1/4 ст. л.,
warning,ingredient_missing_from_steps,ingredient_not_named_in_steps,427,r427_salat_iz_konservirovannoy_pecheni_treski,Салат из консервированной печени трески,1,cod_liver_canned_drained,`cod_liver_canned_drained` is in ingredients but not found in instructions by known aliases,печень трески — 1/3 банка,
warning,ingredient_missing_from_steps,ingredient_not_named_in_steps,427,r427_salat_iz_konservirovannoy_pecheni_treski,Салат из консервированной печени трески,4,cucumber,`cucumber` is in ingredients but not found in instructions by known aliases,огурец соленый — 2/3 шт,
warning,ingredient_missing_from_steps,ingredient_not_named_in_steps,427,r427_salat_iz_konservirovannoy_pecheni_treski,Салат из консервированной печени трески,5,onion,`onion` is in ingredients but not found in instructions by known aliases,лук репчатый — 1/3 шт,
warning,ingredient_missing_from_steps,ingredient_not_named_in_steps,427,r427_salat_iz_konservirovannoy_pecheni_treski,Салат из консервированной печени трески,6,mayonnaise,`mayonnaise` is in ingredients but not found in instructions by known aliases,майонез — 1/2 ст. л.,
warning,ingredient_missing_from_steps,ingredient_not_named_in_steps,428,r428_domashniy_salat_iz_pecheni_treski_s_zelenym_goroshkom,Домашний салат из печени трески с зеленым горошком,1,cod_liver_canned_drained,`cod_liver_canned_drained` is in ingredients but not found in instructions by known aliases,печень трески — 1/3 банка,
warning,ingredient_missing_from_steps,ingredient_not_named_in_steps,428,r428_domashniy_salat_iz_pecheni_treski_s_zelenym_goroshkom,Домашний салат из печени трески с зеленым горошком,2,green_peas,`green_peas` is in ingredients but not found in instructions by known aliases,зеленый горошек — 40 г,
warning,ingredient_missing_from_steps,ingredient_not_named_in_steps,430,r430_belkovyy_salat_s_fasolyu,Белковый салат с фасолью,4,cilantro,`cilantro` is in ingredients but not found in instructions by known aliases,кинза — 8 г,
warning,ingredient_missing_from_steps,ingredient_not_named_in_steps,431,r431_marokkanskiy_salat_s_pomidorami_koritsey_i_nutom,"Марокканский салат с помидорами, корицей и нутом",3,onion,`onion` is in ingredients but not found in instructions by known aliases,красный лук — 1/4 шт,
warning,ingredient_missing_from_steps,ingredient_not_named_in_steps,431,r431_marokkanskiy_salat_s_pomidorami_koritsey_i_nutom,"Марокканский салат с помидорами, корицей и нутом",6,lemon_juice,`lemon_juice` is in ingredients but not found in instructions by known aliases,лимонный сок — 1/2 ст. л.,
warning,ingredient_missing_from_steps,ingredient_not_named_in_steps,433,r433_shokoladnyy_pp_desert_s_bananom_v_mikrovolnovke,Шоколадный ПП-десерт с бананом в микроволновке,2,egg,`egg` is in ingredients but not found in instructions by known aliases,яйцо — 1 шт,
warning,ingredient_missing_from_steps,ingredient_not_named_in_steps,433,r433_shokoladnyy_pp_desert_s_bananom_v_mikrovolnovke,Шоколадный ПП-десерт с бананом в микроволновке,5,honey,`honey` is in ingredients but not found in instructions by known aliases,мед (для соуса) — 8 г,
warning,ingredient_missing_from_steps,ingredient_not_named_in_steps,433,r433_shokoladnyy_pp_desert_s_bananom_v_mikrovolnovke,Шоколадный ПП-десерт с бананом в микроволновке,6,dark_chocolate,`dark_chocolate` is in ingredients but not found in instructions by known aliases,темный шоколад (рубленый) — 10 г,
warning,ingredient_missing_from_steps,ingredient_not_named_in_steps,434,r434_zapechennoe_yabloko_s_apelsinom_i_koritsey,Запеченное яблоко с апельсином и корицей,1,apple,`apple` is in ingredients but not found in instructions by known aliases,яблоко (крупное) — 1 шт,
warning,ingredient_missing_from_steps,ingredient_not_named_in_steps,435,r435_kukuruznaya_kasha,Кукурузная каша,2,cornmeal,`cornmeal` is in ingredients but not found in instructions by known aliases,кукурузная крупа (полента) — 2 ст. л.,
warning,ingredient_missing_from_steps,ingredient_not_named_in_steps,436,r436_lenivaya_ovsyanka_s_yagodami_i_orehami,Ленивая овсянка с ягодами и орехами,2,milk,`milk` is in ingredients but not found in instructions by known aliases,молоко или растительный напиток — 160 мл,
warning,ingredient_missing_from_steps,ingredient_not_named_in_steps,436,r436_lenivaya_ovsyanka_s_yagodami_i_orehami,Ленивая овсянка с ягодами и орехами,5,maple_syrup,`maple_syrup` is in ingredients but not found in instructions by known aliases,мед или кленовый сироп — 8 г,
warning,ingredient_missing_from_steps,ingredient_not_named_in_steps,437,r437_tvorog_s_medom_i_fruktami,Творог с мёдом и фруктами,3,banana,`banana` is in ingredients but not found in instructions by known aliases,"банан, яблоко или ягоды (нарезать) — 100 г",
warning,ingredient_missing_from_steps,ingredient_not_named_in_steps,438,r438_avokado_tost,Авокадо-тост,1,whole_grain_bread,`whole_grain_bread` is in ingredients but not found in instructions by known aliases,цельнозерновой хлеб (1 ломтик) — 40 г,
warning,ingredient_missing_from_steps,ingredient_not_named_in_steps,438,r438_avokado_tost,Авокадо-тост,3,tomato,`tomato` is in ingredients but not found in instructions by known aliases,помидор или огурец (ломтиками) — 60 г,
warning,ingredient_missing_from_steps,ingredient_not_named_in_steps,439,r439_smuzi_iz_banana_shpinata_i_orehovogo_moloka,"Смузи из банана, шпината и орехового молока",3,almond_milk,`almond_milk` is in ingredients but not found in instructions by known aliases,овсяное или миндальное молоко — 200 мл,
warning,ingredient_missing_from_steps,ingredient_not_named_in_steps,439,r439_smuzi_iz_banana_shpinata_i_orehovogo_moloka,"Смузи из банана, шпината и орехового молока",5,chia_seeds,`chia_seeds` is in ingredients but not found in instructions by known aliases,семена льна или чиа — 8 г,
warning,ingredient_missing_from_steps,ingredient_not_named_in_steps,440,r440_kasha_iz_kinoa_s_fruktami,Каша из киноа с фруктами,3,berries,`berries` is in ingredients but not found in instructions by known aliases,фрукты или ягоды (нарезать) — 100 г,
warning,ingredient_missing_from_steps,ingredient_not_named_in_steps,441,r441_omlet_iz_nutovoy_muki_s_brokkoli_i_struchkovoy_fasolyu,Омлет из нутовой муки с брокколи и стручковой фасолью,1,wheat_flour,`wheat_flour` is in ingredients but not found in instructions by known aliases,нутовая мука — 50 г,
warning,ingredient_missing_from_steps,ingredient_not_named_in_steps,441,r441_omlet_iz_nutovoy_muki_s_brokkoli_i_struchkovoy_fasolyu,Омлет из нутовой муки с брокколи и стручковой фасолью,3,broccoli,`broccoli` is in ingredients but not found in instructions by known aliases,брокколи — 50 г,
warning,ingredient_missing_from_steps,ingredient_not_named_in_steps,441,r441_omlet_iz_nutovoy_muki_s_brokkoli_i_struchkovoy_fasolyu,Омлет из нутовой муки с брокколи и стручковой фасолью,4,red_beans,`red_beans` is in ingredients but not found in instructions by known aliases,зеленая фасоль — 50 г,
warning,ingredient_missing_from_steps,ingredient_not_named_in_steps,442,r442_bananovye_oladi_s_shokoladnoy_nachinkoy,Банановые оладьи с шоколадной начинкой,2,wheat_flour,`wheat_flour` is in ingredients but not found in instructions by known aliases,кукурузная мука — 30 г,
warning,ingredient_missing_from_steps,ingredient_not_named_in_steps,443,r443_ovsyanye_blinchiki,Овсяные блинчики,1,wheat_flour,`wheat_flour` is in ingredients but not found in instructions by known aliases,овсяная мука (я всегда перемалываю овсяные хлопья) — 70 г,
warning,ingredient_missing_from_steps,ingredient_not_named_in_steps,444,r444_tvorog_s_ukropom_s_tselnozernovym_hlebom,Творог с укропом с цельнозерновым хлебом,8,whole_grain_bread,`whole_grain_bread` is in ingredients but not found in instructions by known aliases,цельнозерновой хлеб — 1 ломтик,
warning,ingredient_missing_from_steps,ingredient_not_named_in_steps,447,r447_skrembl_iz_tofu,Скрэмбл из тофу,6,garlic,`garlic` is in ingredients but not found in instructions by known aliases,чеснок сушеный — 1/4 ч. л.,
warning,ingredient_missing_from_steps,ingredient_not_named_in_steps,448,r448_tselnozernovoy_hleb_s_pashtetom_iz_kurinoy_pecheni,Цельнозерновой хлеб с паштетом из куриной печени,2,chicken_liver,`chicken_liver` is in ingredients but not found in instructions by known aliases,куриная печень (для паштета) — 80 г,
warning,ingredient_missing_from_steps,ingredient_not_named_in_steps,449,r449_grechka_po_kupecheski_s_farshem,Гречка по-купечески с фаршем,7,tomato_paste,`tomato_paste` is in ingredients but not found in instructions by known aliases,томатная паста — 15 г (примерно 1 ст. л.),
warning,ingredient_missing_from_steps,ingredient_not_named_in_steps,450,r450_spagetti_s_kuritsey_v_smetannom_souse,Спагетти с курицей в сметанном соусе,7,oregano,`oregano` is in ingredients but not found in instructions by known aliases,орегано — 1/4 ч. л.,
warning,ingredient_missing_from_steps,ingredient_not_named_in_steps,451,r451_gulyash_s_grechkoy,Гуляш с гречкой,2,onion,`onion` is in ingredients but not found in instructions by known aliases,лук репчатый — 1/4 шт,
warning,ingredient_missing_from_steps,ingredient_not_named_in_steps,451,r451_gulyash_s_grechkoy,Гуляш с гречкой,3,carrot,`carrot` is in ingredients but not found in instructions by known aliases,морковь — 1/4 шт,
warning,ingredient_missing_from_steps,ingredient_not_named_in_steps,451,r451_gulyash_s_grechkoy,Гуляш с гречкой,4,tomato_paste,`tomato_paste` is in ingredients but not found in instructions by known aliases,томатная паста — 1/4 ст. л.,
warning,ingredient_missing_from_steps,ingredient_not_named_in_steps,451,r451_gulyash_s_grechkoy,Гуляш с гречкой,6,wheat_flour,`wheat_flour` is in ingredients but not found in instructions by known aliases,мука пшеничная — 1/2 ст. л.,
warning,ingredient_missing_from_steps,ingredient_not_named_in_steps,453,r453_struchkovaya_fasol_s_chesnokom_i_soevym_sousom,Стручковая фасоль с чесноком и соевым соусом,1,red_beans,`red_beans` is in ingredients but not found in instructions by known aliases,стручковая фасоль — 200 г,
warning,ingredient_missing_from_steps,ingredient_not_named_in_steps,454,r454_gulyash_iz_kurinoy_pecheni,Гуляш из куриной печени,1,chicken_liver,`chicken_liver` is in ingredients but not found in instructions by known aliases,куриная печень (кусочками) — 125 г,
warning,ingredient_missing_from_steps,ingredient_not_named_in_steps,454,r454_gulyash_iz_kurinoy_pecheni,Гуляш из куриной печени,5,wheat_flour,`wheat_flour` is in ingredients but not found in instructions by known aliases,мука пшеничная — 5 г,
warning,ingredient_missing_from_steps,ingredient_not_named_in_steps,455,r455_ryba_pod_marinadom,Рыба под маринадом,1,cod_fillet,`cod_fillet` is in ingredients but not found in instructions by known aliases,филе трески или минтая — 180 г,
warning,ingredient_missing_from_steps,ingredient_not_named_in_steps,455,r455_ryba_pod_marinadom,Рыба под маринадом,4,wheat_flour,`wheat_flour` is in ingredients but not found in instructions by known aliases,мука пшеничная — 1 ст. л.,
warning,ingredient_missing_from_steps,ingredient_not_named_in_steps,455,r455_ryba_pod_marinadom,Рыба под маринадом,6,tomato_paste,`tomato_paste` is in ingredients but not found in instructions by known aliases,томатная паста — 1/4 ст. л.,
warning,ingredient_missing_from_steps,ingredient_not_named_in_steps,455,r455_ryba_pod_marinadom,Рыба под маринадом,13,vinegar,`vinegar` is in ingredients but not found in instructions by known aliases,уксус столовый — 1/4 ст. л.,
warning,ingredient_missing_from_steps,ingredient_not_named_in_steps,456,r456_govyadina_v_tomatno_smetannom_souse,Говядина в томатно-сметанном соусе,6,tomato_paste,`tomato_paste` is in ingredients but not found in instructions by known aliases,томатная паста — 1 ст. л.,
warning,ingredient_missing_from_steps,ingredient_not_named_in_steps,456,r456_govyadina_v_tomatno_smetannom_souse,Говядина в томатно-сметанном соусе,8,sour_cream,`sour_cream` is in ingredients but not found in instructions by known aliases,сметана — 1.5 ст. л.,
warning,ingredient_missing_from_steps,ingredient_not_named_in_steps,456,r456_govyadina_v_tomatno_smetannom_souse,Говядина в томатно-сметанном соусе,9,sugar,`sugar` is in ingredients but not found in instructions by known aliases,сахар — 1/2 ч. л.,
warning,ingredient_missing_from_steps,ingredient_not_named_in_steps,456,r456_govyadina_v_tomatno_smetannom_souse,Говядина в томатно-сметанном соусе,12,greens,`greens` is in ingredients but not found in instructions by known aliases,зелень — 5 г,
warning,ingredient_missing_from_steps,ingredient_not_named_in_steps,457,r457_azu_iz_indeyki_na_skovorode,Азу из индейки на сковороде,2,pickles,`pickles` is in ingredients but not found in instructions by known aliases,маринованные огурцы — 40 г,
warning,ingredient_missing_from_steps,ingredient_not_named_in_steps,457,r457_azu_iz_indeyki_na_skovorode,Азу из индейки на сковороде,9,tomato_paste,`tomato_paste` is in ingredients but not found in instructions by known aliases,"томатная паста — 8 г (примерно 1,5 ч. л.)",
warning,ingredient_missing_from_steps,ingredient_not_named_in_steps,458,r458_indeyka_tushenaya_v_smetane,Индейка тушеная в сметане,5,wheat_flour,`wheat_flour` is in ingredients but not found in instructions by known aliases,мука пшеничная — 1/2 ст. л.,
warning,ingredient_missing_from_steps,ingredient_not_named_in_steps,459,r459_pisto,Писто,3,tomato,`tomato` is in ingredients but not found in instructions by known aliases,помидоры — 120 г,
warning,ingredient_missing_from_steps,ingredient_not_named_in_steps,459,r459_pisto,Писто,11,sugar,`sugar` is in ingredients but not found in instructions by known aliases,сахар — 3 г,
warning,ingredient_missing_from_steps,ingredient_not_named_in_steps,459,r459_pisto,Писто,13,tomato_paste,`tomato_paste` is in ingredients but not found in instructions by known aliases,томатная паста — 1/4 ст. л.,
warning,ingredient_missing_from_steps,ingredient_not_named_in_steps,460,r460_makarony_s_yaytsom_i_syrom,Макароны с яйцом и сыром,2,gouda,`gouda` is in ingredients but not found in instructions by known aliases,сыр гауда — 25 г (примерно 1 ломтик),
warning,ingredient_missing_from_steps,ingredient_not_named_in_steps,461,r461_bigus_iz_svezhey_kapusty,Бигус из свежей капусты,1,beef_stew,`beef_stew` is in ingredients but not found in instructions by known aliases,говядина для тушения — 100 г,
warning,ingredient_missing_from_steps,ingredient_not_named_in_steps,461,r461_bigus_iz_svezhey_kapusty,Бигус из свежей капусты,2,cabbage,`cabbage` is in ingredients but not found in instructions by known aliases,капуста свежая — 130 г,
warning,ingredient_missing_from_steps,ingredient_not_named_in_steps,461,r461_bigus_iz_svezhey_kapusty,Бигус из свежей капусты,5,garlic,`garlic` is in ingredients but not found in instructions by known aliases,чеснок — 1/4 зубчик,
warning,ingredient_missing_from_steps,ingredient_not_named_in_steps,462,r462_indeyka_s_baklazhanami_v_duhovke,Индейка с баклажанами в духовке,12,greens,`greens` is in ingredients but not found in instructions by known aliases,зелень — 5 г,
warning,ingredient_missing_from_steps,ingredient_not_named_in_steps,463,r463_salat_s_kapustoy_kurinoy_grudkoy_i_kunzhutom,"Салат с капустой, куриной грудкой и кунжутом",7,almonds,`almonds` is in ingredients but not found in instructions by known aliases,миндальные лепестки — 5 г (примерно 1 ст. л.),
warning,ingredient_missing_from_steps,ingredient_not_named_in_steps,464,r464_losos_zapechennyy_v_folge,"Лосось, запеченный в фольге",6,greens,`greens` is in ingredients but not found in instructions by known aliases,салатная зелень — 15 г,
warning,ingredient_missing_from_steps,ingredient_not_named_in_steps,464,r464_losos_zapechennyy_v_folge,"Лосось, запеченный в фольге",7,tarragon,`tarragon` is in ingredients but not found in instructions by known aliases,эстрагон — 1 г,
warning,ingredient_missing_from_steps,ingredient_not_named_in_steps,464,r464_losos_zapechennyy_v_folge,"Лосось, запеченный в фольге",8,garlic,`garlic` is in ingredients but not found in instructions by known aliases,чеснок — 1/2 зубчик,
warning,ingredient_missing_from_steps,ingredient_not_named_in_steps,464,r464_losos_zapechennyy_v_folge,"Лосось, запеченный в фольге",10,sour_cream,`sour_cream` is in ingredients but not found in instructions by known aliases,сметана — 20 г,
warning,ingredient_missing_from_steps,ingredient_not_named_in_steps,465,r465_kalmary_s_kartofelem_i_shpinatom,Кальмары с картофелем и шпинатом,2,lemon_juice,`lemon_juice` is in ingredients but not found in instructions by known aliases,лимон — 30 г,
warning,ingredient_missing_from_steps,ingredient_not_named_in_steps,465,r465_kalmary_s_kartofelem_i_shpinatom,Кальмары с картофелем и шпинатом,4,parsley,`parsley` is in ingredients but not found in instructions by known aliases,петрушка — 5 г,
warning,ingredient_missing_from_steps,ingredient_not_named_in_steps,465,r465_kalmary_s_kartofelem_i_shpinatom,Кальмары с картофелем и шпинатом,9,spinach,`spinach` is in ingredients but not found in instructions by known aliases,шпинат — 70 г,
warning,ingredient_missing_from_steps,ingredient_not_named_in_steps,467,r467_pirozhki_s_yaytsom_i_tvorogom,Пирожки с яйцом и творогом,1,cottage_cheese,`cottage_cheese` is in ingredients but not found in instructions by known aliases,творог обезжиренный высокобелковый — 50 г,
warning,ingredient_missing_from_steps,ingredient_not_named_in_steps,467,r467_pirozhki_s_yaytsom_i_tvorogom,Пирожки с яйцом и творогом,3,gouda,`gouda` is in ingredients but not found in instructions by known aliases,сыр гауда — 10 г (примерно небольшой кусочек),
warning,ingredient_missing_from_steps,ingredient_not_named_in_steps,467,r467_pirozhki_s_yaytsom_i_tvorogom,Пирожки с яйцом и творогом,4,wheat_flour,`wheat_flour` is in ingredients but not found in instructions by known aliases,мука — 10 г,
warning,ingredient_missing_from_steps,ingredient_not_named_in_steps,468,r468_skrembl_bez_yaits,Скрэмбл без яиц,3,garlic,`garlic` is in ingredients but not found in instructions by known aliases,чеснок — 1/4 зубчик,
warning,ingredient_missing_from_steps,ingredient_not_named_in_steps,468,r468_skrembl_bez_yaits,Скрэмбл без яиц,4,lemon_juice,`lemon_juice` is in ingredients but not found in instructions by known aliases,сок лимона — 1 ст. л.,
warning,ingredient_missing_from_steps,ingredient_not_named_in_steps,468,r468_skrembl_bez_yaits,Скрэмбл без яиц,5,tahini,`tahini` is in ingredients but not found in instructions by known aliases,паста тахини — 1/2 ст. л.,
warning,ingredient_missing_from_steps,ingredient_not_named_in_steps,468,r468_skrembl_bez_yaits,Скрэмбл без яиц,8,ginger,`ginger` is in ingredients but not found in instructions by known aliases,имбирь молотый — 1/4 ч. л.,
warning,ingredient_missing_from_steps,ingredient_not_named_in_steps,469,r469_kotlety_iz_nuta,Котлеты из нута,6,wheat_flour,`wheat_flour` is in ingredients but not found in instructions by known aliases,мука рисовая — 10 г,
warning,ingredient_missing_from_steps,ingredient_not_named_in_steps,469,r469_kotlety_iz_nuta,Котлеты из нута,8,breadcrumbs,`breadcrumbs` is in ingredients but not found in instructions by known aliases,панировочные сухари — 25 г,
warning,ingredient_missing_from_steps,ingredient_not_named_in_steps,469,r469_kotlety_iz_nuta,Котлеты из нута,11,cucumber,`cucumber` is in ingredients but not found in instructions by known aliases,огурец — 100 г,
warning,ingredient_missing_from_steps,ingredient_not_named_in_steps,470,r470_tofu_nori_v_klyare,Тофу-нори в кляре,3,wheat_flour,`wheat_flour` is in ingredients but not found in instructions by known aliases,мука (для кляра) — 50 г,
warning,ingredient_missing_from_steps,ingredient_not_named_in_steps,471,r471_gorohovyy_sup_pyure,Гороховый суп-пюре,1,split_peas,`split_peas` is in ingredients but not found in instructions by known aliases,горох колотый — 70 г,
warning,ingredient_missing_from_steps,ingredient_not_named_in_steps,471,r471_gorohovyy_sup_pyure,Гороховый суп-пюре,10,whole_grain_bread,`whole_grain_bread` is in ingredients but not found in instructions by known aliases,цельнозерновой хлеб — 60 г,
warning,ingredient_missing_from_steps,ingredient_not_named_in_steps,473,r473_tilapiya_v_duhovke,Тилапия в духовке,1,white_fish,`white_fish` is in ingredients but not found in instructions by known aliases,белая рыба — 140 г,
warning,ingredient_missing_from_steps,ingredient_not_named_in_steps,473,r473_tilapiya_v_duhovke,Тилапия в духовке,9,lemon_juice,`lemon_juice` is in ingredients but not found in instructions by known aliases,лимонный сок — 10 г,
warning,ingredient_missing_from_steps,ingredient_not_named_in_steps,475,r475_omlet_s_zelenyu,Омлет с зеленью,2,tomato,`tomato` is in ingredients but not found in instructions by known aliases,помидоры черри (половинками) — 60 г,
warning,ingredient_missing_from_steps,ingredient_not_named_in_steps,475,r475_omlet_s_zelenyu,Омлет с зеленью,5,green_onion,`green_onion` is in ingredients but not found in instructions by known aliases,зеленый лук — 5 г,
warning,ingredient_missing_from_steps,ingredient_not_named_in_steps,475,r475_omlet_s_zelenyu,Омлет с зеленью,6,parsley,`parsley` is in ingredients but not found in instructions by known aliases,укроп и петрушка (рубленые) — 8 г,
warning,ingredient_missing_from_steps,ingredient_not_named_in_steps,476,r476_syrniki_na_kokosovoy_muke,Сырники на кокосовой муке,2,wheat_flour,`wheat_flour` is in ingredients but not found in instructions by known aliases,мука кокосовая — 10 г,
warning,ingredient_missing_from_steps,ingredient_not_named_in_steps,478,r478_yaytsa_po_florentiyski,Яйца по-флорентийски,5,wheat_flour,`wheat_flour` is in ingredients but not found in instructions by known aliases,мука пшеничная — 2 г,
warning,ingredient_missing_from_steps,ingredient_not_named_in_steps,479,r479_kuskus_s_kuritsey,Кускус с курицей,7,onion,`onion` is in ingredients but not found in instructions by known aliases,лук красный — 20 г,
warning,ingredient_missing_from_steps,ingredient_not_named_in_steps,480,r480_myaso_po_tayski_s_lapshoy,Мясо по-тайски с лапшой,1,pork_tenderloin,`pork_tenderloin` is in ingredients but not found in instructions by known aliases,свиная вырезка (тонкими полосками) — 100 г,
warning,ingredient_missing_from_steps,ingredient_not_named_in_steps,481,r481_dorado_s_risom_i_yaytsom_pashot,Дорадо с рисом и яйцом пашот,2,white_fish,`white_fish` is in ingredients but not found in instructions by known aliases,копченая белая рыба — 150 г,
warning,ingredient_missing_from_steps,ingredient_not_named_in_steps,482,r482_steyk_iz_indeyki_s_fasolyu,Стейк из индейки с фасолью,3,red_beans,`red_beans` is in ingredients but not found in instructions by known aliases,фасоль стручковая — 200 г,
warning,ingredient_missing_from_steps,ingredient_not_named_in_steps,482,r482_steyk_iz_indeyki_s_fasolyu,Стейк из индейки с фасолью,5,nuts_mix,`nuts_mix` is in ingredients but not found in instructions by known aliases,смесь семян для салатов — 10 г (примерно 1 ст. л.),
warning,ingredient_missing_from_steps,ingredient_not_named_in_steps,483,r483_kalmar_farshirovannyy_syrom_i_kuritsey,"Кальмар, фаршированный сыром и курицей",4,gouda,`gouda` is in ingredients but not found in instructions by known aliases,сыр гауда — 30 г (примерно 1-2 ломтика),
warning,ingredient_missing_from_steps,ingredient_not_named_in_steps,484,r484_kuritsa_s_ovoschami_po_derevenski,Курица с овощами по-деревенски,1,chicken_thigh_skinless,`chicken_thigh_skinless` is in ingredients but not found in instructions by known aliases,куриное бедро без кожи — 180 г,
warning,ingredient_missing_from_steps,ingredient_not_named_in_steps,484,r484_kuritsa_s_ovoschami_po_derevenski,Курица с овощами по-деревенски,3,pumpkin,`pumpkin` is in ingredients but not found in instructions by known aliases,"мускатная тыква (кубиками, generic raw pumpkin; brand removed) — 50 г",
warning,ingredient_missing_from_steps,ingredient_not_named_in_steps,486,r486_eskalop_svinoy_s_syrom,Эскалоп свиной с сыром,1,pork_chop,`pork_chop` is in ingredients but not found in instructions by known aliases,свиная отбивная — 190 г,
warning,ingredient_missing_from_steps,ingredient_not_named_in_steps,486,r486_eskalop_svinoy_s_syrom,Эскалоп свиной с сыром,5,bell_pepper,`bell_pepper` is in ingredients but not found in instructions by known aliases,болгарский перец — 1/4 шт,
warning,ingredient_missing_from_steps,ingredient_not_named_in_steps,487,r487_kurino_kartofelnye_oladi,Курино-картофельные оладьи,3,cornstarch,`cornstarch` is in ingredients but not found in instructions by known aliases,кукурузный крахмал — 8 г,
warning,ingredient_missing_from_steps,ingredient_not_named_in_steps,488,r488_bystryy_sup_s_nutom_i_kuritsey,"Быстрый суп с нутом, курицей и перцем",5,parsley,`parsley` is in ingredients but not found in instructions by known aliases,петрушка и укроп — 5 г,
warning,ingredient_missing_from_steps,ingredient_not_named_in_steps,490,r490_buterbrod_s_vetchinoy_i_omletom,Бутерброд с ветчиной и омлетом,2,whole_grain_bread,`whole_grain_bread` is in ingredients but not found in instructions by known aliases,чиабатта или цельнозерновой хлеб — 70 г,
warning,ingredient_missing_from_steps,ingredient_not_named_in_steps,490,r490_buterbrod_s_vetchinoy_i_omletom,Бутерброд с ветчиной и омлетом,4,cream_cheese,`cream_cheese` is in ingredients but not found in instructions by known aliases,сливочный сыр — 50 г,
warning,ingredient_missing_from_steps,ingredient_not_named_in_steps,491,r491_kartofelnye_zrazy_s_belymi_gribami,Картофельные зразы с белыми грибами,3,allspice,`allspice` is in ingredients but not found in instructions by known aliases,душистый перец — 1 г,
warning,ingredient_missing_from_steps,ingredient_not_named_in_steps,491,r491_kartofelnye_zrazy_s_belymi_gribami,Картофельные зразы с белыми грибами,5,rice_flour,`rice_flour` is in ingredients but not found in instructions by known aliases,мука рисовая — 5 г,
warning,ingredient_missing_from_steps,ingredient_not_named_in_steps,491,r491_kartofelnye_zrazy_s_belymi_gribami,Картофельные зразы с белыми грибами,6,breadcrumbs,`breadcrumbs` is in ingredients but not found in instructions by known aliases,панировочные сухари — 1/2 ст. л.,
warning,ingredient_missing_from_steps,ingredient_not_named_in_steps,493,r493_shaurma_s_falafelem,Шаурма с фалафелем,4,korean_carrot,`korean_carrot` is in ingredients but not found in instructions by known aliases,морковь по-корейски — 20 г,
warning,ingredient_missing_from_steps,ingredient_not_named_in_steps,494,r494_losos_v_slivochnom_souse_so_shpinatom_i_syrom,Лосось в сливочном соусе со шпинатом и сыром,1,salmon,`salmon` is in ingredients but not found in instructions by known aliases,лосось — 160 г,
warning,ingredient_missing_from_steps,ingredient_not_named_in_steps,494,r494_losos_v_slivochnom_souse_so_shpinatom_i_syrom,Лосось в сливочном соусе со шпинатом и сыром,6,pine_nuts,`pine_nuts` is in ingredients but not found in instructions by known aliases,кедровые орехи — 5 г (примерно 1 ст. л.),
warning,ingredient_missing_from_steps,ingredient_not_named_in_steps,495,r495_salat_s_shampinonami_i_sparzhey,Салат с шампиньонами и спаржей,6,almonds,`almonds` is in ingredients but not found in instructions by known aliases,миндаль (рубленый) — 10 г (примерно 1-2 ст. л.),
warning,ingredient_missing_from_steps,ingredient_not_named_in_steps,495,r495_salat_s_shampinonami_i_sparzhey,Салат с шампиньонами и спаржей,8,orange,`orange` is in ingredients but not found in instructions by known aliases,апельсиновый сок — 30 мл,
warning,ingredient_missing_from_steps,ingredient_not_named_in_steps,496,r496_karbonara_s_bekonom_i_slivkami,Карбонара с беконом и сливками,2,cream,`cream` is in ingredients but not found in instructions by known aliases,сливки 20% (для соуса) — 80 мл,
warning,ingredient_missing_from_steps,ingredient_not_named_in_steps,496,r496_karbonara_s_bekonom_i_slivkami,Карбонара с беконом и сливками,5,egg_yolk,`egg_yolk` is in ingredients but not found in instructions by known aliases,яичный желток — 1 шт,
warning,ingredient_missing_from_steps,ingredient_not_named_in_steps,497,r497_kacho_e_pepe,Качо-э-пепе,2,parmesan,`parmesan` is in ingredients but not found in instructions by known aliases,пармезан (мелко натереть) — 15 г (примерно 2 ст. л. тертого),
warning,ingredient_missing_from_steps,ingredient_not_named_in_steps,499,r499_pasta_s_krevetkami_i_sousom_pesto,Паста с креветками и соусом песто,8,chili_pepper,`chili_pepper` is in ingredients but not found in instructions by known aliases,перец чили — 1 г,
warning,ingredient_missing_from_steps,ingredient_not_named_in_steps,502,r502_pasta_s_lososem_i_shpinatom_v_slivochnom_souse,Паста с лососем и шпинатом в сливочном соусе,4,spinach,`spinach` is in ingredients but not found in instructions by known aliases,шпинат — 50 г,
warning,ingredient_missing_from_steps,ingredient_not_named_in_steps,502,r502_pasta_s_lososem_i_shpinatom_v_slivochnom_souse,Паста с лососем и шпинатом в сливочном соусе,5,cream_cheese,`cream_cheese` is in ingredients but not found in instructions by known aliases,творожный сыр — 35 г,
warning,ingredient_missing_from_steps,ingredient_not_named_in_steps,502,r502_pasta_s_lososem_i_shpinatom_v_slivochnom_souse,Паста с лососем и шпинатом в сливочном соусе,7,garlic,`garlic` is in ingredients but not found in instructions by known aliases,чеснок (измельчить) — 1 зубчик,
warning,ingredient_missing_from_steps,ingredient_not_named_in_steps,503,r503_mak_end_chiz,Мак-энд-чиз,6,wheat_flour,`wheat_flour` is in ingredients but not found in instructions by known aliases,мука — 7 г,
warning,ingredient_missing_from_steps,ingredient_not_named_in_steps,506,r506_yaichnyy_roll_s_vetchinoy,Яичный ролл с ветчиной,4,gouda,`gouda` is in ingredients but not found in instructions by known aliases,сыр гауда — 1 ломтик,
warning,ingredient_missing_from_steps,ingredient_not_named_in_steps,507,r507_onigiri,Онигири,2,rice,`rice` is in ingredients but not found in instructions by known aliases,вареного риса — 120 г,
warning,ingredient_missing_from_steps,ingredient_not_named_in_steps,507,r507_onigiri,Онигири,5,lettuce,`lettuce` is in ingredients but not found in instructions by known aliases,латука — 1 лист,
warning,ingredient_missing_from_steps,ingredient_not_named_in_steps,508,r508_buterbrody_s_kuritsey_i_ovoschami,Бутерброды с курицей и овощами,5,tomato,`tomato` is in ingredients but not found in instructions by known aliases,"помидор — 0,5 шт.",
warning,ingredient_missing_from_steps,ingredient_not_named_in_steps,508,r508_buterbrody_s_kuritsey_i_ovoschami,Бутерброды с курицей и овощами,6,cucumber,`cucumber` is in ingredients but not found in instructions by known aliases,"огурец — 0,5 шт.",
warning,ingredient_missing_from_steps,ingredient_not_named_in_steps,508,r508_buterbrody_s_kuritsey_i_ovoschami,Бутерброды с курицей и овощами,7,onion,`onion` is in ingredients but not found in instructions by known aliases,"фиолетовая луковица — 0,5 шт.",
warning,ingredient_missing_from_steps,ingredient_not_named_in_steps,509,r509_hlebtsy_s_avokado_i_lososem,Хлебцы с авокадо и лососем,3,salmon,`salmon` is in ingredients but not found in instructions by known aliases,лосось — 100 г,
warning,ingredient_missing_from_steps,ingredient_not_named_in_steps,509,r509_hlebtsy_s_avokado_i_lososem,Хлебцы с авокадо и лососем,4,cream_cheese,`cream_cheese` is in ingredients but not found in instructions by known aliases,творожный сыр — 80 г,
warning,ingredient_missing_from_steps,ingredient_not_named_in_steps,510,r510_rulet_iz_lavasha_s_krabovymi_palochkami,Рулет из лаваша с крабовыми палочками,3,cream_cheese,`cream_cheese` is in ingredients but not found in instructions by known aliases,творожный сыр — 1 шт.,
warning,ingredient_missing_from_steps,ingredient_not_named_in_steps,510,r510_rulet_iz_lavasha_s_krabovymi_palochkami,Рулет из лаваша с крабовыми палочками,5,tomato,`tomato` is in ingredients but not found in instructions by known aliases,помидор — 1 шт.,
warning,ingredient_missing_from_steps,ingredient_not_named_in_steps,510,r510_rulet_iz_lavasha_s_krabovymi_palochkami,Рулет из лаваша с крабовыми палочками,6,bell_pepper,`bell_pepper` is in ingredients but not found in instructions by known aliases,"болгарский перец — 0,5 шт.",
warning,ingredient_missing_from_steps,ingredient_not_named_in_steps,511,r511_sendvich_s_tuntsom,Сэндвич с тунцом,2,tuna,`tuna` is in ingredients but not found in instructions by known aliases,"тунец — 0,5 банки (консервированный)",
warning,ingredient_missing_from_steps,ingredient_not_named_in_steps,513,r513_syrniki_na_risovoy_muke,Сырники на рисовой муке,3,rice_flour,`rice_flour` is in ingredients but not found in instructions by known aliases,рисовой муки — 25 г,
warning,ingredient_missing_from_steps,ingredient_not_named_in_steps,514,r514_rulet_iz_lavasha_s_tuntsom,Рулет из лаваша с тунцом,2,tuna,`tuna` is in ingredients but not found in instructions by known aliases,"консервированного тунца — 0,5 банки (в собственном соку)",
warning,ingredient_missing_from_steps,ingredient_not_named_in_steps,514,r514_rulet_iz_lavasha_s_tuntsom,Рулет из лаваша с тунцом,4,cream_cheese,`cream_cheese` is in ingredients but not found in instructions by known aliases,творожный сыр — 3 ст. л.,
warning,ingredient_missing_from_steps,ingredient_not_named_in_steps,514,r514_rulet_iz_lavasha_s_tuntsom,Рулет из лаваша с тунцом,5,lettuce,`lettuce` is in ingredients but not found in instructions by known aliases,латука — 2 листа,
warning,ingredient_missing_from_steps,ingredient_not_named_in_steps,515,r515_salat_s_grechkoy_ovoschami_i_fetoy,"Салат с гречкой, овощами и фетой",5,feta,`feta` is in ingredients but not found in instructions by known aliases,фета — 50 г (примерно 2 ст. л. крошки),
warning,ingredient_missing_from_steps,ingredient_not_named_in_steps,515,r515_salat_s_grechkoy_ovoschami_i_fetoy,"Салат с гречкой, овощами и фетой",8,lemon_juice,`lemon_juice` is in ingredients but not found in instructions by known aliases,лимонный сок — 10 г,
warning,ingredient_missing_from_steps,ingredient_not_named_in_steps,516,r516_sendvich_s_kuritsey_i_syrom,Сэндвич с курицей и сыром,5,lettuce,`lettuce` is in ingredients but not found in instructions by known aliases,салата — 1 листа,
warning,ingredient_missing_from_steps,ingredient_not_named_in_steps,517,r517_lavash_s_kuritsey_i_gribami,Лаваш с курицей и грибами,4,onion,`onion` is in ingredients but not found in instructions by known aliases,"луковицы — 0,5 шт.",
warning,ingredient_missing_from_steps,ingredient_not_named_in_steps,517,r517_lavash_s_kuritsey_i_gribami,Лаваш с курицей и грибами,5,parmesan,`parmesan` is in ingredients but not found in instructions by known aliases,твердый сыр — 40 г,
warning,ingredient_missing_from_steps,ingredient_not_named_in_steps,518,r518_kuritsa_s_risom_i_ovoschami_na_skovorode,Курица с рисом и овощами на сковороде,5,stir_fry_vegetables,`stir_fry_vegetables` is in ingredients but not found in instructions by known aliases,замороженные овощи — 70 г,
warning,ingredient_missing_from_steps,ingredient_not_named_in_steps,518,r518_kuritsa_s_risom_i_ovoschami_na_skovorode,Курица с рисом и овощами на сковороде,8,bell_pepper,`bell_pepper` is in ingredients but not found in instructions by known aliases,сладкий перец — 80 г,
warning,ingredient_missing_from_steps,ingredient_not_named_in_steps,519,r519_kurinye_bedra_s_kartofelem_v_duhovke,Куриные бедра с картофелем в духовке,1,chicken_thigh,`chicken_thigh` is in ingredients but not found in instructions by known aliases,куриные бедра — 1 шт.,
warning,ingredient_missing_from_steps,ingredient_not_named_in_steps,519,r519_kurinye_bedra_s_kartofelem_v_duhovke,Куриные бедра с картофелем в духовке,3,onion,`onion` is in ingredients but not found in instructions by known aliases,лук — 40 г,
warning,ingredient_missing_from_steps,ingredient_not_named_in_steps,519,r519_kurinye_bedra_s_kartofelem_v_duhovke,Куриные бедра с картофелем в духовке,4,garlic,`garlic` is in ingredients but not found in instructions by known aliases,чеснок — 1 зубчик,
warning,ingredient_missing_from_steps,ingredient_not_named_in_steps,520,r520_pasta_s_kuritsey_v_tomatnom_souse,Паста с курицей в томатном соусе,5,onion,`onion` is in ingredients but not found in instructions by known aliases,лук — 40 г,
warning,ingredient_missing_from_steps,ingredient_not_named_in_steps,524,r524_ryba_s_kartofelem_i_limonom,Рыба с картофелем и лимоном,1,white_fish,`white_fish` is in ingredients but not found in instructions by known aliases,филе белой рыбы — 130 г,
warning,ingredient_missing_from_steps,ingredient_not_named_in_steps,525,r525_losos_s_risom_i_brokkoli,Лосось с рисом и брокколи,4,lemon_juice,`lemon_juice` is in ingredients but not found in instructions by known aliases,лимонный сок — 10 г,
warning,ingredient_missing_from_steps,ingredient_not_named_in_steps,527,r527_krevetki_s_risovoy_lapshoy_i_ovoschami,Креветки с рисовой лапшой и овощами,2,rice_noodles,`rice_noodles` is in ingredients but not found in instructions by known aliases,рисовая лапша — 80 г,
warning,ingredient_missing_from_steps,ingredient_not_named_in_steps,527,r527_krevetki_s_risovoy_lapshoy_i_ovoschami,Креветки с рисовой лапшой и овощами,5,soy_sauce,`soy_sauce` is in ingredients but not found in instructions by known aliases,"соевый соус — 20 г (примерно 1-1,5 ст. л.)",
warning,ingredient_missing_from_steps,ingredient_not_named_in_steps,528,r528_govyadina_s_ovoschami_v_soevom_souse,Говядина с овощами в соевом соусе,2,bell_pepper,`bell_pepper` is in ingredients but not found in instructions by known aliases,болгарский перец — 80 г,
warning,ingredient_missing_from_steps,ingredient_not_named_in_steps,528,r528_govyadina_s_ovoschami_v_soevom_souse,Говядина с овощами в соевом соусе,3,carrot,`carrot` is in ingredients but not found in instructions by known aliases,морковь — 60 г,
warning,ingredient_missing_from_steps,ingredient_not_named_in_steps,528,r528_govyadina_s_ovoschami_v_soevom_souse,Говядина с овощами в соевом соусе,4,onion,`onion` is in ingredients but not found in instructions by known aliases,лук — 40 г,
warning,ingredient_missing_from_steps,ingredient_not_named_in_steps,529,r529_chili_s_farshem_i_fasolyu,Чили с говяжьим фаршем и фасолью,4,onion,`onion` is in ingredients but not found in instructions by known aliases,лук — 40 г,
warning,ingredient_missing_from_steps,ingredient_not_named_in_steps,530,r530_svinina_s_kapustoy_na_skovorode,Свинина с капустой на сковороде,1,pork_tenderloin,`pork_tenderloin` is in ingredients but not found in instructions by known aliases,свинина — 120 г,
warning,ingredient_missing_from_steps,ingredient_not_named_in_steps,530,r530_svinina_s_kapustoy_na_skovorode,Свинина с капустой на сковороде,5,tomato_paste,`tomato_paste` is in ingredients but not found in instructions by known aliases,"томатная паста — 0,5 ст. л.",
warning,ingredient_missing_from_steps,ingredient_not_named_in_steps,532,r532_ris_s_yaytsom_i_ovoschami,Рис с яйцом и овощами,3,stir_fry_vegetables,`stir_fry_vegetables` is in ingredients but not found in instructions by known aliases,горошек/кукуруза/морковь — 100 г,
warning,ingredient_missing_from_steps,ingredient_not_named_in_steps,532,r532_ris_s_yaytsom_i_ovoschami,Рис с яйцом и овощами,5,garlic,`garlic` is in ingredients but not found in instructions by known aliases,чеснок — 1 зубчик,
warning,ingredient_missing_from_steps,ingredient_not_named_in_steps,533,r533_kurinoe_karri_na_kokosovom_moloke,Куриное карри на кокосовом молоке,3,onion,`onion` is in ingredients but not found in instructions by known aliases,лук — 40 г,
warning,ingredient_missing_from_steps,ingredient_not_named_in_steps,533,r533_kurinoe_karri_na_kokosovom_moloke,Куриное карри на кокосовом молоке,6,rice,`rice` is in ingredients but not found in instructions by known aliases,рис — 60 г,
warning,ingredient_missing_from_steps,ingredient_not_named_in_steps,535,r535_ovoschnoe_ragu_s_fasolyu,Овощное рагу с фасолью,1,zucchini,`zucchini` is in ingredients but not found in instructions by known aliases,кабачок — 150 г,
warning,ingredient_missing_from_steps,ingredient_not_named_in_steps,535,r535_ovoschnoe_ragu_s_fasolyu,Овощное рагу с фасолью,2,eggplant,`eggplant` is in ingredients but not found in instructions by known aliases,баклажан — 150 г,
warning,ingredient_missing_from_steps,ingredient_not_named_in_steps,535,r535_ovoschnoe_ragu_s_fasolyu,Овощное рагу с фасолью,3,bell_pepper,`bell_pepper` is in ingredients but not found in instructions by known aliases,сладкий перец — 80 г,
warning,ingredient_missing_from_steps,ingredient_not_named_in_steps,535,r535_ovoschnoe_ragu_s_fasolyu,Овощное рагу с фасолью,7,garlic,`garlic` is in ingredients but not found in instructions by known aliases,чеснок — 1 зубчик,
warning,ingredient_missing_from_steps,ingredient_not_named_in_steps,536,r536_bulgur_s_kuritsey_i_ovoschami,Булгур с курицей и овощами,3,bell_pepper,`bell_pepper` is in ingredients but not found in instructions by known aliases,сладкий перец — 80 г,
warning,ingredient_missing_from_steps,ingredient_not_named_in_steps,536,r536_bulgur_s_kuritsey_i_ovoschami,Булгур с курицей и овощами,4,carrot,`carrot` is in ingredients but not found in instructions by known aliases,морковь — 60 г,
warning,ingredient_missing_from_steps,ingredient_not_named_in_steps,536,r536_bulgur_s_kuritsey_i_ovoschami,Булгур с курицей и овощами,5,onion,`onion` is in ingredients but not found in instructions by known aliases,лук — 40 г,
warning,ingredient_missing_from_steps,ingredient_not_named_in_steps,537,r537_kartofelnaya_zapekanka_s_farshem,Картофельная запеканка с говяжьим фаршем,3,onion,`onion` is in ingredients but not found in instructions by known aliases,лук — 40 г,
warning,ingredient_missing_from_steps,ingredient_not_named_in_steps,537,r537_kartofelnaya_zapekanka_s_farshem,Картофельная запеканка с говяжьим фаршем,4,tomato_paste,`tomato_paste` is in ingredients but not found in instructions by known aliases,томатная паста — 65 г (примерно 4 ст. л.),
warning,ingredient_missing_from_steps,ingredient_not_named_in_steps,538,r538_lenivye_golubtsy,Ленивые голубцы с говяжьим фаршем,6,tomato_paste,`tomato_paste` is in ingredients but not found in instructions by known aliases,томатная паста — 65 г (примерно 3 ст. л.),
warning,ingredient_missing_from_steps,ingredient_not_named_in_steps,539,r539_grechnevaya_lapsha_s_kuritsey_i_ovoschami,Гречневая лапша с курицей и овощами,5,soy_sauce,`soy_sauce` is in ingredients but not found in instructions by known aliases,"соевый соус — 20 г (примерно 1-1,5 ст. л.)",
warning,ingredient_missing_from_steps,ingredient_not_named_in_steps,540,r540_zapechennyy_hek_s_ovoschami,Запеченный минтай с овощами,6,lemon_juice,`lemon_juice` is in ingredients but not found in instructions by known aliases,лимонный сок — 10 г,
warning,ingredient_missing_from_steps,ingredient_not_named_in_steps,541,r541_falafel_v_lavashe,Фалафель в лаваше,2,onion,`onion` is in ingredients but not found in instructions by known aliases,лук — 40 г,
warning,ingredient_missing_from_steps,ingredient_not_named_in_steps,541,r541_falafel_v_lavashe,Фалафель в лаваше,4,wheat_flour,`wheat_flour` is in ingredients but not found in instructions by known aliases,"мука — 1,5 ст. л.",
warning,ingredient_missing_from_steps,ingredient_not_named_in_steps,542,r542_kuritsa_teriyaki_s_risom,Курица терияки с рисом,2,rice,`rice` is in ingredients but not found in instructions by known aliases,рис — 50 г,
warning,ingredient_missing_from_steps,ingredient_not_named_in_steps,542,r542_kuritsa_teriyaki_s_risom,Курица терияки с рисом,7,sesame_seeds,`sesame_seeds` is in ingredients but not found in instructions by known aliases,кунжут — 50 г (примерно 1 небольшая горсть),
warning,ingredient_missing_from_steps,ingredient_not_named_in_steps,543,r543_tushenaya_govyadina_s_kartofelem,Тушёная говядина с картофелем,3,onion,`onion` is in ingredients but not found in instructions by known aliases,лук — 40 г,
warning,ingredient_missing_from_steps,ingredient_not_named_in_steps,543,r543_tushenaya_govyadina_s_kartofelem,Тушёная говядина с картофелем,5,garlic,`garlic` is in ingredients but not found in instructions by known aliases,чеснок — 1 зубчик,
warning,ingredient_missing_from_steps,ingredient_not_named_in_steps,544,r544_kurinoe_karri_s_risom,Куриное карри с рисом,4,onion,`onion` is in ingredients but not found in instructions by known aliases,"лук — 0,5 шт.",
warning,ingredient_missing_from_steps,ingredient_not_named_in_steps,546,r546_tushenaya_kapusta_s_myasom,Тушёная капуста с говяжьим фаршем,3,onion,`onion` is in ingredients but not found in instructions by known aliases,"лук — 0,5 шт.",
warning,ingredient_missing_from_steps,ingredient_not_named_in_steps,546,r546_tushenaya_kapusta_s_myasom,Тушёная капуста с говяжьим фаршем,5,tomato_paste,`tomato_paste` is in ingredients but not found in instructions by known aliases,"томатная паста — 0,5 ст. л.",
warning,ingredient_missing_from_steps,ingredient_not_named_in_steps,548,r548_kurinaya_pechen_s_grechkoy,Куриная печень с гречкой,1,chicken_liver,`chicken_liver` is in ingredients but not found in instructions by known aliases,Куриная печень — 170 г,
warning,ingredient_missing_from_steps,ingredient_not_named_in_steps,549,r549_tako_s_kuritsey_avokado_i_salsoy,"Тако с курицей, авокадо и сальсой",5,onion,`onion` is in ingredients but not found in instructions by known aliases,лук — 40 г,
warning,ingredient_missing_from_steps,ingredient_not_named_in_steps,550,r550_zapechennyy_kartofel_s_farshem_i_yogurtovym_sousom,Запеченный картофель с говяжьим фаршем и йогуртовым соусом,3,onion,`onion` is in ingredients but not found in instructions by known aliases,лук — 40 г,
warning,ingredient_missing_from_steps,ingredient_not_named_in_steps,551,r551_kurinye_shashlychki_s_arahisovym_sousom,Куриные шашлычки с арахисовым соусом,6,honey,`honey` is in ingredients but not found in instructions by known aliases,мёд — 5 г,
warning,ingredient_missing_from_steps,ingredient_not_named_in_steps,551,r551_kurinye_shashlychki_s_arahisovym_sousom,Куриные шашлычки с арахисовым соусом,7,rice,`rice` is in ingredients but not found in instructions by known aliases,рис — 60 г,
warning,ingredient_missing_from_steps,ingredient_not_named_in_steps,552,r552_meksikanskaya_zapekanka_s_risom_i_fasolyu,"Мексиканская запеканка с рисом, фасолью и говяжьим фаршем",1,rice,`rice` is in ingredients but not found in instructions by known aliases,Рис — 60 г,
warning,ingredient_missing_from_steps,ingredient_not_named_in_steps,552,r552_meksikanskaya_zapekanka_s_risom_i_fasolyu,"Мексиканская запеканка с рисом, фасолью и говяжьим фаршем",6,gouda,`gouda` is in ingredients but not found in instructions by known aliases,сыр гауда — 40 г,
warning,ingredient_missing_from_steps,ingredient_not_named_in_steps,553,r553_losos_v_medovo_gorchichnom_souse,Лосось в медово-горчичном соусе,5,potato,`potato` is in ingredients but not found in instructions by known aliases,картофель — 180 г,
warning,ingredient_missing_from_steps,ingredient_not_named_in_steps,554,r554_indeyka_s_klyukvennym_sousom_i_kartofelnym_pyure,Индейка с клюквенным соусом и картофельным пюре,3,honey,`honey` is in ingredients but not found in instructions by known aliases,мёд — 5 г,
warning,ingredient_missing_from_steps,ingredient_not_named_in_steps,554,r554_indeyka_s_klyukvennym_sousom_i_kartofelnym_pyure,Индейка с клюквенным соусом и картофельным пюре,4,potato,`potato` is in ingredients but not found in instructions by known aliases,картофель — 180 г,
warning,ingredient_missing_from_steps,ingredient_not_named_in_steps,555,r555_kuritsa_po_marokkanski_s_nutom,Курица по-мароккански с нутом,4,onion,`onion` is in ingredients but not found in instructions by known aliases,лук — 40 г,
warning,ingredient_missing_from_steps,ingredient_not_named_in_steps,555,r555_kuritsa_po_marokkanski_s_nutom,Курица по-мароккански с нутом,9,rice,`rice` is in ingredients but not found in instructions by known aliases,рис — 60 г,
warning,ingredient_missing_from_steps,ingredient_not_named_in_steps,556,r556_kartofelnye_nokki,Картофельные ньокки,3,rice_flour,`rice_flour` is in ingredients but not found in instructions by known aliases,рисовая мука — 60 г,
warning,ingredient_missing_from_steps,ingredient_not_named_in_steps,556,r556_kartofelnye_nokki,Картофельные ньокки,6,gouda,`gouda` is in ingredients but not found in instructions by known aliases,сыр гауда — 40 г,
warning,ingredient_missing_from_steps,ingredient_not_named_in_steps,557,r557_pitstsa_na_osnove_iz_tsvetnoy_kapusty,Пицца на основе из цветной капусты,1,cauliflower,`cauliflower` is in ingredients but not found in instructions by known aliases,Цветная капуста — 180 г,
warning,ingredient_missing_from_steps,ingredient_not_named_in_steps,557,r557_pitstsa_na_osnove_iz_tsvetnoy_kapusty,Пицца на основе из цветной капусты,2,egg,`egg` is in ingredients but not found in instructions by known aliases,яйцо — 1 шт.,
warning,ingredient_missing_from_steps,ingredient_not_named_in_steps,557,r557_pitstsa_na_osnove_iz_tsvetnoy_kapusty,Пицца на основе из цветной капусты,3,gouda,`gouda` is in ingredients but not found in instructions by known aliases,сыр гауда — 40 г,
warning,ingredient_missing_from_steps,ingredient_not_named_in_steps,558,r558_krevetki_v_kokosovom_karri_s_risom,Креветки в кокосовом карри с рисом,4,rice,`rice` is in ingredients but not found in instructions by known aliases,рис — 60 г,
warning,ingredient_missing_from_steps,ingredient_not_named_in_steps,558,r558_krevetki_v_kokosovom_karri_s_risom,Креветки в кокосовом карри с рисом,5,zucchini,`zucchini` is in ingredients but not found in instructions by known aliases,кабачок — 150 г,
warning,ingredient_missing_from_steps,ingredient_not_named_in_steps,558,r558_krevetki_v_kokosovom_karri_s_risom,Креветки в кокосовом карри с рисом,6,bell_pepper,`bell_pepper` is in ingredients but not found in instructions by known aliases,сладкий перец — 80 г,
warning,ingredient_missing_from_steps,ingredient_not_named_in_steps,558,r558_krevetki_v_kokosovom_karri_s_risom,Креветки в кокосовом карри с рисом,7,lemon_juice,`lemon_juice` is in ingredients but not found in instructions by known aliases,лимон — 10 г,
warning,ingredient_missing_from_steps,ingredient_not_named_in_steps,559,r559_ruletiki_iz_baklazhanov_s_myasom_i_syrom,Рулетики из баклажанов с говяжьим фаршем и сыром,4,gouda,`gouda` is in ingredients but not found in instructions by known aliases,сыр гауда — 40 г,
warning,ingredient_missing_from_steps,ingredient_not_named_in_steps,559,r559_ruletiki_iz_baklazhanov_s_myasom_i_syrom,Рулетики из баклажанов с говяжьим фаршем и сыром,5,garlic,`garlic` is in ingredients but not found in instructions by known aliases,чеснок — 1 зубчик,
warning,ingredient_missing_from_steps,ingredient_not_named_in_steps,560,r560_chili_s_govyadinoy_fasolyu_i_shokoladom,"Чили с говядиной, фасолью и шоколадом",1,beef_ground,`beef_ground` is in ingredients but not found in instructions by known aliases,Фарш говяжий — 130 г,
warning,ingredient_missing_from_steps,ingredient_not_named_in_steps,560,r560_chili_s_govyadinoy_fasolyu_i_shokoladom,"Чили с говядиной, фасолью и шоколадом",4,onion,`onion` is in ingredients but not found in instructions by known aliases,лук — 40 г,
warning,ingredient_missing_from_steps,ingredient_not_named_in_steps,561,r561_kurinyy_burger_bez_bulki,Куриный бургер без булки,6,potato,`potato` is in ingredients but not found in instructions by known aliases,картофель — 180 г,
warning,ingredient_missing_from_steps,ingredient_not_named_in_steps,563,r563_koreyskaya_govyadina_s_risom,Корейская говядина с рисом,6,rice,`rice` is in ingredients but not found in instructions by known aliases,рис — 60 г,
warning,ingredient_missing_from_steps,ingredient_not_named_in_steps,563,r563_koreyskaya_govyadina_s_risom,Корейская говядина с рисом,7,cucumber,`cucumber` is in ingredients but not found in instructions by known aliases,огурец — 80 г,
warning,ingredient_missing_from_steps,ingredient_not_named_in_steps,563,r563_koreyskaya_govyadina_s_risom,Корейская говядина с рисом,8,carrot,`carrot` is in ingredients but not found in instructions by known aliases,морковь — 60 г,
warning,ingredient_missing_from_steps,ingredient_not_named_in_steps,566,r566_ris_s_tuntsom_yaytsom_i_avokado,"Рис с тунцом, яйцом и авокадо",6,soy_sauce,`soy_sauce` is in ingredients but not found in instructions by known aliases,"соевый соус — 20 г (примерно 1-1,5 ст. л.) (без глютена)",
warning,ingredient_missing_from_steps,ingredient_not_named_in_steps,567,r567_kuritsa_v_arahisovo_laymovom_souse_s_risom,Курица в арахисово-лаймовом соусе с рисом,2,rice,`rice` is in ingredients but not found in instructions by known aliases,рис — 60 г,
warning,ingredient_missing_from_steps,ingredient_not_named_in_steps,567,r567_kuritsa_v_arahisovo_laymovom_souse_s_risom,Курица в арахисово-лаймовом соусе с рисом,3,peanut_butter,`peanut_butter` is in ingredients but not found in instructions by known aliases,арахисовая паста — 65 г (примерно 4 ст. л.),
warning,ingredient_missing_from_steps,ingredient_not_named_in_steps,567,r567_kuritsa_v_arahisovo_laymovom_souse_s_risom,Курица в арахисово-лаймовом соусе с рисом,8,cucumber,`cucumber` is in ingredients but not found in instructions by known aliases,огурец — 80 г,
warning,ingredient_missing_from_steps,ingredient_not_named_in_steps,568,r568_kuritsa_po_marokkanski_s_kuragoy,Курица по-мароккански с курагой,1,chicken_thigh,`chicken_thigh` is in ingredients but not found in instructions by known aliases,куриные бёдра или филе — 140 г,
warning,ingredient_missing_from_steps,ingredient_not_named_in_steps,568,r568_kuritsa_po_marokkanski_s_kuragoy,Курица по-мароккански с курагой,3,onion,`onion` is in ingredients but not found in instructions by known aliases,лук — 40 г,
warning,ingredient_missing_from_steps,ingredient_not_named_in_steps,568,r568_kuritsa_po_marokkanski_s_kuragoy,Курица по-мароккански с курагой,9,rice,`rice` is in ingredients but not found in instructions by known aliases,рис — 60 г,
warning,ingredient_missing_from_steps,ingredient_not_named_in_steps,570,r570_grechka_s_gribami_soevym_sousom_i_yaytsom,"Гречка с грибами, соевым соусом и яйцом",5,onion,`onion` is in ingredients but not found in instructions by known aliases,лук — 40 г,
warning,ingredient_missing_from_steps,ingredient_not_named_in_steps,571,r571_kotlety_iz_tuntsa_s_kartofelem,Котлеты из тунца с картофелем,1,tuna,`tuna` is in ingredients but not found in instructions by known aliases,тунец — 90 г (консервированный),
warning,ingredient_missing_from_steps,ingredient_not_named_in_steps,571,r571_kotlety_iz_tuntsa_s_kartofelem,Котлеты из тунца с картофелем,3,egg,`egg` is in ingredients but not found in instructions by known aliases,яйцо — 1 шт.,
warning,ingredient_missing_from_steps,ingredient_not_named_in_steps,571,r571_kotlety_iz_tuntsa_s_kartofelem,Котлеты из тунца с картофелем,4,green_onion,`green_onion` is in ingredients but not found in instructions by known aliases,зелёный лук — 10 г,
warning,ingredient_missing_from_steps,ingredient_not_named_in_steps,571,r571_kotlety_iz_tuntsa_s_kartofelem,Котлеты из тунца с картофелем,5,lemon_juice,`lemon_juice` is in ingredients but not found in instructions by known aliases,лимонный сок — 10 г,
warning,ingredient_missing_from_steps,ingredient_not_named_in_steps,572,r572_tykvennoe_karri_s_kuritsey,Тыквенное карри с курицей,4,onion,`onion` is in ingredients but not found in instructions by known aliases,лук — 40 г,
warning,ingredient_missing_from_steps,ingredient_not_named_in_steps,572,r572_tykvennoe_karri_s_kuritsey,Тыквенное карри с курицей,5,garlic,`garlic` is in ingredients but not found in instructions by known aliases,чеснок — 1 зубчик,
warning,ingredient_missing_from_steps,ingredient_not_named_in_steps,572,r572_tykvennoe_karri_s_kuritsey,Тыквенное карри с курицей,7,ginger,`ginger` is in ingredients but not found in instructions by known aliases,имбирь — 50 г,
warning,ingredient_missing_from_steps,ingredient_not_named_in_steps,572,r572_tykvennoe_karri_s_kuritsey,Тыквенное карри с курицей,8,rice,`rice` is in ingredients but not found in instructions by known aliases,рис — 60 г,
warning,ingredient_missing_from_steps,ingredient_not_named_in_steps,573,r573_rybnye_tako_s_ogurechno_yablochnoy_salsoy,Рыбные тако с огуречно-яблочной сальсой,2,white_fish,`white_fish` is in ingredients but not found in instructions by known aliases,рыба — 150 г (белый),
warning,ingredient_missing_from_steps,ingredient_not_named_in_steps,574,r574_hrustyaschie_nutovye_shariki,Хрустящие нутовые шарики,4,garlic,`garlic` is in ingredients but not found in instructions by known aliases,чеснок — 1 зубчик,
warning,ingredient_missing_from_steps,ingredient_not_named_in_steps,575,r575_ogurtsy_s_tuntsovym_kremom,Огурцы с тунцовым кремом,2,tuna,`tuna` is in ingredients but not found in instructions by known aliases,"тунец — 0,5 банка (в собственном соку)",
warning,ingredient_missing_from_steps,ingredient_not_named_in_steps,577,r577_ovsyanye_shariki,Овсяные шарики,2,peanut_butter,`peanut_butter` is in ingredients but not found in instructions by known aliases,арахисовая паста — 1 ст. л.,
warning,ingredient_missing_from_steps,ingredient_not_named_in_steps,579,r579_risovye_shariki_s_tuntsom,Рисовые шарики с тунцом,2,tuna,`tuna` is in ingredients but not found in instructions by known aliases,"тунец — 0,25 банки",
warning,ingredient_missing_from_steps,ingredient_not_named_in_steps,579,r579_risovye_shariki_s_tuntsom,Рисовые шарики с тунцом,4,soy_sauce,`soy_sauce` is in ingredients but not found in instructions by known aliases,соевый соус — 10 г (примерно 2 ч. л.),
warning,ingredient_missing_from_steps,ingredient_not_named_in_steps,582,r582_yaytsa_farshirovannye_avokado,"Яйца, фаршированные авокадо",3,lemon_juice,`lemon_juice` is in ingredients but not found in instructions by known aliases,лимонный сок — 10 г,
warning,ingredient_missing_from_steps,ingredient_not_named_in_steps,583,r583_morkovnye_oladi,Морковные оладьи,2,egg,`egg` is in ingredients but not found in instructions by known aliases,яйцо — 2 шт.,
warning,ingredient_missing_from_steps,ingredient_not_named_in_steps,583,r583_morkovnye_oladi,Морковные оладьи,3,rice_flour,`rice_flour` is in ingredients but not found in instructions by known aliases,рисовая мука — 100 г,
warning,ingredient_missing_from_steps,ingredient_not_named_in_steps,584,r584_kukuruznye_lepeshki_s_fasolyu,Кукурузные лепёшки с фасолью,2,red_beans,`red_beans` is in ingredients but not found in instructions by known aliases,фасоль — 80 г (красный),
warning,ingredient_missing_from_steps,ingredient_not_named_in_steps,588,r588_brusketty_so_shprotami_i_marinovannym_lukom,Брускетты со шпротами и маринованным луком,1,baguette,`baguette` is in ingredients but not found in instructions by known aliases,Багет или хлеб — 2 ломтик,
warning,ingredient_missing_from_steps,ingredient_not_named_in_steps,588,r588_brusketty_so_shprotami_i_marinovannym_lukom,Брускетты со шпротами и маринованным луком,4,lemon_juice,`lemon_juice` is in ingredients but not found in instructions by known aliases,лимонный сок — 10 г,
warning,ingredient_missing_from_steps,ingredient_not_named_in_steps,589,r589_yaytsa_farshirovannye_shprotami,"Яйца, фаршированные шпротами",5,lemon_juice,`lemon_juice` is in ingredients but not found in instructions by known aliases,лимонный сок — 10 г,
warning,ingredient_missing_from_steps,ingredient_not_named_in_steps,590,r590_risovye_hlebtsy_so_shprotnym_pashtetom,Соленые крекеры со шпротным паштетом,1,crackers,`crackers` is in ingredients but not found in instructions by known aliases,соленые крекеры — 100 г,
warning,ingredient_missing_from_steps,ingredient_not_named_in_steps,597,r597_mini_blinchiki_iz_kabachka_s_gorbushey,Мини-блинчики из кабачка с горбушей,2,egg,`egg` is in ingredients but not found in instructions by known aliases,яйцо — 2 шт.,
warning,ingredient_missing_from_steps,ingredient_not_named_in_steps,597,r597_mini_blinchiki_iz_kabachka_s_gorbushey,Мини-блинчики из кабачка с горбушей,3,rice_flour,`rice_flour` is in ingredients but not found in instructions by known aliases,рисовая мука — 100 г,
warning,ingredient_missing_from_steps,ingredient_not_named_in_steps,601,r601_tost_s_arahisovoy_pastoy_i_yablokom,Тост с арахисовой пастой и яблоком,2,peanut_butter,`peanut_butter` is in ingredients but not found in instructions by known aliases,арахисовая паста — 2 ст. л.,
warning,ingredient_missing_from_steps,ingredient_not_named_in_steps,602,r602_kartofelnye_draniki,Картофельные драники,2,wheat_flour,`wheat_flour` is in ingredients but not found in instructions by known aliases,мука — 1 ст. л.,
warning,ingredient_missing_from_steps,ingredient_not_named_in_steps,605,r605_tvorog_s_solenoy_karamelyu_iz_finikov,Творог с солёной карамелью из фиников,3,milk,`milk` is in ingredients but not found in instructions by known aliases,молоко — 3 ст. л.,
warning,ingredient_missing_from_steps,ingredient_not_named_in_steps,607,r607_syrnye_lepeshki,Сырные лепёшки,2,wheat_flour,`wheat_flour` is in ingredients but not found in instructions by known aliases,мука — 100 г,
warning,ingredient_missing_from_steps,ingredient_not_named_in_steps,611,r611_lavash_s_kuritsey_i_nutovoy_pastoy,Лаваш с курицей и нутовой пастой,6,lemon_juice,`lemon_juice` is in ingredients but not found in instructions by known aliases,лимонный сок — 10 мл,
warning,ingredient_missing_from_steps,ingredient_not_named_in_steps,613,r613_fasolevyy_pashtet_s_ovoschami_i_tselnozernovymi_hlebts,Фасолевый паштет с овощами и цельнозерновыми хлебцами,1,red_beans,`red_beans` is in ingredients but not found in instructions by known aliases,вареная фасоль — 160 г,
warning,ingredient_missing_from_steps,ingredient_not_named_in_steps,613,r613_fasolevyy_pashtet_s_ovoschami_i_tselnozernovymi_hlebts,Фасолевый паштет с овощами и цельнозерновыми хлебцами,2,whole_grain_bread,`whole_grain_bread` is in ingredients but not found in instructions by known aliases,цельнозерновой хлеб — 30 г,
warning,ingredient_missing_from_steps,ingredient_not_named_in_steps,613,r613_fasolevyy_pashtet_s_ovoschami_i_tselnozernovymi_hlebts,Фасолевый паштет с овощами и цельнозерновыми хлебцами,5,lemon_juice,`lemon_juice` is in ingredients but not found in instructions by known aliases,лимонный сок — 10 мл,
warning,ingredient_missing_from_steps,ingredient_not_named_in_steps,614,r614_chechevichnyy_pashtet_na_ogurechnyh_kruzhochkah,Чечевичный паштет на огуречных кружочках,5,lemon_juice,`lemon_juice` is in ingredients but not found in instructions by known aliases,лимонный сок — 10 мл,
warning,ingredient_missing_from_steps,ingredient_not_named_in_steps,615,r615_ogurechnye_lodochki_s_tuntsom,Огуречные лодочки с тунцом,4,lemon_juice,`lemon_juice` is in ingredients but not found in instructions by known aliases,лимонный сок — 10 мл,
warning,ingredient_missing_from_steps,ingredient_not_named_in_steps,617,r617_mini_roll_s_kuritsey_i_kapustoy,Мини-ролл с курицей и капустой,6,lemon_juice,`lemon_juice` is in ingredients but not found in instructions by known aliases,лимонный сок — 10 мл,
warning,ingredient_missing_from_steps,ingredient_not_named_in_steps,618,r618_salat_iz_fasoli_s_ovoschami,Салат из фасоли с овощами,1,red_beans,`red_beans` is in ingredients but not found in instructions by known aliases,вареная фасоль — 150 г,
warning,ingredient_missing_from_steps,ingredient_not_named_in_steps,618,r618_salat_iz_fasoli_s_ovoschami,Салат из фасоли с овощами,5,lemon_juice,`lemon_juice` is in ingredients but not found in instructions by known aliases,лимонный сок — 10 мл,
warning,ingredient_missing_from_steps,ingredient_not_named_in_steps,619,r619_chechevichnye_oladi_bez_yaytsa,Чечевичные оладьи без яйца,4,onion,`onion` is in ingredients but not found in instructions by known aliases,лук — 25 г,
warning,ingredient_missing_from_steps,ingredient_not_named_in_steps,620,r620_nutovyy_salat_so_svekloy_i_yablokom,Нутовый салат со свеклой и яблоком,5,lemon_juice,`lemon_juice` is in ingredients but not found in instructions by known aliases,лимонный сок — 10 мл,
warning,ingredient_missing_from_steps,ingredient_not_named_in_steps,621,r621_ragu_iz_chechevitsy_s_ovoschami,Рагу из чечевицы с овощами,2,potato,`potato` is in ingredients but not found in instructions by known aliases,картофель — 120 г,
warning,ingredient_missing_from_steps,ingredient_not_named_in_steps,621,r621_ragu_iz_chechevitsy_s_ovoschami,Рагу из чечевицы с овощами,3,carrot,`carrot` is in ingredients but not found in instructions by known aliases,морковь — 70 г,
warning,ingredient_missing_from_steps,ingredient_not_named_in_steps,621,r621_ragu_iz_chechevitsy_s_ovoschami,Рагу из чечевицы с овощами,4,zucchini,`zucchini` is in ingredients but not found in instructions by known aliases,кабачок — 120 г,
warning,ingredient_missing_from_steps,ingredient_not_named_in_steps,621,r621_ragu_iz_chechevitsy_s_ovoschami,Рагу из чечевицы с овощами,5,tomato,`tomato` is in ingredients but not found in instructions by known aliases,помидор — 150 г,
warning,ingredient_missing_from_steps,ingredient_not_named_in_steps,622,r622_fasol_s_indeykoy_i_ovoschami,Фасоль с индейкой и овощами,2,red_beans,`red_beans` is in ingredients but not found in instructions by known aliases,красная фасоль вареная — 140 г,
warning,ingredient_missing_from_steps,ingredient_not_named_in_steps,622,r622_fasol_s_indeykoy_i_ovoschami,Фасоль с индейкой и овощами,8,parsley,`parsley` is in ingredients but not found in instructions by known aliases,петрушка — 5 г,
warning,ingredient_missing_from_steps,ingredient_not_named_in_steps,623,r623_tofu_s_grechnevoy_lapshoy_i_ovoschami,Тофу с гречневой лапшой и овощами,3,zucchini,`zucchini` is in ingredients but not found in instructions by known aliases,кабачок — 100 г,
warning,ingredient_missing_from_steps,ingredient_not_named_in_steps,623,r623_tofu_s_grechnevoy_lapshoy_i_ovoschami,Тофу с гречневой лапшой и овощами,4,carrot,`carrot` is in ingredients but not found in instructions by known aliases,морковь — 70 г,
warning,ingredient_missing_from_steps,ingredient_not_named_in_steps,623,r623_tofu_s_grechnevoy_lapshoy_i_ovoschami,Тофу с гречневой лапшой и овощами,5,bell_pepper,`bell_pepper` is in ingredients but not found in instructions by known aliases,сладкий перец — 80 г,
warning,ingredient_missing_from_steps,ingredient_not_named_in_steps,624,r624_rybnyy_sup_s_risom_i_kartofelem,Рыбный суп с рисом и картофелем,1,white_fish,`white_fish` is in ingredients but not found in instructions by known aliases,филе белой рыбы — 150 г,
warning,ingredient_missing_from_steps,ingredient_not_named_in_steps,625,r625_sytnye_ovsyanye_oladi_s_lukom,Сытные овсяные оладьи с луком,2,chicken_broth,`chicken_broth` is in ingredients but not found in instructions by known aliases,куриный бульон — 120 мл,
warning,ingredient_missing_from_steps,ingredient_not_named_in_steps,625,r625_sytnye_ovsyanye_oladi_s_lukom,Сытные овсяные оладьи с луком,5,wheat_flour,`wheat_flour` is in ingredients but not found in instructions by known aliases,пшеничная мука — 15 г,
warning,ingredient_missing_from_steps,ingredient_not_named_in_steps,626,r626_grechnevye_oladi_s_kabachkom,Гречневые оладьи с кабачком,3,egg,`egg` is in ingredients but not found in instructions by known aliases,яйцо — 1 шт.,
warning,ingredient_missing_from_steps,ingredient_not_named_in_steps,626,r626_grechnevye_oladi_s_kabachkom,Гречневые оладьи с кабачком,4,wheat_flour,`wheat_flour` is in ingredients but not found in instructions by known aliases,пшеничная мука — 20 г,
warning,ingredient_missing_from_steps,ingredient_not_named_in_steps,626,r626_grechnevye_oladi_s_kabachkom,Гречневые оладьи с кабачком,5,cornstarch,`cornstarch` is in ingredients but not found in instructions by known aliases,кукурузный крахмал — 8 г,
warning,ingredient_missing_from_steps,ingredient_not_named_in_steps,628,r628_polba_s_suhofruktami_i_gretskim_orehom,Полба с сухофруктами и грецким орехом,2,dried_apricots,`dried_apricots` is in ingredients but not found in instructions by known aliases,курага — 20 г,
warning,ingredient_missing_from_steps,ingredient_not_named_in_steps,628,r628_polba_s_suhofruktami_i_gretskim_orehom,Полба с сухофруктами и грецким орехом,3,raisins,`raisins` is in ingredients but not found in instructions by known aliases,изюм — 15 г,
warning,ingredient_missing_from_steps,ingredient_not_named_in_steps,628,r628_polba_s_suhofruktami_i_gretskim_orehom,Полба с сухофруктами и грецким орехом,5,honey,`honey` is in ingredients but not found in instructions by known aliases,мед — 7 г,
warning,ingredient_missing_from_steps,ingredient_not_named_in_steps,631,r631_shpinatnye_bliny_s_tomatami,Шпинатные блины с томатами,1,milk,`milk` is in ingredients but not found in instructions by known aliases,молоко — 125 г,
warning,ingredient_missing_from_steps,ingredient_not_named_in_steps,631,r631_shpinatnye_bliny_s_tomatami,Шпинатные блины с томатами,2,wheat_flour,`wheat_flour` is in ingredients but not found in instructions by known aliases,пшеничная мука — 65 г,
warning,ingredient_missing_from_steps,ingredient_not_named_in_steps,632,r632_postnyy_sendvich_s_nutom_i_avokado,Постный сэндвич с нутом и авокадо,6,pickles,`pickles` is in ingredients but not found in instructions by known aliases,маринованные огурцы — 50 г,
warning,ingredient_missing_from_steps,ingredient_not_named_in_steps,632,r632_postnyy_sendvich_s_nutom_i_avokado,Постный сэндвич с нутом и авокадо,7,whole_grain_bread,`whole_grain_bread` is in ingredients but not found in instructions by known aliases,цельнозерновой хлеб — 80 г,
warning,ingredient_missing_from_steps,ingredient_not_named_in_steps,633,r633_tofu_omlet_bez_yaits,Тофу-омлет без яиц,2,rice_flour,`rice_flour` is in ingredients but not found in instructions by known aliases,рисовая мука — 1 ст. л.,
warning,ingredient_missing_from_steps,ingredient_not_named_in_steps,633,r633_tofu_omlet_bez_yaits,Тофу-омлет без яиц,4,green_onion,`green_onion` is in ingredients but not found in instructions by known aliases,зеленый лук — 10 г,
warning,ingredient_missing_from_steps,ingredient_not_named_in_steps,633,r633_tofu_omlet_bez_yaits,Тофу-омлет без яиц,5,dill,`dill` is in ingredients but not found in instructions by known aliases,укроп — 5 г,
warning,ingredient_missing_from_steps,ingredient_not_named_in_steps,634,r634_boul_s_burym_risom_forelyu_i_ogurtsom,"Боул с бурым рисом, форелью и огурцом",2,trout,`trout` is in ingredients but not found in instructions by known aliases,слабосоленая форель — 60 г,
warning,ingredient_missing_from_steps,ingredient_not_named_in_steps,635,r635_salat_iz_pekinskoy_kapusty_s_kuritsey_yaytsom_i_kukuru,"Салат из пекинской капусты с курицей, яйцом и кукурузой",1,napa_cabbage,`napa_cabbage` is in ingredients but not found in instructions by known aliases,пекинская капуста — 120 г,
warning,ingredient_missing_from_steps,ingredient_not_named_in_steps,635,r635_salat_iz_pekinskoy_kapusty_s_kuritsey_yaytsom_i_kukuru,"Салат из пекинской капусты с курицей, яйцом и кукурузой",7,lemon_juice,`lemon_juice` is in ingredients but not found in instructions by known aliases,лимонный сок — 5 мл,
warning,ingredient_missing_from_steps,ingredient_not_named_in_steps,637,r637_bystryy_sup_s_nutom_i_kuritsey,Быстрый суп с нутом и курицей,5,parsley,`parsley` is in ingredients but not found in instructions by known aliases,петрушка — 5 г,
warning,ingredient_missing_from_steps,ingredient_not_named_in_steps,637,r637_bystryy_sup_s_nutom_i_kuritsey,Быстрый суп с нутом и курицей,6,dill,`dill` is in ingredients but not found in instructions by known aliases,укроп — 5 г,
warning,ingredient_missing_from_steps,ingredient_not_named_in_steps,639,r639_salat_s_krevetkami_i_cherri,Салат с креветками и черри,2,lettuce,`lettuce` is in ingredients but not found in instructions by known aliases,салатный микс — 80 г,
warning,ingredient_missing_from_steps,ingredient_not_named_in_steps,639,r639_salat_s_krevetkami_i_cherri,Салат с креветками и черри,3,tomato,`tomato` is in ingredients but not found in instructions by known aliases,помидоры черри — 150 г,
warning,ingredient_missing_from_steps,ingredient_not_named_in_steps,641,r641_roll_kapreze,Ролл капрезе,1,flour_tortilla,`flour_tortilla` is in ingredients but not found in instructions by known aliases,пшеничная тортилья — 1 шт.,
warning,ingredient_missing_from_steps,ingredient_not_named_in_steps,642,r642_burrito_v_banke_s_fasolyu_i_yogurtom,Буррито в банке с фасолью и йогуртом,3,lemon_juice,`lemon_juice` is in ingredients but not found in instructions by known aliases,лимонный сок — 10 мл,
warning,ingredient_missing_from_steps,ingredient_not_named_in_steps,642,r642_burrito_v_banke_s_fasolyu_i_yogurtom,Буррито в банке с фасолью и йогуртом,5,red_beans,`red_beans` is in ingredients but not found in instructions by known aliases,консервированная фасоль — 100 г,
warning,ingredient_missing_from_steps,ingredient_not_named_in_steps,643,r643_fruktovye_chipsy,Фруктовые чипсы,1,apple,`apple` is in ingredients but not found in instructions by known aliases,яблоко — 150 г,
warning,ingredient_missing_from_steps,ingredient_not_named_in_steps,643,r643_fruktovye_chipsy,Фруктовые чипсы,2,banana,`banana` is in ingredients but not found in instructions by known aliases,банан — 100 г,
warning,ingredient_missing_from_steps,ingredient_not_named_in_steps,643,r643_fruktovye_chipsy,Фруктовые чипсы,3,pear,`pear` is in ingredients but not found in instructions by known aliases,груша — 150 г,
warning,ingredient_missing_from_steps,ingredient_not_named_in_steps,644,r644_ovsyanoe_pechene_s_koritsey,Овсяное печенье с корицей,6,wheat_flour,`wheat_flour` is in ingredients but not found in instructions by known aliases,пшеничная мука — 8 г,
warning,ingredient_missing_from_steps,ingredient_not_named_in_steps,645,r645_syrnye_palochki,Сырные палочки,3,breadcrumbs,`breadcrumbs` is in ingredients but not found in instructions by known aliases,панировочные сухари — 25 г,
warning,ingredient_missing_from_steps,ingredient_not_named_in_steps,647,r647_kesadilya_s_yablokom_i_chedderom,Кесадилья с яблоком и чеддером,1,flour_tortilla,`flour_tortilla` is in ingredients but not found in instructions by known aliases,пшеничная тортилья — 1 шт.,
warning,ingredient_missing_from_steps,ingredient_not_named_in_steps,648,r648_spiralki_s_vetchinoy_i_slivochnym_syrom,Спиральки с ветчиной и сливочным сыром,1,flour_tortilla,`flour_tortilla` is in ingredients but not found in instructions by known aliases,пшеничная тортилья — 1 шт.,
warning,ingredient_missing_from_steps,ingredient_not_named_in_steps,648,r648_spiralki_s_vetchinoy_i_slivochnym_syrom,Спиральки с ветчиной и сливочным сыром,4,green_onion,`green_onion` is in ingredients but not found in instructions by known aliases,зеленый лук — 10 г,
warning,ingredient_missing_from_steps,ingredient_not_named_in_steps,649,r649_smes_suhofruktov,Смесь сухофруктов,1,raisins,`raisins` is in ingredients but not found in instructions by known aliases,изюм — 20 г,
warning,ingredient_missing_from_steps,ingredient_not_named_in_steps,649,r649_smes_suhofruktov,Смесь сухофруктов,3,cranberries_dried,`cranberries_dried` is in ingredients but not found in instructions by known aliases,сушеная клюква — 15 г,
warning,ingredient_missing_from_steps,ingredient_not_named_in_steps,650,r650_smes_suhofruktov_s_orehami,Смесь сухофруктов с орехами,1,raisins,`raisins` is in ingredients but not found in instructions by known aliases,изюм — 20 г,
warning,ingredient_missing_from_steps,ingredient_not_named_in_steps,650,r650_smes_suhofruktov_s_orehami,Смесь сухофруктов с орехами,2,dried_apricots,`dried_apricots` is in ingredients but not found in instructions by known aliases,курага — 20 г,
warning,ingredient_missing_from_steps,ingredient_not_named_in_steps,650,r650_smes_suhofruktov_s_orehami,Смесь сухофруктов с орехами,4,mixed_nuts,`mixed_nuts` is in ingredients but not found in instructions by known aliases,смесь орехов — 10 г (примерно 1-2 ст. л.),
warning,ingredient_missing_from_steps,ingredient_not_named_in_steps,651,r651_finiki_s_bananom_i_mindalnoy_pastoy,Финики с бананом и миндальной пастой,3,almond_butter,`almond_butter` is in ingredients but not found in instructions by known aliases,миндальная паста — 10 г (примерно 2 ч. л.),
warning,ingredient_missing_from_steps,ingredient_not_named_in_steps,652,r652_tosty_s_krasnoy_ryboy_i_avokado,Тосты с красной рыбой и авокадо,1,whole_grain_bread,`whole_grain_bread` is in ingredients but not found in instructions by known aliases,цельнозерновой хлеб — 40 г,
warning,ingredient_missing_from_steps,ingredient_not_named_in_steps,652,r652_tosty_s_krasnoy_ryboy_i_avokado,Тосты с красной рыбой и авокадо,2,cream_cheese,`cream_cheese` is in ingredients but not found in instructions by known aliases,сливочный сыр — 45 г,
warning,ingredient_missing_from_steps,ingredient_not_named_in_steps,652,r652_tosty_s_krasnoy_ryboy_i_avokado,Тосты с красной рыбой и авокадо,3,trout,`trout` is in ingredients but not found in instructions by known aliases,слабосоленая форель — 60 г,
warning,ingredient_missing_from_steps,ingredient_not_named_in_steps,655,r655_smuzi_boul_s_arahisovoy_pastoy,Смузи-боул с арахисовой пастой,2,peanut_butter,`peanut_butter` is in ingredients but not found in instructions by known aliases,арахисовая паста — 15 г (примерно 1 ст. л.),
warning,ingredient_missing_from_steps,ingredient_not_named_in_steps,655,r655_smuzi_boul_s_arahisovoy_pastoy,Смузи-боул с арахисовой пастой,5,sunflower_seeds,`sunflower_seeds` is in ingredients but not found in instructions by known aliases,семечки подсолнечника — 10 г (примерно 1 ст. л.),
warning,ingredient_missing_from_steps,ingredient_not_named_in_steps,656,r656_avokado_tost_s_nutom,Авокадо-тост с нутом,1,whole_grain_bread,`whole_grain_bread` is in ingredients but not found in instructions by known aliases,цельнозерновой хлеб — 50 г,
warning,ingredient_missing_from_steps,ingredient_not_named_in_steps,656,r656_avokado_tost_s_nutom,Авокадо-тост с нутом,4,lemon_juice,`lemon_juice` is in ingredients but not found in instructions by known aliases,лимонный сок — 10 мл,
warning,ingredient_missing_from_steps,ingredient_not_named_in_steps,657,r657_veganskaya_shakshuka_s_tofu,Веганская шакшука с тофу,9,pita,`pita` is in ingredients but not found in instructions by known aliases,пита — 50 г,
warning,ingredient_missing_from_steps,ingredient_not_named_in_steps,658,r658_svekolnyy_humus_s_ovoschami,Свекольный хумус с овощами,2,chickpeas,`chickpeas` is in ingredients but not found in instructions by known aliases,нут вареный — 80 г,
warning,ingredient_missing_from_steps,ingredient_not_named_in_steps,658,r658_svekolnyy_humus_s_ovoschami,Свекольный хумус с овощами,5,lemon_juice,`lemon_juice` is in ingredients but not found in instructions by known aliases,лимонный сок — 10 мл,
warning,ingredient_missing_from_steps,ingredient_not_named_in_steps,658,r658_svekolnyy_humus_s_ovoschami,Свекольный хумус с овощами,12,cucumber,`cucumber` is in ingredients but not found in instructions by known aliases,огурец — 120 г,
warning,ingredient_missing_from_steps,ingredient_not_named_in_steps,659,r659_baba_ganush_s_pitoy,Баба гануш с питой,3,lemon_juice,`lemon_juice` is in ingredients but not found in instructions by known aliases,лимонный сок — 10 мл,
warning,ingredient_missing_from_steps,ingredient_not_named_in_steps,659,r659_baba_ganush_s_pitoy,Баба гануш с питой,8,pita,`pita` is in ingredients but not found in instructions by known aliases,пита — 50 г,
warning,ingredient_missing_from_steps,ingredient_not_named_in_steps,661,r661_zapechennye_kusochki_tofu,Запеченные кусочки тофу,2,soy_sauce,`soy_sauce` is in ingredients but not found in instructions by known aliases,соевый соус — 8 мл,
warning,ingredient_missing_from_steps,ingredient_not_named_in_steps,661,r661_zapechennye_kusochki_tofu,Запеченные кусочки тофу,3,cornstarch,`cornstarch` is in ingredients but not found in instructions by known aliases,кукурузный крахмал — 10 г,
warning,ingredient_missing_from_steps,ingredient_not_named_in_steps,662,r662_bananovye_oladi_bez_yaits,Банановые оладьи без яиц,2,wheat_flour,`wheat_flour` is in ingredients but not found in instructions by known aliases,пшеничная мука — 50 г,
warning,ingredient_missing_from_steps,ingredient_not_named_in_steps,663,r663_kabachkovye_oladi_bez_yaits,Кабачковые оладьи без яиц,2,wheat_flour,`wheat_flour` is in ingredients but not found in instructions by known aliases,пшеничная мука — 50 г,
warning,ingredient_missing_from_steps,ingredient_not_named_in_steps,664,r664_kabachkovo_kartofelnye_oladi,Кабачково-картофельные оладьи,5,wheat_flour,`wheat_flour` is in ingredients but not found in instructions by known aliases,пшеничная мука — 40 г,
warning,ingredient_missing_from_steps,ingredient_not_named_in_steps,665,r665_draniki_iz_kapusty_i_kartofelya,Драники из капусты и картофеля,4,wheat_flour,`wheat_flour` is in ingredients but not found in instructions by known aliases,пшеничная мука — 35 г,
warning,truncation_fragments,weak_serving_finish,1,r001_ovsyanka_na_noch_s_yagodami,Овсянка на ночь с ягодами,,,last instruction sentence does not clearly finish with serving/ready wording,Утром добавить ягоды и ореховую пасту,
warning,truncation_fragments,weak_serving_finish,2,r002_tost_s_avokado,Тост с авокадо,,,last instruction sentence does not clearly finish with serving/ready wording,"Поджарить хлеб, сбрызнуть маслом и выложить сверху авокадо",
warning,truncation_fragments,weak_serving_finish,16,r016_ovsyanaya_chia_boul_s_malinovym_yagodnyy_sousom,Овсяная чиа-боул с малиновым ягодный соусом,,,last instruction sentence does not clearly finish with serving/ready wording,"Добавьте малиновый ягодный соус, оставшуюся малину, апельсиновые кружочки, банан, миндальную пасту, годжи и семена чиа",
warning,truncation_fragments,weak_serving_finish,43,r043_tost_s_yaytsom_indeykoy_i_ovoschami,"Тост с яйцом, индейкой или курицей и овощами",,,last instruction sentence does not clearly finish with serving/ready wording,"Соберите тост с индейкой или курицей, яйцом, помидором, салатом и йогуртовым соусом",
warning,truncation_fragments,weak_serving_finish,50,r050_britanskiy_tost_s_domashney_fasolyu_v_tomatnom_souse,Британский тост с домашней фасолью в томатном соусе,,,last instruction sentence does not clearly finish with serving/ready wording,Выложите горячую фасоль на тосты и завершите рукколой,
warning,truncation_fragments,weak_serving_finish,56,r056_puding_s_chia_v_stile_masala_chay_bananom_i_fistashkam,"Пудинг с чиа в стиле масала-чай, бананом и фисташками",,,last instruction sentence does not clearly finish with serving/ready wording,"Выложите половину пудинга в стакан или миску, добавьте половину банана и фисташек, затем повторите слой пудинга, банана и фисташек",
warning,truncation_fragments,weak_serving_finish,73,r073_yaytsa_s_fasolyu_tomatami_i_tortiley,"Яйца с фасолью, томатами и тортильей",,,last instruction sentence does not clearly finish with serving/ready wording,"Положите по яйцу на каждую тортилью, добавьте теплую сальсу и пико-де-гайо",
warning,truncation_fragments,weak_serving_finish,77,r077_kokosovyy_ris_s_yaytsom_ogurtsom_i_arahisom,"Кокосовый рис с яйцом, огурцом и арахисом",,,last instruction sentence does not clearly finish with serving/ready wording,"Выложите рис в тарелку, добавьте яйцо, огурец, арахис, зеленый лук и немного соевого соуса",
warning,truncation_fragments,weak_serving_finish,79,r079_egipetskiy_ful_medames_s_tahini_i_limonom,Египетский фул медамес с тахини и лимоном,,,last instruction sentence does not clearly finish with serving/ready wording,"Если пюре выглядит расслоившимся или слишком густым, добавьте ложку холодной воды и снова перемешайте",
warning,truncation_fragments,weak_serving_finish,82,r082_tost_s_brokkoli_yaytsom_i_yogurtovym_sousom,"Тост с брокколи, яйцом и йогуртовым соусом",,,last instruction sentence does not clearly finish with serving/ready wording,"Поджарьте хлеб, выложите брокколи и яйца, добавьте йогуртовый соус",
warning,truncation_fragments,weak_serving_finish,85,r085_boul_s_batatom_shiitake_keylom_i_yaytsom,"Боул с бататом, шиитаке, кейлом и яйцом",,,last instruction sentence does not clearly finish with serving/ready wording,"Положите по яйцу в каждую миску, добавьте хумус, проростки и петрушку",
warning,truncation_fragments,weak_serving_finish,109,r109_kurinyy_sup_s_beloy_fasolyu_i_keylom,Куриный суп с белой фасолью и кейлом,,,last instruction sentence does not clearly finish with serving/ready wording,Разлейте горячий суп по глубоким мискам,
warning,truncation_fragments,weak_serving_finish,111,r111_govyadina_tushennaya_s_ovoschami,"Говядина, тушенная с овощами",,,last instruction sentence does not clearly finish with serving/ready wording,Тушите под крышкой 60–75 минут до мягкости мяса,
warning,truncation_fragments,weak_serving_finish,113,r113_amerikanskoe_ragu_iz_govyadiny_s_kartofelem,Американское рагу из говядины с картофелем,,,last instruction sentence does not clearly finish with serving/ready wording,"Вмешайте горошек, прогрейте 5 минут и выровняйте соль и перец",
warning,truncation_fragments,weak_serving_finish,119,r119_burgery_iz_baraniny_s_tsatsiki,Бургеры из баранины с цацики,,,last instruction sentence does not clearly finish with serving/ready wording,"Соберите бургеры с котлетами, цацики, ломтиками помидора, красным луком и листьями мяты",
warning,truncation_fragments,weak_serving_finish,158,r158_domashniy_vegetarianskiy_chili_s_chernoy_i_pinto_fasol,Домашний вегетарианский чили с черной и пинто фасолью,,,last instruction sentence does not clearly finish with serving/ready wording,"Разлейте чили по мискам, добавьте авокадо, тортилья-чипсы и дополнительную кинзу",
warning,truncation_fragments,weak_serving_finish,178,r178_kremovaya_tselnozernovaya_pasta_s_pesto_i_keylom,Кремовая цельнозерновая паста с песто и кейлом,,,last instruction sentence does not clearly finish with serving/ready wording,"Перемешайте, при необходимости разбавьте водой от пасты, посолите и поперчите",
warning,truncation_fragments,weak_serving_finish,179,r179_myasnaya_lazanya_s_rikottoy_i_tomatami,Мясная лазанья с рикоттой и томатами,,,last instruction sentence does not clearly finish with serving/ready wording,Дайте лазанье постоять 15 минут перед нарезкой,
warning,truncation_fragments,weak_serving_finish,187,r187_risovyy_boul_so_skumbriey_i_ovoschami,Рисовый боул со скумбрией и овощами,,,last instruction sentence does not clearly finish with serving/ready wording,"Выложите рис в тарелку, добавьте рыбу, овощи, зеленый лук, соевый соус и лимонный сок",
warning,truncation_fragments,weak_serving_finish,204,r204_boul_s_lososem_brokkoli_i_bulgurom,"Боул с лососем, брокколи и булгуром",,,last instruction sentence does not clearly finish with serving/ready wording,"Выложите булгур, брокколи, огурец и лосось в миску, добавьте соус",
warning,truncation_fragments,weak_serving_finish,206,r206_boul_iz_perlovki_s_yaytsom_bekonom_i_tomatnym_sousom,"Боул из перловки с яйцом, беконом и томатным соусом",,,last instruction sentence does not clearly finish with serving/ready wording,"Выложите перловку в миску, добавьте соус с беконом и яйцо",
warning,truncation_fragments,weak_serving_finish,226,r226_grecheskaya_musaka_s_baklazhanami_i_beshamelem,Греческая мусака с баклажанами и бешамелем,,,last instruction sentence does not clearly finish with serving/ready wording,Дайте мусаке постоять 20 минут перед нарезкой,
warning,truncation_fragments,weak_serving_finish,229,r229_pastushiy_pirog_s_govyadinoy_i_kartofelnym_pyure,Пастуший пирог с говядиной и картофельным пюре,,,last instruction sentence does not clearly finish with serving/ready wording,Запеките при 200 °C 10-12 минут,
warning,truncation_fragments,weak_serving_finish,237,r237_salat_s_tuntsom_fasolyu_yablokom_i_fetoy,"Салат с тунцом, фасолью, яблоком и фетой",,,last instruction sentence does not clearly finish with serving/ready wording,"Заправьте йогуртом, лимонным соком, маслом, солью и перцем",
warning,truncation_fragments,weak_serving_finish,242,r242_tako_s_beloy_ryboy_krasnoy_kapustoy_i_avokado,"Тако с белой рыбой, красной капустой и авокадо",,,last instruction sentence does not clearly finish with serving/ready wording,"На каждую тортилью намажьте немного сметаны, добавьте капусту, помидоры, авокадо, кусочки рыбы, кинзу, зеленый чили и острый соус",
warning,truncation_fragments,weak_serving_finish,251,r251_sendvich_s_tuntsom_i_yaytsom,Сэндвич с тунцом и яйцом,,,last instruction sentence does not clearly finish with serving/ready wording,"Соберите сэндвич из хлеба, салата, огурца, тунца и яйца",
warning,truncation_fragments,weak_serving_finish,253,r253_tvorog_s_yagodami_i_gretskim_orehom,Творог с ягодами и грецким орехом,,,last instruction sentence does not clearly finish with serving/ready wording,"Добавьте ягоды, орех, мед и корицу",
warning,truncation_fragments,weak_serving_finish,255,r255_tost_s_indeykoy_syrom_i_tomatom,"Тост с индейкой, сыром и томатом",,,last instruction sentence does not clearly finish with serving/ready wording,"Выложите индейку, сыр, томат и салат",
warning,truncation_fragments,weak_serving_finish,256,r256_hlebtsy_s_lososem_i_tvorozhnym_syrom,Хлебцы с лососем и творожным сыром,,,last instruction sentence does not clearly finish with serving/ready wording,"Выложите лосось и огурец, добавьте укроп и лимонный сок",
warning,truncation_fragments,weak_serving_finish,257,r257_grecheskiy_yogurt_s_ovsyankoy_i_arahisovoy_pastoy,Греческий йогурт с овсянкой и арахисовой пастой,,,last instruction sentence does not clearly finish with serving/ready wording,Добавьте нарезанный банан и арахисовую пасту,
warning,truncation_fragments,weak_serving_finish,258,r258_salat_s_nutom_tuntsom_i_ogurtsom,"Салат с нутом, тунцом и огурцом",,,last instruction sentence does not clearly finish with serving/ready wording,"Смешайте тунец, нут, огурец, йогурт, лимонный сок, укроп, соль и перец",
warning,truncation_fragments,weak_serving_finish,259,r259_kefirnyy_smuzi_s_tvorogom_i_bananom,Кефирный смузи с творогом и бананом,,,last instruction sentence does not clearly finish with serving/ready wording,"Взбейте кефир, творог, банан, какао и мед до однородности",
warning,truncation_fragments,weak_serving_finish,262,r262_pita_s_humusom_i_kuritsey,Пита с хумусом и курицей,,,last instruction sentence does not clearly finish with serving/ready wording,"Смажьте хумусом, добавьте курицу, огурец, помидор, салат и лимонный сок",
warning,truncation_fragments,weak_serving_finish,263,r263_ovsyanyy_boul_s_arahisovoy_pastoy_i_golubikoy,Овсяный боул с арахисовой пастой и голубикой,,,last instruction sentence does not clearly finish with serving/ready wording,Добавьте голубику и арахисовую пасту,
warning,truncation_fragments,weak_serving_finish,266,r266_boul_s_kuritsey_fasolyu_i_avokado,"Боул с курицей, фасолью и авокадо",,,last instruction sentence does not clearly finish with serving/ready wording,"Выложите в миску курицу, фасоль, авокадо, помидор и огурец, добавьте соус",
warning,truncation_fragments,weak_serving_finish,267,r267_hlebtsy_s_tvorogom_golubikoy_i_arahisovoy_pastoy,"Хлебцы с творогом, голубикой и арахисовой пастой",,,last instruction sentence does not clearly finish with serving/ready wording,"Добавьте голубику, арахисовую пасту, мед и корицу",
warning,truncation_fragments,weak_serving_finish,277,r277_yogurtovyy_dip_s_kuritsey_i_ovoschami,Йогуртовый дип с курицей и овощами,,,last instruction sentence does not clearly finish with serving/ready wording,Ешьте курицу и овощи с йогуртовым дипом,
warning,truncation_fragments,weak_serving_finish,282,r282_krostini_s_pyure_iz_goroshka_rukkoloy_i_bobami,"Кростини с пюре из горошка, рукколой и бобами",,,last instruction sentence does not clearly finish with serving/ready wording,Настрогайте пекорино овощечисткой и сбрызните кростини оливковым маслом,
warning,truncation_fragments,weak_serving_finish,286,r286_letnyaya_tomatnaya_brusketta_s_bazilikom,Летняя томатная брускетта с базиликом,,,last instruction sentence does not clearly finish with serving/ready wording,Ложкой выложите томаты вместе с соком на тосты и закончите оставшейся солью,
warning,truncation_fragments,weak_serving_finish,288,r288_tost_s_indeykoy_tvorozhnym_syrom_i_inzhirom,"Тост с индейкой, творожным сыром и инжиром",,,last instruction sentence does not clearly finish with serving/ready wording,Сбрызните бальзамическим уксусом,
warning,truncation_fragments,weak_serving_finish,292,r292_omlet_s_tremya_syrami_i_zelenym_lukom,Омлет с тремя сырами и зеленым луком,,,last instruction sentence does not clearly finish with serving/ready wording,Сложите пополам и прогрейте 1 минуту,
warning,truncation_fragments,weak_serving_finish,293,r293_tost_s_yaytsom_syrom_i_kukuruzoy,"Тост с яйцом, сыром и кукурузой",,,last instruction sentence does not clearly finish with serving/ready wording,"Выложите яйцо, сыр, кукурузу и петрушку",
warning,truncation_fragments,weak_serving_finish,296,r296_mini_maffiny_iz_yaits_morkovi_kabachka_i_fety,"Мини-маффины из яиц, моркови, кабачка и феты",,,last instruction sentence does not clearly finish with serving/ready wording,"Дайте маффинам постоять 1-2 минуты, затем проведите ножом по краям и выньте их из формы",
warning,truncation_fragments,weak_serving_finish,297,r297_yaichnyy_sendvich_s_vetchinoy_i_chedderom,Яичный сэндвич с ветчиной и чеддером,,,last instruction sentence does not clearly finish with serving/ready wording,"Соберите сэндвич с яйцами, ветчиной, сыром, помидором и салатом",
warning,truncation_fragments,weak_serving_finish,299,r299_tost_s_yaytsom_bekonom_i_syrom,"Тост с яйцом, беконом и сыром",,,last instruction sentence does not clearly finish with serving/ready wording,"Подсушите хлеб, выложите салат, помидор, бекон, яйцо и сыр",
warning,truncation_fragments,weak_serving_finish,300,r300_omlet_s_bekonom_gaudoy_i_tvorozhnym_syrom,"Омлет с беконом, гаудой и творожным сыром",,,last instruction sentence does not clearly finish with serving/ready wording,"Когда омлет схватится, добавьте гауду и творожный сыр, сложите пополам",
warning,truncation_fragments,weak_serving_finish,301,r301_tvorog_s_bananom_i_orehom,Творог с бананом и орехом,,,last instruction sentence does not clearly finish with serving/ready wording,"Добавьте нарезанный банан, орех и корицу",
warning,truncation_fragments,weak_serving_finish,302,r302_yogurt_s_chernikoy_yablokom_i_semenami,"Йогурт с черникой, яблоком и семенами",,,last instruction sentence does not clearly finish with serving/ready wording,"Смешайте йогурт, чернику, яблоко, семечки и овсяные хлопья",
warning,truncation_fragments,weak_serving_finish,303,r303_ovsyanka_s_tvorogom_bananom_i_chernikoy,"Овсянка с творогом, бананом и черникой",,,last instruction sentence does not clearly finish with serving/ready wording,"Добавьте творог, нарезанный банан, чернику и корицу",
warning,truncation_fragments,weak_serving_finish,304,r304_tvorog_s_yablokom_izyumom_i_koritsey,"Творог с яблоком, изюмом и корицей",,,last instruction sentence does not clearly finish with serving/ready wording,"Смешайте творог, йогурт, яблоко, изюм и корицу",
warning,truncation_fragments,weak_serving_finish,313,r313_yagodno_kefirnyy_smuzi_s_bananom_i_mindalnoy_pastoy,Ягодно-кефирный смузи с бананом и миндальной пастой,,,last instruction sentence does not clearly finish with serving/ready wording,Перелейте в большой стакан и выпейте свежим,
warning,truncation_fragments,weak_serving_finish,318,r318_shokoladnyy_proteinovyy_sheyk_s_tvorogom,Шоколадный протеиновый шейк с творогом,,,last instruction sentence does not clearly finish with serving/ready wording,"Взбейте молоко, творог, банан, какао и арахисовую пасту до однородности",
warning,truncation_fragments,weak_serving_finish,319,r319_mango_lassi_na_yogurte_i_kefire,Манго-ласси на йогурте и кефире,,,last instruction sentence does not clearly finish with serving/ready wording,"Взбейте манго, йогурт, кефир, лаймовый сок, мед и кардамон",
warning,truncation_fragments,weak_serving_finish,327,r327_klubnichnyy_chizkeyk_na_yogurte,Клубничный чизкейк на йогурте,,,last instruction sentence does not clearly finish with serving/ready wording,"Выложите крошку, крем и нарезанную клубнику в небольшую миску",
warning,truncation_fragments,weak_serving_finish,333,r333_hlebtsy_s_tvorogom_i_tuntsom,Хлебцы с творогом и тунцом,,,last instruction sentence does not clearly finish with serving/ready wording,"Выложите на хлебцы, добавьте огурец",
warning,truncation_fragments,weak_serving_finish,334,r334_rzhanoy_tost_s_yaytsom_i_syrom,Ржаной тост с яйцом и сыром,,,last instruction sentence does not clearly finish with serving/ready wording,"Подсушите хлеб, добавьте сыр, яйца и помидор",
warning,truncation_fragments,weak_serving_finish,341,r341_pechenoe_yabloko_s_tvorogom_i_izyumom,Печеное яблоко с творогом и изюмом,,,last instruction sentence does not clearly finish with serving/ready wording,Наполните яблоко и запеките при 200 °C 10-12 минут,
warning,truncation_fragments,weak_serving_finish,344,r344_tost_s_yablokom_indeykoy_i_syrom,"Тост с яблоком, индейкой и сыром",,,last instruction sentence does not clearly finish with serving/ready wording,"Выложите на хлеб соус, индейку, тонкие ломтики яблока и сыр",
warning,truncation_fragments,weak_serving_finish,345,r345_grecheskiy_yogurt_s_klubnikoy_i_temnym_shokoladom,Греческий йогурт с клубникой и темным шоколадом,,,last instruction sentence does not clearly finish with serving/ready wording,"Выложите йогурт в миску, добавьте клубнику, шоколад, миндаль и мед",
warning,truncation_fragments,weak_serving_finish,346,r346_mango_yogurtovyy_boul_s_tvorogom,Манго-йогуртовый боул с творогом,,,last instruction sentence does not clearly finish with serving/ready wording,Добавьте нарезанное манго и кокосовую стружку,
warning,truncation_fragments,weak_serving_finish,348,r348_banan_s_arahisovoy_pastoy_yogurtom_i_temnym_shokoladom,"Банан с арахисовой пастой, йогуртом и темным шоколадом",,,last instruction sentence does not clearly finish with serving/ready wording,"Добавьте нарезанный банан, арахисовую пасту, тертый темный шоколад и какао",
warning,truncation_fragments,weak_serving_finish,350,r350_sendvich_s_kuritsey_mango_i_yogurtovym_sousom,"Сэндвич с курицей, манго и йогуртовым соусом",,,last instruction sentence does not clearly finish with serving/ready wording,"Соберите сэндвич из хлеба, курицы, манго, салата и соуса",
warning,truncation_fragments,weak_serving_finish,352,r352_roll_s_krevetkami_avokado_laymom_i_tabasko,"Ролл с креветками, авокадо, лаймом и табаско",,,last instruction sentence does not clearly finish with serving/ready wording,"Выложите авокадную смесь полосой по центру тортильи, сверху распределите салатные листья и креветки",
warning,truncation_fragments,weak_serving_finish,353,r353_rolly_spiralki_s_indeykoy_bazilikovym_krem_syrom_i_shp,"Роллы-спиральки с индейкой, базиликовым крем-сыром и шпинатом",,,last instruction sentence does not clearly finish with serving/ready wording,"Намажьте индейку частью базиликового крем-сыра, у ближнего края выложите полоски печеного перца и немного моркови",
warning,truncation_fragments,weak_serving_finish,361,r361_edamame_s_tvorogom_i_ogurtsom,Зеленый горошек с творогом и огурцом,,,last instruction sentence does not clearly finish with serving/ready wording,"Выложите творог, горошек и огурец в миску, добавьте соевый соус, лимонный сок и кунжут",
warning,truncation_fragments,weak_serving_finish,362,r362_tvorog_s_mindalem_izyumom_i_vozdushnoy_pshenitsey,"Творог с миндалем, изюмом и воздушной пшеницей",,,last instruction sentence does not clearly finish with serving/ready wording,"Добавьте миндаль, изюм и воздушную пшеницу",
warning,truncation_fragments,weak_serving_finish,364,r364_ogurechnye_tosty_s_tuntsom_i_yogurtom,Огуречные тосты с тунцом и йогуртом,,,last instruction sentence does not clearly finish with serving/ready wording,"Подсушите хлеб, выложите тунцовый салат и огурец",
warning,truncation_fragments,weak_serving_finish,370,r370_sladko_solenye_ostrye_orehi_s_kuminom,Сладко-соленые острые орехи с кумином,,,last instruction sentence does not clearly finish with serving/ready wording,"Влейте горячий сироп к орехам, быстро перемешайте и распределите на противне одним слоем",
warning,truncation_fragments,weak_serving_finish,371,r371_grecheskiy_yogurt_s_bananom_klubnikoy_i_shokoladom,"Греческий йогурт с бананом, клубникой и шоколадом",,,last instruction sentence does not clearly finish with serving/ready wording,"Выложите йогурт в миску, добавьте фрукты, шоколад и орех",
warning,truncation_fragments,weak_serving_finish,372,r372_fruktovyy_tvorog_s_mango_kivi_i_yagodami,"Фруктовый творог с манго, киви и ягодами",,,last instruction sentence does not clearly finish with serving/ready wording,"Добавьте нарезанные манго, киви и ягоды",
warning,truncation_fragments,weak_serving_finish,373,r373_klubnichno_bananovyy_kefirnyy_smuzi_s_tvorogom,Клубнично-банановый кефирный смузи с творогом,,,last instruction sentence does not clearly finish with serving/ready wording,"Взбейте кефир, творог, клубнику, банан и мед",
warning,truncation_fragments,weak_serving_finish,374,r374_tropicheskiy_yogurt_s_mango_bananom_i_granoloy,"Тропический йогурт с манго, бананом и гранолой",,,last instruction sentence does not clearly finish with serving/ready wording,"Добавьте нарезанные манго и банан, гранолу и темный шоколад",
warning,truncation_fragments,weak_serving_finish,375,r375_yogurt_s_yagodnym_sousom_i_gretskim_orehom,Йогурт с ягодным соусом и грецким орехом,,,last instruction sentence does not clearly finish with serving/ready wording,"Выложите йогурт в миску, добавьте ягодный соус и орех",
warning,truncation_fragments,weak_serving_finish,376,r376_malinovo_fistashkovyy_grecheskiy_yogurt,Малиново-фисташковый греческий йогурт,,,last instruction sentence does not clearly finish with serving/ready wording,"Добавьте малину, фисташки, мед и лимонную цедру",
warning,truncation_fragments,weak_serving_finish,377,r377_yagodnyy_tvorozhnyy_krem_s_limonom,Ягодный творожный крем с лимоном,,,last instruction sentence does not clearly finish with serving/ready wording,Добавьте ягоды,
warning,truncation_fragments,weak_serving_finish,378,r378_shokoladno_bananovyy_tvorog,Шоколадно-банановый творог,,,last instruction sentence does not clearly finish with serving/ready wording,Добавьте нарезанный банан и тертый темный шоколад,
warning,truncation_fragments,weak_serving_finish,379,r379_yogurtovyy_boul_s_mango_ananasom_i_granoloy,"Йогуртовый боул с манго, ананасом и гранолой",,,last instruction sentence does not clearly finish with serving/ready wording,"Добавьте манго, ананас, гранолу и миндаль",
warning,truncation_fragments,weak_serving_finish,380,r380_persikovyy_tvorog_s_vanilyu,Персиковый творог с ванилью,,,last instruction sentence does not clearly finish with serving/ready wording,Добавьте нарезанный персик,
warning,truncation_fragments,weak_serving_finish,382,r382_farshirovannye_yaytsa_s_avokado_zelenym_lukom_i_bekono,"Фаршированные яйца с авокадо, зеленым луком и беконом",,,last instruction sentence does not clearly finish with serving/ready wording,Наполните белки и добавьте бекон,
warning,truncation_fragments,weak_serving_finish,385,r385_salatnye_listya_s_kurinoy_grudkoy_avokado_i_bekonom,"Салатные листья с куриной грудкой, авокадо и беконом",,,last instruction sentence does not clearly finish with serving/ready wording,Выложите начинку в листья салата и добавьте бекон,
warning,truncation_fragments,weak_serving_finish,386,r386_italyanskie_salatnye_listya_s_kurinoy_grudkoy_i_parmez,Итальянские салатные листья с куриной грудкой и пармезаном,,,last instruction sentence does not clearly finish with serving/ready wording,"Выложите начинку в листья салата, добавьте черри, миндаль и пармезан",
warning,truncation_fragments,weak_serving_finish,387,r387_tvorozhnaya_banochka_s_pertsem_hrustyaschim_nutom_i_ku,"Творожная баночка с перцем, хрустящим нутом и кунжутно-луковой приправой",,,last instruction sentence does not clearly finish with serving/ready wording,Сверху выложите нарезанный красный сладкий перец,
warning,truncation_fragments,weak_serving_finish,391,r391_grecheskiy_salat_s_kuritsey_ogurtsom_tomatami_olivkami,"Греческий салат с курицей, огурцом, томатами, оливками и фетой",,,last instruction sentence does not clearly finish with serving/ready wording,"Смешайте с оливками, оливковым маслом, лимонным соком, орегано, солью и перцем",
warning,truncation_fragments,weak_serving_finish,392,r392_balzamicheskiy_salat_s_ogurtsom_cherri_fetoy_i_olivkam,"Бальзамический салат с курицей, огурцом, черри, фетой и оливками",,,last instruction sentence does not clearly finish with serving/ready wording,"Смешайте с оливками, оливковым маслом, бальзамическим уксусом, солью и перцем",
warning,truncation_fragments,weak_serving_finish,394,r394_mini_salat_s_tomatami_ogurtsom_bazilikom_i_fetoy,"Мини-салат с томатами, огурцом, базиликом и фетой",,,last instruction sentence does not clearly finish with serving/ready wording,"Смешайте с йогуртом, базиликом, маслом, лимонным соком, солью и перцем",
warning,truncation_fragments,weak_serving_finish,395,r395_sredizemnomorskiy_fasolevyy_salat_s_nutom_krasnoy_faso,"Средиземноморский фасолевый салат с нутом, красной фасолью и огурцом",,,last instruction sentence does not clearly finish with serving/ready wording,"В отдельной небольшой миске взбейте оливковое масло, лимонный сок, пропущенный через пресс чеснок, мелкую соль и хлопья красного перца",
warning,truncation_fragments,weak_serving_finish,396,r396_chashechki_iz_salata_s_chernoy_fasolyu_avokado_halapen,"Чашечки из салата с черной фасолью, авокадо, халапеньо и фетой",,,last instruction sentence does not clearly finish with serving/ready wording,Выложите начинку в листья салата,
warning,truncation_fragments,weak_serving_finish,397,r397_salatnye_listya_s_nutom_avokado_i_yogurtovym_sousom,"Салатные листья с нутом, авокадо и йогуртовым соусом",,,last instruction sentence does not clearly finish with serving/ready wording,Выложите начинку в листья салата,
warning,truncation_fragments,weak_serving_finish,398,r398_salatnye_listya_s_indeykoy_yogurtom_i_izyumom,"Салатные листья с индейкой, йогуртом и изюмом",,,last instruction sentence does not clearly finish with serving/ready wording,Выложите начинку в листья салата,
warning,truncation_fragments,weak_serving_finish,399,r399_ryba_v_salatnyh_listyah_s_morkovyu_i_yogurtovym_sousom,Рыба в салатных листьях с морковью и йогуртовым соусом,,,last instruction sentence does not clearly finish with serving/ready wording,"Выложите рыбу, морковь, огурец и соус в листья салата",
warning,truncation_fragments,weak_serving_finish,400,r400_salatnye_chashechki_s_krevetkami_i_krabovymi_palochkam,Салатные чашечки с креветками и крабовыми палочками,,,last instruction sentence does not clearly finish with serving/ready wording,"Смешайте с йогуртом, лимонным соком, солью и перцем, выложите в листья салата",
warning,truncation_fragments,weak_serving_finish,405,r405_belkovyy_salat_s_tuntsom_yaytsom_i_svezhimi_ovoschami,"Белковый салат с тунцом, яйцом и свежими овощами",,,last instruction sentence does not clearly finish with serving/ready wording,"Выложите сверху яйца, чтобы сохранить их текстуру",
warning,truncation_fragments,weak_serving_finish,411,r411_pp_oladi_iz_kabachkov,ПП-оладьи из кабачков,,,last instruction sentence does not clearly finish with serving/ready wording,"Выкладывайте тесто столовой ложкой на разогретую сковороду, обжаривайте оладьи на небольшом огне по 5—6 минут с каждой стороны, до румяной корочки",
warning,truncation_fragments,weak_serving_finish,414,r414_ovsyanoblin_s_tvorozhnym_syrom_konservirovannym_tuntso,"Овсяноблин с творожным сыром, консервированным тунцом, авокадо и огурцом",,,last instruction sentence does not clearly finish with serving/ready wording,"Добавьте тунец, авокадо и огурец, сложите пополам",
warning,truncation_fragments,weak_serving_finish,416,r416_tselnozernovoy_hleb_s_pechenyu_treski,Цельнозерновой хлеб с печенью трески,,,last instruction sentence does not clearly finish with serving/ready wording,"Выложите печень на хлеб, добавьте огурец и зелень",
warning,truncation_fragments,weak_serving_finish,417,r417_aromatnyy_sup_pyure_iz_tsukini_i_chechevitsy,Ароматный суп-пюре из цукини и чечевицы,,,last instruction sentence does not clearly finish with serving/ready wording,"Пробейте суп блендером до гладкости, посолите и поперчите по вкусу",
warning,truncation_fragments,weak_serving_finish,424,r424_salat_iz_pecheni_treski_s_yaytsom,Салат из печени трески с яйцом,,,last instruction sentence does not clearly finish with serving/ready wording,"Смешайте печень, яйцо, огурец и лук, приправьте зерновой горчицей и солью",
warning,truncation_fragments,weak_serving_finish,425,r425_salat_iz_pecheni_treski_s_ogurtsom_i_kartofelem,Салат из печени трески с огурцом и картофелем,,,last instruction sentence does not clearly finish with serving/ready wording,"Смешайте все компоненты в салатнике, сбрызните лимонным соком и добавьте немного масла из консервов",
warning,truncation_fragments,weak_serving_finish,428,r428_domashniy_salat_iz_pecheni_treski_s_zelenym_goroshkom,Домашний салат из печени трески с зеленым горошком,,,last instruction sentence does not clearly finish with serving/ready wording,"Добавьте зеленый лук и майонез, аккуратно перемешайте",
warning,truncation_fragments,weak_serving_finish,429,r429_belkovyy_salat_s_kuritsey,Белковый салат с курицей,,,last instruction sentence does not clearly finish with serving/ready wording,Заправьте салат соусом и аккуратно перемешайте,
warning,truncation_fragments,weak_serving_finish,432,r432_salat_s_pomidorami_krasnoe_more,Салат с помидорами «Красное море»,,,last instruction sentence does not clearly finish with serving/ready wording,"Заправьте греческим йогуртом, посолите, поперчите и перемешайте",
warning,truncation_fragments,weak_serving_finish,436,r436_lenivaya_ovsyanka_s_yagodami_i_orehami,Ленивая овсянка с ягодами и орехами,,,last instruction sentence does not clearly finish with serving/ready wording,Оставьте на 10-15 минут для набухания или уберите на ночь в холодильник,
warning,truncation_fragments,weak_serving_finish,459,r459_pisto,Писто,,,last instruction sentence does not clearly finish with serving/ready wording,Добавьте кусочки кабачка/цуккини и баклажана,
warning,truncation_fragments,weak_serving_finish,461,r461_bigus_iz_svezhey_kapusty,Бигус из свежей капусты,,,last instruction sentence does not clearly finish with serving/ready wording,"Если помидора нет, можно добавить томатный сок или 1-2 ложки томатной пасты",
warning,truncation_fragments,weak_serving_finish,465,r465_kalmary_s_kartofelem_i_shpinatom,Кальмары с картофелем и шпинатом,,,last instruction sentence does not clearly finish with serving/ready wording,"Посолите, добавьте в сотейник немного кипятка и закройте крышкой",
warning,truncation_fragments,weak_serving_finish,481,r481_dorado_s_risom_i_yaytsom_pashot,Дорадо с рисом и яйцом пашот,,,last instruction sentence does not clearly finish with serving/ready wording,"Варите 3—4 минуты, пока белок не схватится",
warning,truncation_fragments,weak_serving_finish,488,r488_bystryy_sup_s_nutom_i_kuritsey,"Быстрый суп с нутом, курицей и перцем",,,last instruction sentence does not clearly finish with serving/ready wording,"Посолите, добавьте паприку и зелень",
warning,truncation_fragments,weak_serving_finish,495,r495_salat_s_shampinonami_i_sparzhey,Салат с шампиньонами и спаржей,,,last instruction sentence does not clearly finish with serving/ready wording,"Заправьте маслом, апельсиновым соком и солью",
warning,truncation_fragments,weak_serving_finish,496,r496_karbonara_s_bekonom_i_slivkami,Карбонара с беконом и сливками,,,last instruction sentence does not clearly finish with serving/ready wording,К концу жарки кусочки уменьшатся,
warning,truncation_fragments,weak_serving_finish,497,r497_kacho_e_pepe,Качо-э-пепе,,,last instruction sentence does not clearly finish with serving/ready wording,"Пока варятся макароны, масло и перец добавьте в другую сковороду и нагрейте на среднем огне до яркого аромата",
warning,truncation_fragments,weak_serving_finish,500,r500_pasta_boloneze,Паста болоньезе,,,last instruction sentence does not clearly finish with serving/ready wording,Отварите пасту и смешайте ее с соусом болоньезе,
warning,truncation_fragments,weak_serving_finish,505,r505_pyure_iz_zelenogo_goroshka_s_krevetkami,Пюре из зеленого горошка с креветками,,,last instruction sentence does not clearly finish with serving/ready wording,"Выложите пюре в тарелку, сверху положите креветки и кедровые орехи",
warning,truncation_fragments,weak_serving_finish,507,r507_onigiri,Онигири,,,last instruction sentence does not clearly finish with serving/ready wording,Заверните нори конвертом,
warning,truncation_fragments,weak_serving_finish,508,r508_buterbrody_s_kuritsey_i_ovoschami,Бутерброды с курицей и овощами,,,last instruction sentence does not clearly finish with serving/ready wording,Накройте вторым ломтиком хлеба,
warning,truncation_fragments,weak_serving_finish,509,r509_hlebtsy_s_avokado_i_lososem,Хлебцы с авокадо и лососем,,,last instruction sentence does not clearly finish with serving/ready wording,Добавьте кусочки лосося,
warning,truncation_fragments,weak_serving_finish,511,r511_sendvich_s_tuntsom,Сэндвич с тунцом,,,last instruction sentence does not clearly finish with serving/ready wording,Накройте вторым ломтиком хлеба,
warning,truncation_fragments,weak_serving_finish,516,r516_sendvich_s_kuritsey_i_syrom,Сэндвич с курицей и сыром,,,last instruction sentence does not clearly finish with serving/ready wording,Накройте сэндвич оставшимся хлебом,
warning,truncation_fragments,weak_serving_finish,518,r518_kuritsa_s_risom_i_ovoschami_na_skovorode,Курица с рисом и овощами на сковороде,,,last instruction sentence does not clearly finish with serving/ready wording,Тушите под крышкой 20 минут,
warning,truncation_fragments,weak_serving_finish,520,r520_pasta_s_kuritsey_v_tomatnom_souse,Паста с курицей в томатном соусе,,,last instruction sentence does not clearly finish with serving/ready wording,Потушите 10 минут и смешайте с пастой,
warning,truncation_fragments,weak_serving_finish,522,r522_tefteli_v_tomatnom_souse,Тефтели из говяжьего фарша в томатном соусе,,,last instruction sentence does not clearly finish with serving/ready wording,"Разогрейте растительное масло в сковороде, добавьте соус из томатной пасты и воды и потушите тефтели 25-30 минут",
warning,truncation_fragments,weak_serving_finish,526,r526_pasta_s_tuntsom_i_tomatami,Паста с тунцом и томатами,,,last instruction sentence does not clearly finish with serving/ready wording,"Смешайте с пастой, добавьте перец и зелень",
warning,truncation_fragments,weak_serving_finish,527,r527_krevetki_s_risovoy_lapshoy_i_ovoschami,Креветки с рисовой лапшой и овощами,,,last instruction sentence does not clearly finish with serving/ready wording,"Смешайте с лапшой и соевым соусом, прогрейте 1 минуту",
warning,truncation_fragments,weak_serving_finish,530,r530_svinina_s_kapustoy_na_skovorode,Свинина с капустой на сковороде,,,last instruction sentence does not clearly finish with serving/ready wording,Тушите 25-30 минут,
warning,truncation_fragments,weak_serving_finish,532,r532_ris_s_yaytsom_i_ovoschami,Рис с яйцом и овощами,,,last instruction sentence does not clearly finish with serving/ready wording,Прогрейте 3-5 минут,
warning,truncation_fragments,weak_serving_finish,539,r539_grechnevaya_lapsha_s_kuritsey_i_ovoschami,Гречневая лапша с курицей и овощами,,,last instruction sentence does not clearly finish with serving/ready wording,"Смешайте с лапшой и соевым соусом, прогрейте 1-2 минуты",
warning,truncation_fragments,weak_serving_finish,541,r541_falafel_v_lavashe,Фалафель в лаваше,,,last instruction sentence does not clearly finish with serving/ready wording,Заверните в лаваш с овощами и хумусом,
warning,truncation_fragments,weak_serving_finish,546,r546_tushenaya_kapusta_s_myasom,Тушёная капуста с говяжьим фаршем,,,last instruction sentence does not clearly finish with serving/ready wording,Тушите 30-40 минут,
warning,truncation_fragments,weak_serving_finish,547,r547_rizotto_s_kuritsey_i_gribami,Ризотто с курицей и грибами,,,last instruction sentence does not clearly finish with serving/ready wording,"Постепенно подливайте горячую воду или бульон, помешивая, пока рис не станет мягким",
warning,truncation_fragments,weak_serving_finish,549,r549_tako_s_kuritsey_avokado_i_salsoy,"Тако с курицей, авокадо и сальсой",,,last instruction sentence does not clearly finish with serving/ready wording,"Выложите в тортильи курицу, авокадо и сальсу",
warning,truncation_fragments,weak_serving_finish,551,r551_kurinye_shashlychki_s_arahisovym_sousom,Куриные шашлычки с арахисовым соусом,,,last instruction sentence does not clearly finish with serving/ready wording,"Сделайте соус из арахисовой пасты, меда, лимона и воды",
warning,truncation_fragments,weak_serving_finish,560,r560_chili_s_govyadinoy_fasolyu_i_shokoladom,"Чили с говядиной, фасолью и шоколадом",,,last instruction sentence does not clearly finish with serving/ready wording,Тушите 25-30 минут,
warning,truncation_fragments,weak_serving_finish,562,r562_rizotto_s_tykvoy_i_tverdym_syrom,Ризотто с тыквой и твердым сыром,,,last instruction sentence does not clearly finish with serving/ready wording,Добавьте твердый сыр,
warning,truncation_fragments,weak_serving_finish,569,r569_pasta_s_tuntsom_olivkami_i_marinovannym_ogurtsom,"Паста с тунцом, оливками и маринованным огурцом",,,last instruction sentence does not clearly finish with serving/ready wording,Смешайте с пастой и зеленью,
warning,truncation_fragments,weak_serving_finish,570,r570_grechka_s_gribami_soevym_sousom_i_yaytsom,"Гречка с грибами, соевым соусом и яйцом",,,last instruction sentence does not clearly finish with serving/ready wording,Сверху положите жареное яйцо,
warning,truncation_fragments,weak_serving_finish,573,r573_rybnye_tako_s_ogurechno_yablochnoy_salsoy,Рыбные тако с огуречно-яблочной сальсой,,,last instruction sentence does not clearly finish with serving/ready wording,В тортилью положите рыбу и сальсу,
warning,truncation_fragments,weak_serving_finish,583,r583_morkovnye_oladi,Морковные оладьи,,,last instruction sentence does not clearly finish with serving/ready wording,Жарьте маленькие оладьи по 2-3 минуты с каждой стороны до румяной корочки,
warning,truncation_fragments,weak_serving_finish,584,r584_kukuruznye_lepeshki_s_fasolyu,Кукурузные лепёшки с фасолью,,,last instruction sentence does not clearly finish with serving/ready wording,Прогрейте на сухой сковороде по 2-3 минуты с каждой стороны до хруста,
warning,truncation_fragments,weak_serving_finish,586,r586_sendvich_s_arahisovoy_pastoy_i_bananom,Сэндвич с арахисовой пастой и бананом,,,last instruction sentence does not clearly finish with serving/ready wording,Накройте вторым ломтиком и слегка прижмите,
warning,truncation_fragments,weak_serving_finish,590,r590_risovye_hlebtsy_so_shprotnym_pashtetom,Соленые крекеры со шпротным паштетом,,,last instruction sentence does not clearly finish with serving/ready wording,"Намажьте паштет на крекеры, сверху добавьте огурец",
warning,truncation_fragments,weak_serving_finish,593,r593_yaytsa_s_seledkoy_i_lukom,Яйца с селёдкой и луком,,,last instruction sentence does not clearly finish with serving/ready wording,"Выложите селедку и лук на половинки яиц, добавьте укроп и сбрызните лимоном",
warning,truncation_fragments,weak_serving_finish,597,r597_mini_blinchiki_iz_kabachka_s_gorbushey,Мини-блинчики из кабачка с горбушей,,,last instruction sentence does not clearly finish with serving/ready wording,Сверху положите горбушу и зелень,
warning,truncation_fragments,weak_serving_finish,599,r599_lavash_s_syrom_i_pomidorom,Лаваш с сыром и помидором,,,last instruction sentence does not clearly finish with serving/ready wording,Прогрейте на сухой сковороде на среднем огне 2-3 минуты до хрустящей корочки и расплавления сыра,
warning,truncation_fragments,weak_serving_finish,600,r600_sendvich_s_tuntsom,Сэндвич с тунцом,,,last instruction sentence does not clearly finish with serving/ready wording,"Выложите тунцовую начинку и огурец на хлеб, накройте вторым ломтиком",
warning,truncation_fragments,weak_serving_finish,602,r602_kartofelnye_draniki,Картофельные драники,,,last instruction sentence does not clearly finish with serving/ready wording,Жарьте небольшие драники по 3-4 минуты с каждой стороны до золотистой корочки,
warning,truncation_fragments,weak_serving_finish,603,r603_tortilya_s_fasolyu_i_syrom,Тортилья с фасолью и сыром,,,last instruction sentence does not clearly finish with serving/ready wording,Прогрейте на среднем огне 2-3 минуты с каждой стороны до расплавления сыра,
warning,truncation_fragments,weak_serving_finish,604,r604_lavash_s_humusom_zapechennym_pertsem_i_syrom,"Лаваш с хумусом, запечённым перцем и сыром",,,last instruction sentence does not clearly finish with serving/ready wording,Прогрейте на сухой сковороде 2-3 минуты с каждой стороны до хрустящей корочки,
warning,truncation_fragments,weak_serving_finish,609,r609_syrnaya_lepeshka_na_skovorode,Сырная лепёшка на сковороде,,,last instruction sentence does not clearly finish with serving/ready wording,Прогрейте лепешку по 2-3 минуты с каждой стороны до хруста и расплавления сыра,
warning,truncation_fragments,weak_serving_finish,612,r612_nesladkaya_ovsyanka_s_tofu_i_tomatom,Несладкая овсянка с тофу и томатом,,,last instruction sentence does not clearly finish with serving/ready wording,"В конце вмешайте тофу, укроп и паприку",
warning,truncation_fragments,weak_serving_finish,615,r615_ogurechnye_lodochki_s_tuntsom,Огуречные лодочки с тунцом,,,last instruction sentence does not clearly finish with serving/ready wording,Выложите начинку в огуречные лодочки,
warning,truncation_fragments,weak_serving_finish,616,r616_tofu_s_pomidorom_i_zelenyu,Тофу с помидором и зеленью,,,last instruction sentence does not clearly finish with serving/ready wording,"Смешайте овощи и тофу, добавьте лимонный сок, масло, укроп и черный перец",
warning,truncation_fragments,weak_serving_finish,621,r621_ragu_iz_chechevitsy_s_ovoschami,Рагу из чечевицы с овощами,,,last instruction sentence does not clearly finish with serving/ready wording,"Тушите на слабом огне до мягкости, в конце добавьте петрушку",
warning,truncation_fragments,weak_serving_finish,622,r622_fasol_s_indeykoy_i_ovoschami,Фасоль с индейкой и овощами,,,last instruction sentence does not clearly finish with serving/ready wording,Вмешайте фасоль и прогрейте еще 5 минут,
warning,truncation_fragments,weak_serving_finish,623,r623_tofu_s_grechnevoy_lapshoy_i_ovoschami,Тофу с гречневой лапшой и овощами,,,last instruction sentence does not clearly finish with serving/ready wording,"Добавьте тофу, лапшу, лимонный сок и укроп, прогрейте вместе",
warning,truncation_fragments,weak_serving_finish,624,r624_rybnyy_sup_s_risom_i_kartofelem,Рыбный суп с рисом и картофелем,,,last instruction sentence does not clearly finish with serving/ready wording,В конце добавьте укроп,
warning,truncation_fragments,weak_serving_finish,628,r628_polba_s_suhofruktami_i_gretskim_orehom,Полба с сухофруктами и грецким орехом,,,last instruction sentence does not clearly finish with serving/ready wording,"Смешайте полбу с медом и корицей, сверху добавьте сухофрукты и орехи",
warning,truncation_fragments,weak_serving_finish,632,r632_postnyy_sendvich_s_nutom_i_avokado,Постный сэндвич с нутом и авокадо,,,last instruction sentence does not clearly finish with serving/ready wording,"Смажьте хлеб нутовой пастой, добавьте огурцы и листья салата, накройте вторым ломтиком",
warning,truncation_fragments,weak_serving_finish,633,r633_tofu_omlet_bez_yaits,Тофу-омлет без яиц,,,last instruction sentence does not clearly finish with serving/ready wording,"Разделите на четверти, переверните и прогрейте еще 2 минуты",
warning,truncation_fragments,weak_serving_finish,635,r635_salat_iz_pekinskoy_kapusty_s_kuritsey_yaytsom_i_kukuru,"Салат из пекинской капусты с курицей, яйцом и кукурузой",,,last instruction sentence does not clearly finish with serving/ready wording,Заправьте йогуртом с лимонным соком и аккуратно перемешайте,
warning,truncation_fragments,weak_serving_finish,642,r642_burrito_v_banke_s_fasolyu_i_yogurtom,Буррито в банке с фасолью и йогуртом,,,last instruction sentence does not clearly finish with serving/ready wording,"Сверху добавьте фасоль, тертый сыр и греческий йогурт",
warning,truncation_fragments,weak_serving_finish,643,r643_fruktovye_chipsy,Фруктовые чипсы,,,last instruction sentence does not clearly finish with serving/ready wording,"Сушите при 100 °C, переворачивая ломтики, пока они станут румяными и слегка хрустящими",
warning,truncation_fragments,weak_serving_finish,644,r644_ovsyanoe_pechene_s_koritsey,Овсяное печенье с корицей,,,last instruction sentence does not clearly finish with serving/ready wording,Выложите небольшие печенья на пергамент и выпекайте при 180 °C около 15 минут,
warning,truncation_fragments,weak_serving_finish,649,r649_smes_suhofruktov,Смесь сухофруктов,,,last instruction sentence does not clearly finish with serving/ready wording,Смешайте все в небольшой порционный перекус,
warning,truncation_fragments,weak_serving_finish,650,r650_smes_suhofruktov_s_orehami,Смесь сухофруктов с орехами,,,last instruction sentence does not clearly finish with serving/ready wording,Смешайте все в маленькую порцию для плотного перекуса,
warning,truncation_fragments,weak_serving_finish,652,r652_tosty_s_krasnoy_ryboy_i_avokado,Тосты с красной рыбой и авокадо,,,last instruction sentence does not clearly finish with serving/ready wording,"Намажьте хлеб сливочным сыром, сверху добавьте авокадо и ломтики форели",
warning,truncation_fragments,weak_serving_finish,653,r653_pasta_s_tuntsom_sparzhey_i_shpinatom,"Паста с тунцом, спаржей и шпинатом",,,last instruction sentence does not clearly finish with serving/ready wording,Смешайте соус с пастой,
warning,truncation_fragments,weak_serving_finish,656,r656_avokado_tost_s_nutom,Авокадо-тост с нутом,,,last instruction sentence does not clearly finish with serving/ready wording,"Авокадо разомните отдельно и выложите на тост, сверху добавьте нутовую смесь",
warning,truncation_fragments,weak_serving_finish,660,r660_farshirovannye_yaytsa_s_avokado,Фаршированные яйца с авокадо,,,last instruction sentence does not clearly finish with serving/ready wording,Наполните половинки белков и добавьте каперсы,
warning,truncation_fragments,weak_serving_finish,661,r661_zapechennye_kusochki_tofu,Запеченные кусочки тофу,,,last instruction sentence does not clearly finish with serving/ready wording,Запеките до плотной румяной корочки,
warning,truncation_fragments,weak_serving_finish,662,r662_bananovye_oladi_bez_yaits,Банановые оладьи без яиц,,,last instruction sentence does not clearly finish with serving/ready wording,Жарьте небольшие оладьи на смазанной маслом сковороде до румяности с двух сторон,
warning,truncation_fragments,weak_serving_finish,663,r663_kabachkovye_oladi_bez_yaits,Кабачковые оладьи без яиц,,,last instruction sentence does not clearly finish with serving/ready wording,Жарьте небольшие оладьи на смазанной маслом сковороде до румяности с двух сторон,
warning,truncation_fragments,weak_serving_finish,664,r664_kabachkovo_kartofelnye_oladi,Кабачково-картофельные оладьи,,,last instruction sentence does not clearly finish with serving/ready wording,Жарьте небольшие оладьи на смазанной маслом сковороде до румяной корочки,
warning,missing_approximate_measures,gram_only_user_hostile_measure,22,r022_frittata_s_kabachkom_shpinatom_i_rikottoy,"Фриттата с кабачком, шпинатом и рикоттой",6,ricotta,gram-only ingredient should get an approximate household measure in the fix stage,"рикотта — 31,2 г",Add an approximate measure only after product/content review.
warning,missing_approximate_measures,gram_only_user_hostile_measure,23,r023_zapechennaya_frittata_so_shpinatom_pertsem_i_tomatami,"Запеченная фриттата со шпинатом, перцем и томатами",2,cottage_cheese,gram-only ingredient should get an approximate household measure in the fix stage,нежирный зерненый творог — 75 г,Add an approximate measure only after product/content review.
warning,missing_approximate_measures,gram_only_user_hostile_measure,23,r023_zapechennaya_frittata_so_shpinatom_pertsem_i_tomatami,"Запеченная фриттата со шпинатом, перцем и томатами",7,nutmeg,gram-only ingredient should get an approximate household measure in the fix stage,"молотый мускатный орех — 0,12 г",Add an approximate measure only after product/content review.
warning,missing_approximate_measures,gram_only_user_hostile_measure,38,r038_gollandskiy_blin_iz_duhovki,Голландский блин из духовки,4,nutmeg,gram-only ingredient should get an approximate household measure in the fix stage,"молотый мускатный орех — 0,25 г",Add an approximate measure only after product/content review.
warning,missing_approximate_measures,gram_only_user_hostile_measure,67,r067_sloenaya_zapekanka_s_vetchinoy_shpinatom_i_gryuyerom,"Слоеная запеканка с ветчиной, шпинатом и грюйером",10,roasted_red_pepper,gram-only ingredient should get an approximate household measure in the fix stage,"запеченный красный перец из банки — 15 твердый сыр — 14,2 г",Add an approximate measure only after product/content review.
warning,missing_approximate_measures,gram_only_user_hostile_measure,87,r087_burrito_s_yaichnymi_belkami_shpinatom_i_kartofelem,"Буррито с яичными белками, шпинатом и картофелем",5,mozzarella,gram-only ingredient should get an approximate household measure in the fix stage,"Моцарелла — 56,7 г",Add an approximate measure only after product/content review.
warning,missing_approximate_measures,gram_only_user_hostile_measure,95,r095_pankeyki_iz_tvoroga_i_ovsyanki,Панкейки из творога и овсянки,1,cottage_cheese,gram-only ingredient should get an approximate household measure in the fix stage,зерненый творог — 50 г,Add an approximate measure only after product/content review.
warning,missing_approximate_measures,gram_only_user_hostile_measure,100,r100_yaichnye_mini_zapekanki_s_tvorogom_shpinatom_vyalenymi,"Яичные мини-запеканки с творогом, шпинатом, вялеными томатами и козьим сыром",1,cottage_cheese,gram-only ingredient should get an approximate household measure in the fix stage,"зерненый творог — 14,2 г",Add an approximate measure only after product/content review.
warning,missing_approximate_measures,gram_only_user_hostile_measure,143,r143_venetsianskoe_rizotto_s_krevetochnym_bulonom,Венецианское ризотто с креветочным бульоном,1,shrimp,gram-only ingredient should get an approximate household measure in the fix stage,"сырые крупные креветки в панцире — 112,5 г",Add an approximate measure only after product/content review.
warning,missing_approximate_measures,gram_only_user_hostile_measure,149,r149_pasta_s_shafranom_midiyami_grebeshkami_i_krevetkami,"Паста с шафраном, мидиями, гребешками и креветками",2,whole_wheat_pasta,gram-only ingredient should get an approximate household measure in the fix stage,длинные фузилли или другая паста или другая длинная тонкая паста — 100 г,Add an approximate measure only after product/content review.
warning,missing_approximate_measures,gram_only_user_hostile_measure,173,r173_ovoschnaya_lazanya_s_tsukini_shpinatom_i_tvorozhnoy_na,"Овощная лазанья с цукини, шпинатом и творожной начинкой",12,cottage_cheese,gram-only ingredient should get an approximate household measure in the fix stage,"зерненый творог — 56,2 г",Add an approximate measure only after product/content review.
warning,missing_approximate_measures,gram_only_user_hostile_measure,178,r178_kremovaya_tselnozernovaya_pasta_s_pesto_i_keylom,Кремовая цельнозерновая паста с песто и кейлом,4,whole_wheat_pasta,gram-only ingredient should get an approximate household measure in the fix stage,цельнозерновая паста — 75 г,Add an approximate measure only after product/content review.
warning,missing_approximate_measures,gram_only_user_hostile_measure,179,r179_myasnaya_lazanya_s_rikottoy_i_tomatami,Мясная лазанья с рикоттой и томатами,6,tomato,gram-only ingredient should get an approximate household measure in the fix stage,"томатный соус — 0,17 банки по 185 г",Add an approximate measure only after product/content review.
warning,missing_approximate_measures,gram_only_user_hostile_measure,179,r179_myasnaya_lazanya_s_rikottoy_i_tomatami,Мясная лазанья с рикоттой и томатами,7,tomato_paste,gram-only ingredient should get an approximate household measure in the fix stage,"томатная паста — 0,17 банки по 170 г",Add an approximate measure only after product/content review.
warning,missing_approximate_measures,gram_only_user_hostile_measure,179,r179_myasnaya_lazanya_s_rikottoy_i_tomatami,Мясная лазанья с рикоттой и томатами,17,ricotta,gram-only ingredient should get an approximate household measure in the fix stage,"рикотта — 37,5 г",Add an approximate measure only after product/content review.
warning,missing_approximate_measures,gram_only_user_hostile_measure,183,r183_kurinyy_biryani_s_izyumom_i_mindalem,Куриный бирьяни с изюмом и миндалем,9,thai_curry_paste,gram-only ingredient should get an approximate household measure in the fix stage,паста балти карри или мягкая индийская карри-паста — 15 г,Add an approximate measure only after product/content review.
warning,missing_approximate_measures,gram_only_user_hostile_measure,210,r210_boul_s_kinoa_zapechennymi_ovoschami_i_pesto_iz_keyla,"Боул с киноа, запеченными овощами и песто из кейла",1,quinoa,gram-only ingredient should get an approximate household measure in the fix stage,Сырая киноа — 40 г,Add an approximate measure only after product/content review.
warning,missing_approximate_measures,gram_only_user_hostile_measure,213,r213_ovoschnoy_minestrone_s_beloy_fasolyu_i_pastoy,Овощной минестроне с белой фасолью и пастой,15,whole_wheat_pasta,gram-only ingredient should get an approximate household measure in the fix stage,мелкая паста — 25 г,Add an approximate measure only after product/content review.
warning,missing_approximate_measures,gram_only_user_hostile_measure,217,r217_tayskiy_zelenyy_karri_sup_s_udonom_i_krevetkami,Тайский зеленый карри-суп с удоном и креветками,4,shrimp,gram-only ingredient should get an approximate household measure in the fix stage,сырые очищенные креветки — 75 г,Add an approximate measure only after product/content review.
warning,missing_approximate_measures,gram_only_user_hostile_measure,222,r222_kurinaya_zapekanka_s_brokkoli_pastoy_i_mindalnoy_syrno,"Куриная запеканка с брокколи, пастой и миндальной сырной корочкой",1,whole_wheat_pasta,gram-only ingredient should get an approximate household measure in the fix stage,паста ракушки или перья — 90 г,Add an approximate measure only after product/content review.
warning,missing_approximate_measures,gram_only_user_hostile_measure,222,r222_kurinaya_zapekanka_s_brokkoli_pastoy_i_mindalnoy_syrno,"Куриная запеканка с брокколи, пастой и миндальной сырной корочкой",6,tomato,gram-only ingredient should get an approximate household measure in the fix stage,паста из вяленых томатов — 15 г,Add an approximate measure only after product/content review.
warning,missing_approximate_measures,gram_only_user_hostile_measure,222,r222_kurinaya_zapekanka_s_brokkoli_pastoy_i_mindalnoy_syrno,"Куриная запеканка с брокколи, пастой и миндальной сырной корочкой",7,greens,gram-only ingredient should get an approximate household measure in the fix stage,мягкий сыр с чесноком и зеленью — 20 г,Add an approximate measure only after product/content review.
warning,missing_approximate_measures,gram_only_user_hostile_measure,223,r223_kurinaya_zapekanka_kordon_blyu_s_brokkoli_i_fuzilli,Куриная запеканка кордон блю с брокколи и фузилли,9,cottage_cheese,gram-only ingredient should get an approximate household measure in the fix stage,сухие твороговочные сухари — 7 г,Add an approximate measure only after product/content review.
warning,missing_approximate_measures,gram_only_user_hostile_measure,224,r224_zapekanka_s_govyazhim_farshem_tsvetnoy_kapustoy_i_ched,"Запеканка с говяжьим фаршем, цветной капустой и чеддером",7,tomato,gram-only ingredient should get an approximate household measure in the fix stage,томатный соус — 65 г,Add an approximate measure only after product/content review.
warning,missing_approximate_measures,gram_only_user_hostile_measure,230,r230_tetratstsini_iz_indeyki_s_gribami_goroshkom_i_parmezan,"Тетраццини из индейки с грибами, горошком и пармезаном",16,cottage_cheese,gram-only ingredient should get an approximate household measure in the fix stage,твороговочные сухари — 15 г,Add an approximate measure only after product/content review.
warning,missing_approximate_measures,gram_only_user_hostile_measure,237,r237_salat_s_tuntsom_fasolyu_yablokom_i_fetoy,"Салат с тунцом, фасолью, яблоком и фетой",5,feta,gram-only ingredient should get an approximate household measure in the fix stage,Фета — 35 г,Add an approximate measure only after product/content review.
warning,missing_approximate_measures,gram_only_user_hostile_measure,240,r240_tunets_so_shpinatom_olivkami_fetoy_i_yogurtovoy_zaprav,"Тунец со шпинатом, оливками, фетой и йогуртовой заправкой",5,feta,gram-only ingredient should get an approximate household measure in the fix stage,Фета — 40 г,Add an approximate measure only after product/content review.
warning,missing_approximate_measures,gram_only_user_hostile_measure,245,r245_goanskoe_karri_s_krevetkami_kartofelem_i_kokosom,"Гоанское карри с креветками, картофелем и кокосом",15,shrimp,gram-only ingredient should get an approximate household measure in the fix stage,сырые очищенные креветки — 100 г,Add an approximate measure only after product/content review.
warning,missing_approximate_measures,gram_only_user_hostile_measure,246,r246_bystro_obzharennaya_govyadina_s_brokkoli_i_morkovyu,Быстро обжаренная говядина с брокколи и морковью,13,spaghetti,gram-only ingredient should get an approximate household measure in the fix stage,готовая паста тонкая паста капеллини или спагетти-сквош — 85 г,Add an approximate measure only after product/content review.
warning,missing_approximate_measures,gram_only_user_hostile_measure,252,r252_lavash_roll_s_kuritsey_i_ovoschami,Лаваш-ролл с курицей и овощами,3,cream_cheese,gram-only ingredient should get an approximate household measure in the fix stage,Творожный сыр — 45 г,Add an approximate measure only after product/content review.
warning,missing_approximate_measures,gram_only_user_hostile_measure,253,r253_tvorog_s_yagodami_i_gretskim_orehom,Творог с ягодами и грецким орехом,1,cottage_cheese,gram-only ingredient should get an approximate household measure in the fix stage,Творог 5% — 200 г,Add an approximate measure only after product/content review.
warning,missing_approximate_measures,gram_only_user_hostile_measure,256,r256_hlebtsy_s_lososem_i_tvorozhnym_syrom,Хлебцы с лососем и творожным сыром,3,cream_cheese,gram-only ingredient should get an approximate household measure in the fix stage,Творожный сыр — 45 г,Add an approximate measure only after product/content review.
warning,missing_approximate_measures,gram_only_user_hostile_measure,259,r259_kefirnyy_smuzi_s_tvorogom_i_bananom,Кефирный смузи с творогом и бананом,2,cottage_cheese,gram-only ingredient should get an approximate household measure in the fix stage,Творог 5% — 120 г,Add an approximate measure only after product/content review.
warning,missing_approximate_measures,gram_only_user_hostile_measure,261,r261_bystrye_syrniki_s_yogurtom,Быстрые сырники с йогуртом,1,cottage_cheese,gram-only ingredient should get an approximate household measure in the fix stage,Творог 5% — 180 г,Add an approximate measure only after product/content review.
warning,missing_approximate_measures,gram_only_user_hostile_measure,264,r264_tvorozhnyy_dip_s_semechkami_i_ovoschami,Творожный дип с семечками и овощами,1,cottage_cheese,gram-only ingredient should get an approximate household measure in the fix stage,Творог 5% — 180 г,Add an approximate measure only after product/content review.
warning,missing_approximate_measures,gram_only_user_hostile_measure,267,r267_hlebtsy_s_tvorogom_golubikoy_i_arahisovoy_pastoy,"Хлебцы с творогом, голубикой и арахисовой пастой",2,cottage_cheese,gram-only ingredient should get an approximate household measure in the fix stage,Творог 5% — 180 г,Add an approximate measure only after product/content review.
warning,missing_approximate_measures,gram_only_user_hostile_measure,268,r268_roll_s_indeykoy_tvorozhnym_syrom_i_ogurtsom,"Ролл с индейкой, творожным сыром и огурцом",3,cream_cheese,gram-only ingredient should get an approximate household measure in the fix stage,Творожный сыр — 45 г,Add an approximate measure only after product/content review.
warning,missing_approximate_measures,gram_only_user_hostile_measure,278,r278_tsatsiki_s_morkovyu_ogurtsom_pertsem_i_pitoy,"Цацики с морковью, огурцом, перцем и питой",2,cucumber,gram-only ingredient should get an approximate household measure in the fix stage,Огурец для соуса — 100 г,Add an approximate measure only after product/content review.
warning,missing_approximate_measures,gram_only_user_hostile_measure,284,r284_ogurechnye_tosty_s_rikottoy_i_zelenyu,Огуречные тосты с рикоттой и зеленью,8,ricotta,gram-only ingredient should get an approximate household measure in the fix stage,рикотта из цельного молока — 60 г,Add an approximate measure only after product/content review.
warning,missing_approximate_measures,gram_only_user_hostile_measure,288,r288_tost_s_indeykoy_tvorozhnym_syrom_i_inzhirom,"Тост с индейкой, творожным сыром и инжиром",3,cream_cheese,gram-only ingredient should get an approximate household measure in the fix stage,Творожный сыр — 45 г,Add an approximate measure only after product/content review.
warning,missing_approximate_measures,gram_only_user_hostile_measure,292,r292_omlet_s_tremya_syrami_i_zelenym_lukom,Омлет с тремя сырами и зеленым луком,2,cottage_cheese,gram-only ingredient should get an approximate household measure in the fix stage,Творог 5% — 60 г,Add an approximate measure only after product/content review.
warning,missing_approximate_measures,gram_only_user_hostile_measure,300,r300_omlet_s_bekonom_gaudoy_i_tvorozhnym_syrom,"Омлет с беконом, гаудой и творожным сыром",4,cream_cheese,gram-only ingredient should get an approximate household measure in the fix stage,Творожный сыр — 35 г,Add an approximate measure only after product/content review.
warning,missing_approximate_measures,gram_only_user_hostile_measure,301,r301_tvorog_s_bananom_i_orehom,Творог с бананом и орехом,1,cottage_cheese,gram-only ingredient should get an approximate household measure in the fix stage,Творог 5% — 200 г,Add an approximate measure only after product/content review.
warning,missing_approximate_measures,gram_only_user_hostile_measure,303,r303_ovsyanka_s_tvorogom_bananom_i_chernikoy,"Овсянка с творогом, бананом и черникой",3,cottage_cheese,gram-only ingredient should get an approximate household measure in the fix stage,Творог 5% — 120 г,Add an approximate measure only after product/content review.
warning,missing_approximate_measures,gram_only_user_hostile_measure,304,r304_tvorog_s_yablokom_izyumom_i_koritsey,"Творог с яблоком, изюмом и корицей",1,cottage_cheese,gram-only ingredient should get an approximate household measure in the fix stage,Творог 5% — 200 г,Add an approximate measure only after product/content review.
warning,missing_approximate_measures,gram_only_user_hostile_measure,310,r310_ovsyanyy_pankeyk_s_yablokom_na_kefire,Овсяный панкейк с яблоком на кефире,5,cottage_cheese,gram-only ingredient should get an approximate household measure in the fix stage,Творог 5% — 80 г,Add an approximate measure only after product/content review.
warning,missing_approximate_measures,gram_only_user_hostile_measure,318,r318_shokoladnyy_proteinovyy_sheyk_s_tvorogom,Шоколадный протеиновый шейк с творогом,2,cottage_cheese,gram-only ingredient should get an approximate household measure in the fix stage,Творог 5% — 150 г,Add an approximate measure only after product/content review.
warning,missing_approximate_measures,gram_only_user_hostile_measure,321,r321_tvorozhnyy_desert_v_banke_s_persikom_i_gretskim_orehom,Творожный десерт в банке с персиком и пеканом,1,cottage_cheese,gram-only ingredient should get an approximate household measure in the fix stage,низкожирный творог без соли — 120 г,Add an approximate measure only after product/content review.
warning,missing_approximate_measures,gram_only_user_hostile_measure,322,r322_tvorozhnaya_chasha_s_yagodami_gretskim_orehom_i_hrusty,"Творожная чаша с ягодами, грецким орехом и хрустящими хлопьями",1,cottage_cheese,gram-only ingredient should get an approximate household measure in the fix stage,низкожирный творог без соли — 110 г,Add an approximate measure only after product/content review.
warning,missing_approximate_measures,gram_only_user_hostile_measure,323,r323_tvorog_s_malinovym_medom_i_semechkami,Творог с малиновым медом и семечками,4,cottage_cheese,gram-only ingredient should get an approximate household measure in the fix stage,низкожирный творог — 110 г,Add an approximate measure only after product/content review.
warning,missing_approximate_measures,gram_only_user_hostile_measure,327,r327_klubnichnyy_chizkeyk_na_yogurte,Клубничный чизкейк на йогурте,2,cream_cheese,gram-only ingredient should get an approximate household measure in the fix stage,Творожный сыр — 50 г,Add an approximate measure only after product/content review.
warning,missing_approximate_measures,gram_only_user_hostile_measure,330,r330_tvorozhnyy_tiramisu_s_kofe,Творожный тирамису с кофе,1,cottage_cheese,gram-only ingredient should get an approximate household measure in the fix stage,Творог 5% — 180 г,Add an approximate measure only after product/content review.
warning,missing_approximate_measures,gram_only_user_hostile_measure,333,r333_hlebtsy_s_tvorogom_i_tuntsom,Хлебцы с творогом и тунцом,3,cottage_cheese,gram-only ingredient should get an approximate household measure in the fix stage,Творог 5% — 100 г,Add an approximate measure only after product/content review.
warning,missing_approximate_measures,gram_only_user_hostile_measure,341,r341_pechenoe_yabloko_s_tvorogom_i_izyumom,Печеное яблоко с творогом и изюмом,2,cottage_cheese,gram-only ingredient should get an approximate household measure in the fix stage,Творог 5% — 150 г,Add an approximate measure only after product/content review.
warning,missing_approximate_measures,gram_only_user_hostile_measure,343,r343_yablochnye_dolki_s_tvorozhno_arahisovym_dipom,Яблочные дольки с творожно-арахисовым дипом,2,cottage_cheese,gram-only ingredient should get an approximate household measure in the fix stage,Творог 5% — 160 г,Add an approximate measure only after product/content review.
warning,missing_approximate_measures,gram_only_user_hostile_measure,346,r346_mango_yogurtovyy_boul_s_tvorogom,Манго-йогуртовый боул с творогом,2,cottage_cheese,gram-only ingredient should get an approximate household measure in the fix stage,Творог 5% — 150 г,Add an approximate measure only after product/content review.
warning,missing_approximate_measures,gram_only_user_hostile_measure,356,r356_pita_s_humusom_morkovyu_kartofelem_i_fetoy,"Пита с хумусом, морковью, картофелем и фетой",5,feta,gram-only ingredient should get an approximate household measure in the fix stage,Фета — 40 г,Add an approximate measure only after product/content review.
warning,missing_approximate_measures,gram_only_user_hostile_measure,360,r360_ruletiki_iz_tortili_so_slivochno_pryanym_kremom_i_ovos,Рулетики из тортильи со сливочно-пряным кремом и овощами,2,ranch_seasoning,gram-only ingredient should get an approximate household measure in the fix stage,сухая смесь для заправки ранч-соус — 2 г,Add an approximate measure only after product/content review.
warning,missing_approximate_measures,gram_only_user_hostile_measure,361,r361_edamame_s_tvorogom_i_ogurtsom,Зеленый горошек с творогом и огурцом,2,cottage_cheese,gram-only ingredient should get an approximate household measure in the fix stage,Творог 5% — 150 г,Add an approximate measure only after product/content review.
warning,missing_approximate_measures,gram_only_user_hostile_measure,362,r362_tvorog_s_mindalem_izyumom_i_vozdushnoy_pshenitsey,"Творог с миндалем, изюмом и воздушной пшеницей",1,cottage_cheese,gram-only ingredient should get an approximate household measure in the fix stage,Творог 5% — 200 г,Add an approximate measure only after product/content review.
warning,missing_approximate_measures,gram_only_user_hostile_measure,372,r372_fruktovyy_tvorog_s_mango_kivi_i_yagodami,"Фруктовый творог с манго, киви и ягодами",1,cottage_cheese,gram-only ingredient should get an approximate household measure in the fix stage,Творог 5% — 200 г,Add an approximate measure only after product/content review.
warning,missing_approximate_measures,gram_only_user_hostile_measure,373,r373_klubnichno_bananovyy_kefirnyy_smuzi_s_tvorogom,Клубнично-банановый кефирный смузи с творогом,2,cottage_cheese,gram-only ingredient should get an approximate household measure in the fix stage,Творог 5% — 140 г,Add an approximate measure only after product/content review.
warning,missing_approximate_measures,gram_only_user_hostile_measure,377,r377_yagodnyy_tvorozhnyy_krem_s_limonom,Ягодный творожный крем с лимоном,1,cottage_cheese,gram-only ingredient should get an approximate household measure in the fix stage,Творог 5% — 200 г,Add an approximate measure only after product/content review.
warning,missing_approximate_measures,gram_only_user_hostile_measure,378,r378_shokoladno_bananovyy_tvorog,Шоколадно-банановый творог,1,cottage_cheese,gram-only ingredient should get an approximate household measure in the fix stage,Творог 5% — 200 г,Add an approximate measure only after product/content review.
warning,missing_approximate_measures,gram_only_user_hostile_measure,380,r380_persikovyy_tvorog_s_vanilyu,Персиковый творог с ванилью,1,cottage_cheese,gram-only ingredient should get an approximate household measure in the fix stage,Творог 5% — 200 г,Add an approximate measure only after product/content review.
warning,missing_approximate_measures,gram_only_user_hostile_measure,387,r387_tvorozhnaya_banochka_s_pertsem_hrustyaschim_nutom_i_ku,"Творожная баночка с перцем, хрустящим нутом и кунжутно-луковой приправой",1,cottage_cheese,gram-only ingredient should get an approximate household measure in the fix stage,низкосолевой творог 2% — 70 г,Add an approximate measure only after product/content review.
warning,missing_approximate_measures,gram_only_user_hostile_measure,388,r388_mini_pertsy_s_tvorozhnoy_nachinkoy_parmezanom_i_limono,"Мини-перцы с творожной начинкой, пармезаном и лимоном",2,cottage_cheese,gram-only ingredient should get an approximate household measure in the fix stage,Творог 5% — 150 г,Add an approximate measure only after product/content review.
warning,missing_approximate_measures,gram_only_user_hostile_measure,391,r391_grecheskiy_salat_s_kuritsey_ogurtsom_tomatami_olivkami,"Греческий салат с курицей, огурцом, томатами, оливками и фетой",5,feta,gram-only ingredient should get an approximate household measure in the fix stage,Фета — 45 г,Add an approximate measure only after product/content review.
warning,missing_approximate_measures,gram_only_user_hostile_measure,392,r392_balzamicheskiy_salat_s_ogurtsom_cherri_fetoy_i_olivkam,"Бальзамический салат с курицей, огурцом, черри, фетой и оливками",4,feta,gram-only ingredient should get an approximate household measure in the fix stage,Фета — 45 г,Add an approximate measure only after product/content review.
warning,missing_approximate_measures,gram_only_user_hostile_measure,394,r394_mini_salat_s_tomatami_ogurtsom_bazilikom_i_fetoy,"Мини-салат с томатами, огурцом, базиликом и фетой",3,feta,gram-only ingredient should get an approximate household measure in the fix stage,Фета — 50 г,Add an approximate measure only after product/content review.
warning,missing_approximate_measures,gram_only_user_hostile_measure,396,r396_chashechki_iz_salata_s_chernoy_fasolyu_avokado_halapen,"Чашечки из салата с черной фасолью, авокадо, халапеньо и фетой",4,feta,gram-only ingredient should get an approximate household measure in the fix stage,Фета — 45 г,Add an approximate measure only after product/content review.
warning,missing_approximate_measures,gram_only_user_hostile_measure,402,r402_tvorog_s_yaytsom_na_skovorode,Творог с яйцом на сковороде,1,cottage_cheese,gram-only ingredient should get an approximate household measure in the fix stage,творог 2-5% (размять) — 60 г,Add an approximate measure only after product/content review.
warning,missing_approximate_measures,gram_only_user_hostile_measure,403,r403_omlet_s_tvorogom_i_zelenyu,Омлет с творогом и зеленью,2,cottage_cheese,gram-only ingredient should get an approximate household measure in the fix stage,творог — 80 г,Add an approximate measure only after product/content review.
warning,missing_approximate_measures,gram_only_user_hostile_measure,408,r408_sendvich_s_tvorozhnym_sousom,Сэндвич с творожным соусом,2,cottage_cheese,gram-only ingredient should get an approximate household measure in the fix stage,творог мягкий 2-5% — 100 г,Add an approximate measure only after product/content review.
warning,missing_approximate_measures,gram_only_user_hostile_measure,409,r409_rikotta_s_fruktami,Рикотта с фруктами,1,ricotta,gram-only ingredient should get an approximate household measure in the fix stage,рикотта или мягкий творог — 120 г,Add an approximate measure only after product/content review.
warning,missing_approximate_measures,gram_only_user_hostile_measure,419,r419_salat_s_tuntsom_yaytsom_fasolyu_i_ovoschami,"Салат с тунцом, яйцом, фасолью и овощами",7,sour_cream,gram-only ingredient should get an approximate household measure in the fix stage,сметана (для соуса) — 20 г,Add an approximate measure only after product/content review.
warning,missing_approximate_measures,gram_only_user_hostile_measure,420,r420_lenivyy_hachapuri_po_adzharski,Ленивый хачапури по-аджарски,1,cottage_cheese,gram-only ingredient should get an approximate household measure in the fix stage,творог 2-5% (хорошо размять) — 150 г,Add an approximate measure only after product/content review.
warning,missing_approximate_measures,gram_only_user_hostile_measure,423,r423_ovsyanaya_kasha_s_tomatami_zelenym_goroshkom_i_rikotto,"Овсяная каша с томатами, зелёным горошком и рикоттой",5,ricotta,gram-only ingredient should get an approximate household measure in the fix stage,рикотта или мягкий творог — 50 г,Add an approximate measure only after product/content review.
warning,missing_approximate_measures,gram_only_user_hostile_measure,429,r429_belkovyy_salat_s_kuritsey,Белковый салат с курицей,4,parmesan,gram-only ingredient should get an approximate household measure in the fix stage,сыр пармезан — 50 г,Add an approximate measure only after product/content review.
warning,missing_approximate_measures,gram_only_user_hostile_measure,432,r432_salat_s_pomidorami_krasnoe_more,Салат с помидорами «Красное море»,3,gouda,gram-only ingredient should get an approximate household measure in the fix stage,сыр гауда (натереть) — 35 г,Add an approximate measure only after product/content review.
warning,missing_approximate_measures,gram_only_user_hostile_measure,433,r433_shokoladnyy_pp_desert_s_bananom_v_mikrovolnovke,Шоколадный ПП-десерт с бананом в микроволновке,4,greek_yogurt,gram-only ingredient should get an approximate household measure in the fix stage,йогурт натуральный (для соуса) — 50 г,Add an approximate measure only after product/content review.
warning,missing_approximate_measures,gram_only_user_hostile_measure,433,r433_shokoladnyy_pp_desert_s_bananom_v_mikrovolnovke,Шоколадный ПП-десерт с бананом в микроволновке,5,honey,gram-only ingredient should get an approximate household measure in the fix stage,мед (для соуса) — 8 г,Add an approximate measure only after product/content review.
warning,missing_approximate_measures,gram_only_user_hostile_measure,437,r437_tvorog_s_medom_i_fruktami,Творог с мёдом и фруктами,1,cottage_cheese,gram-only ingredient should get an approximate household measure in the fix stage,творог 2-5% — 180 г,Add an approximate measure only after product/content review.
warning,missing_approximate_measures,gram_only_user_hostile_measure,444,r444_tvorog_s_ukropom_s_tselnozernovym_hlebom,Творог с укропом с цельнозерновым хлебом,1,cottage_cheese,gram-only ingredient should get an approximate household measure in the fix stage,творог 5% — 110 г,Add an approximate measure only after product/content review.
warning,missing_approximate_measures,gram_only_user_hostile_measure,445,r445_tvorog_s_ukropom_i_hlebtsami,Творог с укропом и хлебцами,1,cottage_cheese,gram-only ingredient should get an approximate household measure in the fix stage,творог 5% — 110 г,Add an approximate measure only after product/content review.
warning,missing_approximate_measures,gram_only_user_hostile_measure,446,r446_tvorog_s_ukropom_i_morkovnymi_palochkami,Творог с укропом и морковными палочками,1,cottage_cheese,gram-only ingredient should get an approximate household measure in the fix stage,творог 5% — 110 г,Add an approximate measure only after product/content review.
warning,missing_approximate_measures,gram_only_user_hostile_measure,460,r460_makarony_s_yaytsom_i_syrom,Макароны с яйцом и сыром,1,whole_wheat_pasta,gram-only ingredient should get an approximate household measure in the fix stage,цельнозерновая паста — 60 г,Add an approximate measure only after product/content review.
warning,missing_approximate_measures,gram_only_user_hostile_measure,466,r466_shaurma_iz_morkovi,Шаурма из моркови,3,gouda,gram-only ingredient should get an approximate household measure in the fix stage,сыр гауда (натереть) — 50 г,Add an approximate measure only after product/content review.
warning,missing_approximate_measures,gram_only_user_hostile_measure,467,r467_pirozhki_s_yaytsom_i_tvorogom,Пирожки с яйцом и творогом,1,cottage_cheese,gram-only ingredient should get an approximate household measure in the fix stage,творог обезжиренный высокобелковый — 50 г,Add an approximate measure only after product/content review.
warning,missing_approximate_measures,gram_only_user_hostile_measure,476,r476_syrniki_na_kokosovoy_muke,Сырники на кокосовой муке,1,cottage_cheese,gram-only ingredient should get an approximate household measure in the fix stage,творог — 130 г,Add an approximate measure only after product/content review.
warning,missing_approximate_measures,gram_only_user_hostile_measure,490,r490_buterbrod_s_vetchinoy_i_omletom,Бутерброд с ветчиной и омлетом,4,cream_cheese,gram-only ingredient should get an approximate household measure in the fix stage,сливочный сыр — 50 г,Add an approximate measure only after product/content review.
warning,missing_approximate_measures,gram_only_user_hostile_measure,493,r493_shaurma_s_falafelem,Шаурма с фалафелем,8,greek_yogurt,gram-only ingredient should get an approximate household measure in the fix stage,греческий йогурт (для контролируемого соуса) — 30 г,Add an approximate measure only after product/content review.
warning,missing_approximate_measures,gram_only_user_hostile_measure,493,r493_shaurma_s_falafelem,Шаурма с фалафелем,10,lemon_juice,gram-only ingredient should get an approximate household measure in the fix stage,лимонный сок (для контролируемого соуса) — 5 г,Add an approximate measure only after product/content review.
warning,missing_approximate_measures,gram_only_user_hostile_measure,496,r496_karbonara_s_bekonom_i_slivkami,Карбонара с беконом и сливками,3,bacon,gram-only ingredient should get an approximate household measure in the fix stage,бекон сырокопченый (кусочками) — 60 г,Add an approximate measure only after product/content review.
warning,missing_approximate_measures,gram_only_user_hostile_measure,499,r499_pasta_s_krevetkami_i_sousom_pesto,Паста с креветками и соусом песто,1,whole_wheat_pasta,gram-only ingredient should get an approximate household measure in the fix stage,длинная паста — 80 г,Add an approximate measure only after product/content review.
warning,missing_approximate_measures,gram_only_user_hostile_measure,500,r500_pasta_boloneze,Паста болоньезе,1,whole_wheat_pasta,gram-only ingredient should get an approximate household measure in the fix stage,цельнозерновая паста — 100 г,Add an approximate measure only after product/content review.
warning,missing_approximate_measures,gram_only_user_hostile_measure,501,r501_pasta_s_kurinym_file_v_ostrom_tomatnom_souse,Паста с куриным филе в остром томатном соусе,1,whole_wheat_pasta,gram-only ingredient should get an approximate household measure in the fix stage,цельнозерновая паста — 100 г,Add an approximate measure only after product/content review.
warning,missing_approximate_measures,gram_only_user_hostile_measure,502,r502_pasta_s_lososem_i_shpinatom_v_slivochnom_souse,Паста с лососем и шпинатом в сливочном соусе,1,whole_wheat_pasta,gram-only ingredient should get an approximate household measure in the fix stage,цельнозерновая паста — 100 г,Add an approximate measure only after product/content review.
warning,missing_approximate_measures,gram_only_user_hostile_measure,502,r502_pasta_s_lososem_i_shpinatom_v_slivochnom_souse,Паста с лососем и шпинатом в сливочном соусе,5,cream_cheese,gram-only ingredient should get an approximate household measure in the fix stage,творожный сыр — 35 г,Add an approximate measure only after product/content review.
warning,missing_approximate_measures,gram_only_user_hostile_measure,504,r504_makarony_po_flotski,Макароны по-флотски,2,whole_wheat_pasta,gram-only ingredient should get an approximate household measure in the fix stage,цельнозерновая паста — 50 г,Add an approximate measure only after product/content review.
warning,missing_approximate_measures,gram_only_user_hostile_measure,509,r509_hlebtsy_s_avokado_i_lososem,Хлебцы с авокадо и лососем,4,cream_cheese,gram-only ingredient should get an approximate household measure in the fix stage,творожный сыр — 80 г,Add an approximate measure only after product/content review.
warning,missing_approximate_measures,gram_only_user_hostile_measure,512,r512_lavash_s_tvorogom_i_zelenyu,Лаваш с творогом и зеленью,2,cottage_cheese,gram-only ingredient should get an approximate household measure in the fix stage,творога — 200 г,Add an approximate measure only after product/content review.
warning,missing_approximate_measures,gram_only_user_hostile_measure,513,r513_syrniki_na_risovoy_muke,Сырники на рисовой муке,1,cottage_cheese,gram-only ingredient should get an approximate household measure in the fix stage,творога — 180 г,Add an approximate measure only after product/content review.
warning,missing_approximate_measures,gram_only_user_hostile_measure,517,r517_lavash_s_kuritsey_i_gribami,Лаваш с курицей и грибами,5,parmesan,gram-only ingredient should get an approximate household measure in the fix stage,твердый сыр — 40 г,Add an approximate measure only after product/content review.
warning,missing_approximate_measures,gram_only_user_hostile_measure,520,r520_pasta_s_kuritsey_v_tomatnom_souse,Паста с курицей в томатном соусе,1,whole_wheat_pasta,gram-only ingredient should get an approximate household measure in the fix stage,паста — 100 г,Add an approximate measure only after product/content review.
warning,missing_approximate_measures,gram_only_user_hostile_measure,526,r526_pasta_s_tuntsom_i_tomatami,Паста с тунцом и томатами,1,whole_wheat_pasta,gram-only ingredient should get an approximate household measure in the fix stage,паста — 100 г,Add an approximate measure only after product/content review.
warning,missing_approximate_measures,gram_only_user_hostile_measure,552,r552_meksikanskaya_zapekanka_s_risom_i_fasolyu,"Мексиканская запеканка с рисом, фасолью и говяжьим фаршем",6,gouda,gram-only ingredient should get an approximate household measure in the fix stage,сыр гауда — 40 г,Add an approximate measure only after product/content review.
warning,missing_approximate_measures,gram_only_user_hostile_measure,556,r556_kartofelnye_nokki,Картофельные ньокки,5,tomato,gram-only ingredient should get an approximate household measure in the fix stage,томаты в собственном соку — 120 г (без добавленного соуса),Add an approximate measure only after product/content review.
warning,missing_approximate_measures,gram_only_user_hostile_measure,556,r556_kartofelnye_nokki,Картофельные ньокки,6,gouda,gram-only ingredient should get an approximate household measure in the fix stage,сыр гауда — 40 г,Add an approximate measure only after product/content review.
warning,missing_approximate_measures,gram_only_user_hostile_measure,557,r557_pitstsa_na_osnove_iz_tsvetnoy_kapusty,Пицца на основе из цветной капусты,3,gouda,gram-only ingredient should get an approximate household measure in the fix stage,сыр гауда — 40 г,Add an approximate measure only after product/content review.
warning,missing_approximate_measures,gram_only_user_hostile_measure,557,r557_pitstsa_na_osnove_iz_tsvetnoy_kapusty,Пицца на основе из цветной капусты,4,tomato,gram-only ingredient should get an approximate household measure in the fix stage,томаты в собственном соку — 120 г (без добавленного соуса),Add an approximate measure only after product/content review.
warning,missing_approximate_measures,gram_only_user_hostile_measure,557,r557_pitstsa_na_osnove_iz_tsvetnoy_kapusty,Пицца на основе из цветной капусты,5,mozzarella,gram-only ingredient should get an approximate household measure in the fix stage,моцарелла — 40 г,Add an approximate measure only after product/content review.
warning,missing_approximate_measures,gram_only_user_hostile_measure,559,r559_ruletiki_iz_baklazhanov_s_myasom_i_syrom,Рулетики из баклажанов с говяжьим фаршем и сыром,3,tomato,gram-only ingredient should get an approximate household measure in the fix stage,томаты в собственном соку — 120 г (без добавленного соуса),Add an approximate measure only after product/content review.
warning,missing_approximate_measures,gram_only_user_hostile_measure,559,r559_ruletiki_iz_baklazhanov_s_myasom_i_syrom,Рулетики из баклажанов с говяжьим фаршем и сыром,4,gouda,gram-only ingredient should get an approximate household measure in the fix stage,сыр гауда — 40 г,Add an approximate measure only after product/content review.
warning,missing_approximate_measures,gram_only_user_hostile_measure,561,r561_kurinyy_burger_bez_bulki,Куриный бургер без булки,5,gouda,gram-only ingredient should get an approximate household measure in the fix stage,сыр гауда — 40 г,Add an approximate measure only after product/content review.
warning,missing_approximate_measures,gram_only_user_hostile_measure,561,r561_kurinyy_burger_bez_bulki,Куриный бургер без булки,7,greek_yogurt,gram-only ingredient should get an approximate household measure in the fix stage,йогурт — 40 г (для соуса),Add an approximate measure only after product/content review.
warning,missing_approximate_measures,gram_only_user_hostile_measure,562,r562_rizotto_s_tykvoy_i_tverdym_syrom,Ризотто с тыквой и твердым сыром,6,parmesan,gram-only ingredient should get an approximate household measure in the fix stage,твердый сыр — 40 г,Add an approximate measure only after product/content review.
warning,missing_approximate_measures,gram_only_user_hostile_measure,564,r564_enchilada_v_kukuruznyh_tortilyah,Энчилада в кукурузных тортильях,3,tomato,gram-only ingredient should get an approximate household measure in the fix stage,томаты в собственном соку — 120 г (без добавленного соуса),Add an approximate measure only after product/content review.
warning,missing_approximate_measures,gram_only_user_hostile_measure,564,r564_enchilada_v_kukuruznyh_tortilyah,Энчилада в кукурузных тортильях,5,gouda,gram-only ingredient should get an approximate household measure in the fix stage,сыр гауда — 40 г,Add an approximate measure only after product/content review.
warning,missing_approximate_measures,gram_only_user_hostile_measure,565,r565_kuritsa_s_pesto_i_kartofelem,Курица с песто и картофелем,5,gouda,gram-only ingredient should get an approximate household measure in the fix stage,сыр гауда — 40 г,Add an approximate measure only after product/content review.
warning,missing_approximate_measures,gram_only_user_hostile_measure,569,r569_pasta_s_tuntsom_olivkami_i_marinovannym_ogurtsom,"Паста с тунцом, оливками и маринованным огурцом",1,whole_wheat_pasta,gram-only ingredient should get an approximate household measure in the fix stage,паста — 65 г,Add an approximate measure only after product/content review.
warning,missing_approximate_measures,gram_only_user_hostile_measure,599,r599_lavash_s_syrom_i_pomidorom,Лаваш с сыром и помидором,2,gouda,gram-only ingredient should get an approximate household measure in the fix stage,сыр гауда — 50 г,Add an approximate measure only after product/content review.
warning,missing_approximate_measures,gram_only_user_hostile_measure,603,r603_tortilya_s_fasolyu_i_syrom,Тортилья с фасолью и сыром,3,gouda,gram-only ingredient should get an approximate household measure in the fix stage,сыр гауда — 40 г,Add an approximate measure only after product/content review.
warning,missing_approximate_measures,gram_only_user_hostile_measure,604,r604_lavash_s_humusom_zapechennym_pertsem_i_syrom,"Лаваш с хумусом, запечённым перцем и сыром",4,gouda,gram-only ingredient should get an approximate household measure in the fix stage,сыр гауда — 40 г,Add an approximate measure only after product/content review.
warning,missing_approximate_measures,gram_only_user_hostile_measure,605,r605_tvorog_s_solenoy_karamelyu_iz_finikov,Творог с солёной карамелью из фиников,1,cottage_cheese,gram-only ingredient should get an approximate household measure in the fix stage,творог — 200 г,Add an approximate measure only after product/content review.
warning,missing_approximate_measures,gram_only_user_hostile_measure,606,r606_lenivaya_pitstsa_na_lavashe,Ленивая пицца на лаваше,2,tomato,gram-only ingredient should get an approximate household measure in the fix stage,томаты в собственном соку — 120 г (без добавленного соуса),Add an approximate measure only after product/content review.
warning,missing_approximate_measures,gram_only_user_hostile_measure,610,r610_bystraya_pitstsa_na_hlebe,Быстрая пицца на хлебе,2,tomato,gram-only ingredient should get an approximate household measure in the fix stage,томаты в собственном соку — 120 г (без добавленного соуса),Add an approximate measure only after product/content review.
warning,missing_approximate_measures,gram_only_user_hostile_measure,642,r642_burrito_v_banke_s_fasolyu_i_yogurtom,Буррито в банке с фасолью и йогуртом,6,cheddar,gram-only ingredient should get an approximate household measure in the fix stage,сыр — 40 г,Add an approximate measure only after product/content review.
warning,missing_approximate_measures,gram_only_user_hostile_measure,645,r645_syrnye_palochki,Сырные палочки,1,mozzarella,gram-only ingredient should get an approximate household measure in the fix stage,моцарелла — 80 г,Add an approximate measure only after product/content review.
warning,missing_approximate_measures,gram_only_user_hostile_measure,647,r647_kesadilya_s_yablokom_i_chedderom,Кесадилья с яблоком и чеддером,2,cheddar,gram-only ingredient should get an approximate household measure in the fix stage,чеддер — 40 г,Add an approximate measure only after product/content review.
warning,missing_approximate_measures,gram_only_user_hostile_measure,652,r652_tosty_s_krasnoy_ryboy_i_avokado,Тосты с красной рыбой и авокадо,2,cream_cheese,gram-only ingredient should get an approximate household measure in the fix stage,сливочный сыр — 45 г,Add an approximate measure only after product/content review.
warning,missing_approximate_measures,gram_only_user_hostile_measure,653,r653_pasta_s_tuntsom_sparzhey_i_shpinatom,"Паста с тунцом, спаржей и шпинатом",1,whole_wheat_pasta,gram-only ingredient should get an approximate household measure in the fix stage,цельнозерновая паста — 80 г,Add an approximate measure only after product/content review.
warning,missing_approximate_measures,gram_only_user_hostile_measure,654,r654_kapellini_s_pesto_i_kuritsey,Капеллини с песто и курицей,1,whole_wheat_pasta,gram-only ingredient should get an approximate household measure in the fix stage,цельнозерновая паста — 80 г,Add an approximate measure only after product/content review.
